strategy,days,signals,closed,wins,win_rate,net,pnl_per_day,pf,max_dd,error
110,30,0,0,0,None,0,0.0,None,0.0,
110,60,0,0,0,None,0,0.0,None,0.0,
110,90,0,0,0,None,0,0.0,None,0.0,
110,120,0,0,0,None,0,0.0,None,0.0,
110,150,0,0,0,None,0,0.0,None,0.0,
110,365,0,0,0,None,0,0.0,None,0.0,
165,30,14,9,0,0.0,-24.349999999999998,-0.8116666666666666,0.0,24.349999999999998,
165,60,33,25,1,4.0,-3.1799999999999953,-0.05213114754098353,0.9410237388724033,29.569999999999997,
165,90,46,34,2,5.88235294117647,64.39999999999995,0.7076923076923072,1.9787234042553181,36.780000000000044,
165,120,66,47,5,10.638297872340425,290.63000000000034,2.382213114754101,4.4244138093554835,36.7799999999998,
165,150,77,53,5,9.433962264150944,277.77000000000027,1.8518000000000017,3.8422183566970207,36.77999999999983,
165,365,145,98,7,7.142857142857142,242.7400000000002,0.6650410958904115,2.239101582440022,61.62000000000002,
166,30,24,14,1,7.142857142857142,78.57999999999996,2.6193333333333317,6.604850213980028,13.820000000000036,
166,60,35,22,2,9.090909090909092,186.10000000000008,3.0508196721311487,13.068741893644615,13.819999999999908,
166,90,49,28,2,7.142857142857142,174.97000000000008,1.9227472527472538,7.590207156308854,13.819999999999908,
166,120,60,36,2,5.555555555555555,159.8400000000001,1.3101639344262301,4.834932821497121,27.45999999999999,
166,150,71,43,2,4.651162790697675,155.9500000000001,1.0396666666666674,4.422207592714504,31.349999999999987,
166,365,180,120,3,2.5,95.78999999999992,0.2624383561643833,1.7216362814524622,118.12000000000005,
172,30,15,9,0,0.0,-12.389999999999997,-0.4129999999999999,0.0,12.389999999999997,
172,60,26,19,0,0.0,-17.779999999999998,-0.2914754098360655,0.0,17.779999999999998,
172,90,39,30,1,3.3333333333333335,71.38999999999994,0.7845054945054939,3.9745833333333347,18.780000000000058,
172,120,60,43,4,9.30232558139535,301.99000000000035,2.475327868852462,8.103975535168196,18.779999999999745,
172,150,69,49,4,8.16326530612245,293.48000000000036,1.9565333333333357,6.752254018032136,21.729999999999997,
172,365,175,123,5,4.0650406504065035,270.4800000000003,0.7410410958904118,2.7729417933927674,71.54000000000005,
173,30,25,15,2,13.333333333333334,175.4600000000001,5.84866666666667,13.52391149179158,13.809999999999889,
173,60,40,27,3,11.11111111111111,217.8400000000001,3.571147540983608,7.382654556108994,20.12000000000001,
173,90,63,42,4,9.523809523809524,267.54000000000013,2.9400000000000013,6.117444529456769,20.120000000000033,
173,120,74,51,4,7.8431372549019605,253.8600000000001,2.0808196721311485,4.848696179502727,24.149999999999988,
173,150,81,57,4,7.017543859649122,249.6100000000001,1.6640666666666672,4.555191568152683,28.399999999999988,
173,365,182,135,5,3.7037037037037033,131.26000000000022,0.35961643835616497,1.6079384928905591,169.0599999999999,
176,30,67,50,3,6.0,11.79999999999999,0.393333333333333,1.0908321145408357,86.79000000000002,
176,60,117,84,7,8.333333333333332,131.6100000000002,2.1575409836065607,1.5774647887323952,86.78999999999982,
176,90,164,115,8,6.956521739130435,124.04000000000022,1.3630769230769255,1.3830878038234669,86.78999999999982,
176,120,195,134,11,8.208955223880597,278.1500000000005,2.279918032786889,1.7385820499203413,87.50999999999996,
176,150,240,159,12,7.547169811320755,243.38000000000034,1.6225333333333356,1.5157776506241143,95.27000000000002,
176,365,571,401,20,4.987531172069826,240.39000000000078,0.6586027397260296,1.234204655059866,320.4499999999996,
206,30,3,3,0,0.0,-6.18,-0.206,0.0,6.18,
206,60,11,11,0,0.0,-18.799999999999997,-0.30819672131147535,0.0,18.799999999999997,
206,90,18,18,0,0.0,-35.40999999999999,-0.389120879120879,0.0,35.40999999999999,
206,120,23,23,1,4.3478260869565215,26.18999999999996,0.21467213114754063,1.630780346820809,35.61000000000004,
206,150,30,30,2,6.666666666666667,53.45999999999999,0.3563999999999999,1.8664505672609393,35.61000000000001,
206,365,89,88,12,13.636363636363635,547.3799999999995,1.499671232876711,4.947072396884916,35.61000000000047,
218,30,0,0,0,None,0,0.0,None,0.0,
218,60,0,0,0,None,0,0.0,None,0.0,
218,90,0,0,0,None,0,0.0,None,0.0,
218,120,0,0,0,None,0,0.0,None,0.0,
218,150,0,0,0,None,0,0.0,None,0.0,
218,365,0,0,0,None,0,0.0,None,0.0,
224,30,3,3,0,0.0,-3.4699999999999998,-0.11566666666666665,0.0,3.4699999999999998,
224,60,5,5,0,0.0,-7.449999999999999,-0.1221311475409836,0.0,7.449999999999999,
224,90,7,7,0,0.0,-7.85,-0.08626373626373626,0.0,7.85,
224,120,11,11,1,9.090909090909092,-7.51,-0.06155737704918032,0.5866813428728676,10.32,
224,150,13,13,1,7.6923076923076925,-16.96999999999999,-0.11313333333333328,0.38581252262034027,19.779999999999998,
224,365,59,59,8,13.559322033898304,329.7100000000001,0.9033150684931509,4.805956366154911,19.779999999999973,
258,30,19,19,2,10.526315789473683,78.01999999999998,2.6006666666666662,6.027061855670104,6.640000000000015,
258,60,42,42,4,9.523809523809524,147.76000000000005,2.422295081967214,4.978459881529348,10.460000000000008,
258,90,68,68,6,8.823529411764707,186.99000000000004,2.0548351648351653,4.165566277298117,19.49000000000002,
258,120,85,85,6,7.0588235294117645,167.88000000000008,1.3760655737704925,3.147352264006137,23.86,
258,150,111,111,7,6.306306306306306,221.75000000000006,1.4783333333333337,2.8833871241719025,63.22000000000004,
258,365,225,225,14,6.222222222222222,454.55000000000035,1.2453424657534256,2.9006899435500784,63.219999999999914,
294,30,18,18,2,11.11111111111111,165.09000000000006,5.503000000000002,5.503273322422257,28.839999999999947,
294,60,34,34,3,8.823529411764707,305.2400000000001,5.0039344262295105,4.839979871681971,50.64999999999995,
294,90,53,53,3,5.660377358490567,262.7900000000001,2.887802197802199,3.155076267016564,50.650000000000006,
294,120,69,69,3,4.3478260869565215,219.98,1.8031147540983605,2.3352352048558425,85.26000000000003,
294,150,80,80,3,3.75,206.51999999999998,1.3767999999999998,2.158857527635935,98.72000000000004,
294,365,236,236,6,2.5423728813559325,228.61000000000033,0.6263287671232886,1.4824013504958882,267.7299999999997,
104,30,,4,0,0.0,-198.14000000000001,-6.604666666666668,0.0,198.14000000000001,
104,60,,6,0,0.0,-313.98,-5.2330000000000005,0.0,313.98,
104,90,,7,0,0.0,-372.24,-4.136,0.0,372.24,
104,120,,10,2,20.0,-71.19999999999996,-0.593333333333333,0.8630084272905684,372.24,
104,150,,11,3,27.27272727272727,268.56999999999994,1.7904666666666662,1.5167391388001692,372.24,
104,365,,39,13,33.33333333333333,802.3299999999996,2.1981643835616427,1.5585972582902254,423.89,
105,30,,10,6,60.0,4.67,0.15566666666666668,1.232453957192633,10.57,
105,60,,17,9,52.94117647058824,2.8499999999999996,0.047499999999999994,1.0684602450156135,19.560000000000002,
105,90,,23,11,47.82608695652174,2.3199999999999985,0.02577777777777776,1.0429868445432648,19.560000000000002,
105,120,,32,15,46.875,10.589999999999996,0.08824999999999997,1.1385944248135058,21.14,
105,150,,39,19,48.717948717948715,64.21,0.42806666666666665,1.6928139835994822,21.140000000000008,
105,365,,109,61,55.96330275229357,266.3900000000001,0.7298356164383565,2.3430977110013114,21.1399999999999,
106,30,,14,4,28.57142857142857,5.360000000000001,0.1786666666666667,1.0435382990821216,70.02,
106,60,,21,5,23.809523809523807,-64.08000000000001,-1.0680000000000003,0.7000140442863162,139.46,
106,90,,25,5,20.0,-118.88999999999996,-1.3209999999999995,0.5570747336264064,194.26999999999995,
106,120,,30,6,20.0,-147.12999999999997,-1.226083333333333,0.5576633996753052,222.50999999999996,
106,150,,37,8,21.62162162162162,126.53,0.8435333333333334,1.2962954289996254,222.51000000000002,
106,365,,96,33,34.375,655.6600000000002,1.7963287671232882,1.8000732153752288,222.50999999999988,
111,30,,26,0,0.0,-80.42000000000002,-2.680666666666667,0.0,80.42000000000002,
111,60,,32,0,0.0,-96.35,-1.6058333333333332,0.0,96.35,
111,90,,33,0,0.0,-100.08999999999999,-1.112111111111111,0.0,100.08999999999999,
111,120,,53,10,18.867924528301888,120.54999999999993,1.0045833333333327,1.7959197147761794,100.09000000000006,
111,150,,62,10,16.129032258064516,69.80000000000001,0.46533333333333343,1.3451856980366945,100.09,
111,365,,118,10,8.47457627118644,-109.64000000000004,-0.30038356164383573,0.7127210795231232,272.31,
