timestamp,rank,label,score,min_day,avg_day,min_pf,avg_sharpe,max_streak,scale_all,scaled_worst,days,fixed_per_day,fixed_pf,sharpe_like,max_losing_day_streak,worst_day,best_day,trade_units
2026-07-03 09:28:31,1,D[BCEGHIMNPR]+S634_S6932_S648,"(1, 1, -9.3914, -8481.87, 1.339, 0.235)",106.48,123.04,1.339,0.235,4,9.391,-8481.87,90,128.24,1.4,0.302,4,-698.17,1383.49,3253.0
2026-07-03 09:28:31,1,D[BCEGHIMNPR]+S634_S6932_S648,"(1, 1, -9.3914, -8481.87, 1.339, 0.235)",106.48,123.04,1.339,0.235,4,9.391,-8481.87,120,145.21,1.436,0.239,4,-709.81,4663.0,4155.0
2026-07-03 09:28:31,1,D[BCEGHIMNPR]+S634_S6932_S648,"(1, 1, -9.3914, -8481.87, 1.339, 0.235)",106.48,123.04,1.339,0.235,4,9.391,-8481.87,150,106.48,1.339,0.191,4,-709.81,4663.0,5185.0
2026-07-03 09:28:31,1,D[BCEGHIMNPR]+S634_S6932_S648,"(1, 1, -9.3914, -8481.87, 1.339, 0.235)",106.48,123.04,1.339,0.235,4,9.391,-8481.87,180,112.23,1.375,0.208,4,-903.15,4663.0,6147.0
2026-07-03 09:28:31,2,D[BCEGHIMNR]+S634_S6932_S648,"(1, 1, -9.4127, -8501.04, 1.348, 0.2345)",106.24,122.51,1.348,0.234,4,9.413,-8501.04,90,126.89,1.406,0.3,4,-648.92,1383.49,3141.0
2026-07-03 09:28:31,2,D[BCEGHIMNR]+S634_S6932_S648,"(1, 1, -9.4127, -8501.04, 1.348, 0.2345)",106.24,122.51,1.348,0.234,4,9.413,-8501.04,120,144.85,1.448,0.239,4,-709.81,4663.0,3990.0
2026-07-03 09:28:31,2,D[BCEGHIMNR]+S634_S6932_S648,"(1, 1, -9.4127, -8501.04, 1.348, 0.2345)",106.24,122.51,1.348,0.234,4,9.413,-8501.04,150,106.24,1.348,0.191,4,-709.81,4663.0,4970.0
2026-07-03 09:28:31,2,D[BCEGHIMNR]+S634_S6932_S648,"(1, 1, -9.4127, -8501.04, 1.348, 0.2345)",106.24,122.51,1.348,0.234,4,9.413,-8501.04,180,112.07,1.385,0.208,4,-903.15,4663.0,5907.0
2026-07-03 09:28:31,3,D[CEGHIMNPR]+S634_S6932_S648,"(1, 1, -9.494, -8637.8, 1.336, 0.2325)",105.33,121.67,1.336,0.232,4,9.494,-8637.8,90,126.21,1.395,0.298,4,-698.17,1383.49,3227.0
2026-07-03 09:28:31,3,D[CEGHIMNPR]+S634_S6932_S648,"(1, 1, -9.494, -8637.8, 1.336, 0.2325)",105.33,121.67,1.336,0.232,4,9.494,-8637.8,120,144.03,1.435,0.237,4,-723.0,4663.0,4122.0
2026-07-03 09:28:31,3,D[CEGHIMNPR]+S634_S6932_S648,"(1, 1, -9.494, -8637.8, 1.336, 0.2325)",105.33,121.67,1.336,0.232,4,9.494,-8637.8,150,105.33,1.336,0.189,4,-723.0,4663.0,5141.0
2026-07-03 09:28:31,3,D[CEGHIMNPR]+S634_S6932_S648,"(1, 1, -9.494, -8637.8, 1.336, 0.2325)",105.33,121.67,1.336,0.232,4,9.494,-8637.8,180,111.12,1.372,0.206,4,-909.82,4663.0,6098.0
2026-07-03 09:28:31,4,D[CEGHIMNR]+S634_S6932_S648,"(1, 1, -9.5157, -8657.53, 1.346, 0.2318)",105.09,121.14,1.346,0.232,4,9.516,-8657.53,90,124.86,1.401,0.295,4,-648.92,1383.49,3115.0
2026-07-03 09:28:31,4,D[CEGHIMNR]+S634_S6932_S648,"(1, 1, -9.5157, -8657.53, 1.346, 0.2318)",105.09,121.14,1.346,0.232,4,9.516,-8657.53,120,143.67,1.446,0.237,4,-723.0,4663.0,3957.0
2026-07-03 09:28:31,4,D[CEGHIMNR]+S634_S6932_S648,"(1, 1, -9.5157, -8657.53, 1.346, 0.2318)",105.09,121.14,1.346,0.232,4,9.516,-8657.53,150,105.09,1.346,0.189,4,-723.0,4663.0,4926.0
2026-07-03 09:28:31,4,D[CEGHIMNR]+S634_S6932_S648,"(1, 1, -9.5157, -8657.53, 1.346, 0.2318)",105.09,121.14,1.346,0.232,4,9.516,-8657.53,180,110.96,1.382,0.206,4,-909.82,4663.0,5858.0
2026-07-03 09:28:31,5,D[BCEHIMNPR]+S634_S6932_S648,"(1, 1, -9.532, -8784.1, 1.338, 0.2322)",104.91,121.13,1.338,0.232,4,9.532,-8784.1,90,124.89,1.395,0.297,4,-698.17,1334.27,3213.0
2026-07-03 09:28:31,5,D[BCEHIMNPR]+S634_S6932_S648,"(1, 1, -9.532, -8784.1, 1.338, 0.2322)",104.91,121.13,1.338,0.232,4,9.532,-8784.1,120,143.15,1.435,0.236,4,-709.81,4663.0,4112.0
2026-07-03 09:28:31,5,D[BCEHIMNPR]+S634_S6932_S648,"(1, 1, -9.532, -8784.1, 1.338, 0.2322)",104.91,121.13,1.338,0.232,4,9.532,-8784.1,150,104.91,1.338,0.189,4,-709.81,4663.0,5123.0
2026-07-03 09:28:31,5,D[BCEHIMNPR]+S634_S6932_S648,"(1, 1, -9.532, -8784.1, 1.338, 0.2322)",104.91,121.13,1.338,0.232,4,9.532,-8784.1,180,111.57,1.378,0.207,4,-921.54,4663.0,6070.0
2026-07-03 09:28:31,6,D[BCEHIMNR]+S634_S6932_S648,"(1, 1, -9.5538, -8804.24, 1.347, 0.232)",104.67,120.61,1.347,0.232,4,9.554,-8804.24,90,123.54,1.401,0.295,4,-648.92,1334.27,3101.0
2026-07-03 09:28:31,6,D[BCEHIMNR]+S634_S6932_S648,"(1, 1, -9.5538, -8804.24, 1.347, 0.232)",104.67,120.61,1.347,0.232,4,9.554,-8804.24,120,142.8,1.447,0.236,4,-709.81,4663.0,3947.0
2026-07-03 09:28:31,6,D[BCEHIMNR]+S634_S6932_S648,"(1, 1, -9.5538, -8804.24, 1.347, 0.232)",104.67,120.61,1.347,0.232,4,9.554,-8804.24,150,104.67,1.347,0.189,4,-709.81,4663.0,4908.0
2026-07-03 09:28:31,6,D[BCEHIMNR]+S634_S6932_S648,"(1, 1, -9.5538, -8804.24, 1.347, 0.232)",104.67,120.61,1.347,0.232,4,9.554,-8804.24,180,111.41,1.388,0.208,4,-921.54,4663.0,5830.0
2026-07-03 09:28:31,7,D[BCEGIMNPR]+S634_S6932_S648,"(1, 1, -9.5621, -8635.97, 1.336, 0.2303)",104.58,120.33,1.336,0.23,4,9.562,-8635.97,90,124.93,1.393,0.296,4,-698.17,1383.49,3216.0
2026-07-03 09:28:31,7,D[BCEGIMNPR]+S634_S6932_S648,"(1, 1, -9.5621, -8635.97, 1.336, 0.2303)",104.58,120.33,1.336,0.23,4,9.562,-8635.97,120,142.37,1.431,0.234,4,-756.56,4663.0,4101.0
2026-07-03 09:28:31,7,D[BCEGIMNPR]+S634_S6932_S648,"(1, 1, -9.5621, -8635.97, 1.336, 0.2303)",104.58,120.33,1.336,0.23,4,9.562,-8635.97,150,104.58,1.336,0.188,4,-756.56,4663.0,5124.0
2026-07-03 09:28:31,7,D[BCEGIMNPR]+S634_S6932_S648,"(1, 1, -9.5621, -8635.97, 1.336, 0.2303)",104.58,120.33,1.336,0.23,4,9.562,-8635.97,180,109.43,1.368,0.203,4,-903.15,4663.0,6069.0
2026-07-03 09:28:31,8,D[BCEGIMNR]+S634_S6932_S648,"(1, 1, -9.5841, -8655.84, 1.345, 0.2298)",104.34,119.8,1.345,0.23,4,9.584,-8655.84,90,123.58,1.399,0.293,4,-648.92,1383.49,3104.0
2026-07-03 09:28:31,8,D[BCEGIMNR]+S634_S6932_S648,"(1, 1, -9.5841, -8655.84, 1.345, 0.2298)",104.34,119.8,1.345,0.23,4,9.584,-8655.84,120,142.02,1.443,0.234,4,-756.56,4663.0,3936.0
2026-07-03 09:28:31,8,D[BCEGIMNR]+S634_S6932_S648,"(1, 1, -9.5841, -8655.84, 1.345, 0.2298)",104.34,119.8,1.345,0.23,4,9.584,-8655.84,150,104.34,1.345,0.188,4,-756.56,4663.0,4909.0
2026-07-03 09:28:31,8,D[BCEGIMNR]+S634_S6932_S648,"(1, 1, -9.5841, -8655.84, 1.345, 0.2298)",104.34,119.8,1.345,0.23,4,9.584,-8655.84,180,109.27,1.378,0.204,4,-903.15,4663.0,5829.0
2026-07-03 09:28:31,9,D[CEHIMNPR]+S634_S6932_S648,"(1, 1, -9.6376, -8945.74, 1.335, 0.2297)",103.76,119.76,1.335,0.23,4,9.638,-8945.74,90,122.86,1.39,0.293,4,-698.17,1334.27,3187.0
2026-07-03 09:28:31,9,D[CEHIMNPR]+S634_S6932_S648,"(1, 1, -9.6376, -8945.74, 1.335, 0.2297)",103.76,119.76,1.335,0.23,4,9.638,-8945.74,120,141.97,1.433,0.234,4,-723.0,4663.0,4079.0
2026-07-03 09:28:31,9,D[CEHIMNPR]+S634_S6932_S648,"(1, 1, -9.6376, -8945.74, 1.335, 0.2297)",103.76,119.76,1.335,0.23,4,9.638,-8945.74,150,103.76,1.335,0.187,4,-723.0,4663.0,5079.0
2026-07-03 09:28:31,9,D[CEHIMNPR]+S634_S6932_S648,"(1, 1, -9.6376, -8945.74, 1.335, 0.2297)",103.76,119.76,1.335,0.23,4,9.638,-8945.74,180,110.46,1.375,0.205,4,-928.21,4663.0,6021.0
2026-07-03 09:28:31,10,D[CEHIMNR]+S634_S6932_S648,"(1, 1, -9.66, -8966.48, 1.345, 0.229)",103.52,119.24,1.345,0.229,4,9.66,-8966.48,90,121.51,1.395,0.29,4,-648.92,1334.27,3075.0
2026-07-03 09:28:31,10,D[CEHIMNR]+S634_S6932_S648,"(1, 1, -9.66, -8966.48, 1.345, 0.229)",103.52,119.24,1.345,0.229,4,9.66,-8966.48,120,141.62,1.445,0.234,4,-723.0,4663.0,3914.0
2026-07-03 09:28:31,10,D[CEHIMNR]+S634_S6932_S648,"(1, 1, -9.66, -8966.48, 1.345, 0.229)",103.52,119.24,1.345,0.229,4,9.66,-8966.48,150,103.52,1.345,0.187,4,-723.0,4663.0,4864.0
2026-07-03 09:28:31,10,D[CEHIMNR]+S634_S6932_S648,"(1, 1, -9.66, -8966.48, 1.345, 0.229)",103.52,119.24,1.345,0.229,4,9.66,-8966.48,180,110.3,1.385,0.205,4,-928.21,4663.0,5781.0
2026-07-03 09:28:31,11,D[CEGIMNPR]+S634_S6932_S648,"(1, 1, -9.6684, -8796.48, 1.333, 0.2275)",103.43,118.96,1.333,0.228,4,9.668,-8796.48,90,122.9,1.388,0.291,4,-698.17,1383.49,3190.0
2026-07-03 09:28:31,11,D[CEGIMNPR]+S634_S6932_S648,"(1, 1, -9.6684, -8796.48, 1.333, 0.2275)",103.43,118.96,1.333,0.228,4,9.668,-8796.48,120,141.19,1.43,0.232,4,-769.75,4663.0,4068.0
2026-07-03 09:28:31,11,D[CEGIMNPR]+S634_S6932_S648,"(1, 1, -9.6684, -8796.48, 1.333, 0.2275)",103.43,118.96,1.333,0.228,4,9.668,-8796.48,150,103.43,1.333,0.186,4,-769.75,4663.0,5080.0
2026-07-03 09:28:31,11,D[CEGIMNPR]+S634_S6932_S648,"(1, 1, -9.6684, -8796.48, 1.333, 0.2275)",103.43,118.96,1.333,0.228,4,9.668,-8796.48,180,108.32,1.366,0.201,4,-909.82,4663.0,6020.0
2026-07-03 09:28:31,12,D[CEGIMNR]+S634_S6932_S648,"(1, 1, -9.6909, -8816.94, 1.342, 0.227)",103.19,118.44,1.342,0.227,4,9.691,-8816.94,90,121.55,1.394,0.289,4,-648.92,1383.49,3078.0
2026-07-03 09:28:31,12,D[CEGIMNR]+S634_S6932_S648,"(1, 1, -9.6909, -8816.94, 1.342, 0.227)",103.19,118.44,1.342,0.227,4,9.691,-8816.94,120,140.84,1.441,0.232,4,-769.75,4663.0,3903.0
2026-07-03 09:28:31,12,D[CEGIMNR]+S634_S6932_S648,"(1, 1, -9.6909, -8816.94, 1.342, 0.227)",103.19,118.44,1.342,0.227,4,9.691,-8816.94,150,103.19,1.342,0.186,4,-769.75,4663.0,4865.0
2026-07-03 09:28:31,12,D[CEGIMNR]+S634_S6932_S648,"(1, 1, -9.6909, -8816.94, 1.342, 0.227)",103.19,118.44,1.342,0.227,4,9.691,-8816.94,180,108.16,1.376,0.201,4,-909.82,4663.0,5780.0
2026-07-03 09:28:31,13,D[BCEIMNPR]+S634_S6932_S648,"(1, 1, -9.7078, -8946.12, 1.334, 0.228)",103.01,118.42,1.334,0.228,4,9.708,-8946.12,90,121.59,1.388,0.291,4,-698.17,1334.27,3176.0
2026-07-03 09:28:31,13,D[BCEIMNPR]+S634_S6932_S648,"(1, 1, -9.7078, -8946.12, 1.334, 0.228)",103.01,118.42,1.334,0.228,4,9.708,-8946.12,120,140.31,1.43,0.232,4,-756.56,4663.0,4058.0
2026-07-03 09:28:31,13,D[BCEIMNPR]+S634_S6932_S648,"(1, 1, -9.7078, -8946.12, 1.334, 0.228)",103.01,118.42,1.334,0.228,4,9.708,-8946.12,150,103.01,1.334,0.186,4,-756.56,4663.0,5062.0
2026-07-03 09:28:31,13,D[BCEIMNPR]+S634_S6932_S648,"(1, 1, -9.7078, -8946.12, 1.334, 0.228)",103.01,118.42,1.334,0.228,4,9.708,-8946.12,180,108.77,1.371,0.203,4,-921.54,4663.0,5992.0
2026-07-03 09:28:31,14,D[BCEIMNR]+S634_S6932_S648,"(1, 1, -9.7305, -8967.01, 1.344, 0.2273)",102.77,117.89,1.344,0.227,4,9.73,-8967.01,90,120.24,1.393,0.288,4,-648.92,1334.27,3064.0
2026-07-03 09:28:31,14,D[BCEIMNR]+S634_S6932_S648,"(1, 1, -9.7305, -8967.01, 1.344, 0.2273)",102.77,117.89,1.344,0.227,4,9.73,-8967.01,120,139.96,1.441,0.232,4,-756.56,4663.0,3893.0
2026-07-03 09:28:31,14,D[BCEIMNR]+S634_S6932_S648,"(1, 1, -9.7305, -8967.01, 1.344, 0.2273)",102.77,117.89,1.344,0.227,4,9.73,-8967.01,150,102.77,1.344,0.186,4,-756.56,4663.0,4847.0
2026-07-03 09:28:31,14,D[BCEIMNR]+S634_S6932_S648,"(1, 1, -9.7305, -8967.01, 1.344, 0.2273)",102.77,117.89,1.344,0.227,4,9.73,-8967.01,180,108.61,1.381,0.203,4,-921.54,4663.0,5752.0
2026-07-03 09:28:31,15,D[CEIMNPR]+S634_S6932_S648,"(1, 1, -9.8174, -9112.61, 1.332, 0.225)",101.86,117.05,1.332,0.225,4,9.817,-9112.61,90,119.55,1.383,0.286,4,-698.17,1334.27,3150.0
2026-07-03 09:28:31,15,D[CEIMNPR]+S634_S6932_S648,"(1, 1, -9.8174, -9112.61, 1.332, 0.225)",101.86,117.05,1.332,0.225,4,9.817,-9112.61,120,139.13,1.428,0.23,4,-769.75,4663.0,4025.0
2026-07-03 09:28:31,15,D[CEIMNPR]+S634_S6932_S648,"(1, 1, -9.8174, -9112.61, 1.332, 0.225)",101.86,117.05,1.332,0.225,4,9.817,-9112.61,150,101.86,1.332,0.184,4,-769.75,4663.0,5018.0
2026-07-03 09:28:31,15,D[CEIMNPR]+S634_S6932_S648,"(1, 1, -9.8174, -9112.61, 1.332, 0.225)",101.86,117.05,1.332,0.225,4,9.817,-9112.61,180,107.66,1.369,0.2,4,-928.21,4663.0,5943.0
2026-07-03 09:28:31,16,D[BCEGHIMNPR]+S634_S6924_S648,"(1, 1, -9.8328, -6979.45, 1.325, 0.2265)",101.7,117.17,1.325,0.227,4,9.833,-6979.45,90,121.39,1.383,0.291,4,-698.17,1383.49,3181.0
2026-07-03 09:28:31,16,D[BCEGHIMNPR]+S634_S6924_S648,"(1, 1, -9.8328, -6979.45, 1.325, 0.2265)",101.7,117.17,1.325,0.227,4,9.833,-6979.45,120,139.23,1.421,0.23,4,-709.81,4663.0,4075.0
2026-07-03 09:28:31,16,D[BCEGHIMNPR]+S634_S6924_S648,"(1, 1, -9.8328, -6979.45, 1.325, 0.2265)",101.7,117.17,1.325,0.227,4,9.833,-6979.45,150,101.7,1.325,0.184,4,-709.81,4663.0,5105.0
2026-07-03 09:28:31,16,D[BCEGHIMNPR]+S634_S6924_S648,"(1, 1, -9.8328, -6979.45, 1.325, 0.2265)",101.7,117.17,1.325,0.227,4,9.833,-6979.45,180,106.37,1.358,0.201,4,-709.81,4663.0,6035.0
2026-07-03 09:28:31,17,D[CEIMNR]+S634_S6932_S648,"(1, 1, -9.8416, -9135.03, 1.341, 0.2248)",101.61,116.52,1.341,0.225,4,9.842,-9135.03,90,118.2,1.388,0.284,4,-648.92,1334.27,3038.0
2026-07-03 09:28:31,17,D[CEIMNR]+S634_S6932_S648,"(1, 1, -9.8416, -9135.03, 1.341, 0.2248)",101.61,116.52,1.341,0.225,4,9.842,-9135.03,120,138.78,1.44,0.23,4,-769.75,4663.0,3860.0
2026-07-03 09:28:31,17,D[CEIMNR]+S634_S6932_S648,"(1, 1, -9.8416, -9135.03, 1.341, 0.2248)",101.61,116.52,1.341,0.225,4,9.842,-9135.03,150,101.61,1.341,0.184,4,-769.75,4663.0,4803.0
2026-07-03 09:28:31,17,D[CEIMNR]+S634_S6932_S648,"(1, 1, -9.8416, -9135.03, 1.341, 0.2248)",101.61,116.52,1.341,0.225,4,9.842,-9135.03,180,107.49,1.379,0.201,4,-928.21,4663.0,5703.0
2026-07-03 09:28:31,18,D[BCEGHIMNR]+S634_S6924_S648,"(1, 1, -9.8561, -6995.96, 1.334, 0.2263)",101.46,116.65,1.334,0.226,4,9.856,-6995.96,90,120.04,1.388,0.289,4,-648.92,1383.49,3069.0
2026-07-03 09:28:31,18,D[BCEGHIMNR]+S634_S6924_S648,"(1, 1, -9.8561, -6995.96, 1.334, 0.2263)",101.46,116.65,1.334,0.226,4,9.856,-6995.96,120,138.88,1.433,0.23,4,-709.81,4663.0,3910.0
2026-07-03 09:28:31,18,D[BCEGHIMNR]+S634_S6924_S648,"(1, 1, -9.8561, -6995.96, 1.334, 0.2263)",101.46,116.65,1.334,0.226,4,9.856,-6995.96,150,101.46,1.334,0.184,4,-709.81,4663.0,4890.0
2026-07-03 09:28:31,18,D[BCEGHIMNR]+S634_S6924_S648,"(1, 1, -9.8561, -6995.96, 1.334, 0.2263)",101.46,116.65,1.334,0.226,4,9.856,-6995.96,180,106.21,1.368,0.202,4,-709.81,4663.0,5795.0
2026-07-03 09:28:31,19,D[CEGHIMNPR]+S634_S6924_S648,"(1, 1, -9.9453, -7190.45, 1.323, 0.224)",100.55,115.8,1.323,0.224,4,9.945,-7190.45,90,119.35,1.378,0.287,4,-698.17,1383.49,3155.0
2026-07-03 09:28:31,19,D[CEGHIMNPR]+S634_S6924_S648,"(1, 1, -9.9453, -7190.45, 1.323, 0.224)",100.55,115.8,1.323,0.224,4,9.945,-7190.45,120,138.05,1.42,0.228,4,-723.0,4663.0,4042.0
2026-07-03 09:28:31,19,D[CEGHIMNPR]+S634_S6924_S648,"(1, 1, -9.9453, -7190.45, 1.323, 0.224)",100.55,115.8,1.323,0.224,4,9.945,-7190.45,150,100.55,1.323,0.182,4,-723.0,4663.0,5061.0
2026-07-03 09:28:31,19,D[CEGHIMNPR]+S634_S6924_S648,"(1, 1, -9.9453, -7190.45, 1.323, 0.224)",100.55,115.8,1.323,0.224,4,9.945,-7190.45,180,105.26,1.356,0.199,4,-723.0,4663.0,5986.0
2026-07-03 09:28:31,20,D[CEGHIMNR]+S634_S6924_S648,"(1, 1, -9.9691, -7207.66, 1.332, 0.2235)",100.31,115.28,1.332,0.224,4,9.969,-7207.66,90,118.01,1.383,0.285,4,-648.92,1383.49,3043.0
2026-07-03 09:28:31,20,D[CEGHIMNR]+S634_S6924_S648,"(1, 1, -9.9691, -7207.66, 1.332, 0.2235)",100.31,115.28,1.332,0.224,4,9.969,-7207.66,120,137.7,1.431,0.228,4,-723.0,4663.0,3877.0
2026-07-03 09:28:31,20,D[CEGHIMNR]+S634_S6924_S648,"(1, 1, -9.9691, -7207.66, 1.332, 0.2235)",100.31,115.28,1.332,0.224,4,9.969,-7207.66,150,100.31,1.332,0.182,4,-723.0,4663.0,4846.0
2026-07-03 09:28:31,20,D[CEGHIMNR]+S634_S6924_S648,"(1, 1, -9.9691, -7207.66, 1.332, 0.2235)",100.31,115.28,1.332,0.224,4,9.969,-7207.66,180,105.1,1.366,0.199,4,-723.0,4663.0,5746.0
2026-07-03 09:28:31,21,D[BCEHIMNPR]+S634_S6924_S648,"(1, 1, -9.987, -7088.88, 1.324, 0.2245)",100.13,115.27,1.324,0.225,4,9.987,-7088.88,90,118.04,1.377,0.287,4,-698.17,1334.27,3141.0
2026-07-03 09:28:31,21,D[BCEHIMNPR]+S634_S6924_S648,"(1, 1, -9.987, -7088.88, 1.324, 0.2245)",100.13,115.27,1.324,0.225,4,9.987,-7088.88,120,137.18,1.42,0.228,4,-709.81,4663.0,4032.0
2026-07-03 09:28:31,21,D[BCEHIMNPR]+S634_S6924_S648,"(1, 1, -9.987, -7088.88, 1.324, 0.2245)",100.13,115.27,1.324,0.225,4,9.987,-7088.88,150,100.13,1.324,0.182,4,-709.81,4663.0,5043.0
2026-07-03 09:28:31,21,D[BCEHIMNPR]+S634_S6924_S648,"(1, 1, -9.987, -7088.88, 1.324, 0.2245)",100.13,115.27,1.324,0.225,4,9.987,-7088.88,180,105.71,1.361,0.201,4,-709.81,4663.0,5958.0
2026-07-03 09:28:31,22,D[BCEHIMNR]+S634_S6924_S648,"(1, 1, -10.011, -7105.92, 1.333, 0.224)",99.89,114.74,1.333,0.224,4,10.011,-7105.92,90,116.69,1.382,0.285,4,-648.92,1334.27,3029.0
2026-07-03 09:28:31,22,D[BCEHIMNR]+S634_S6924_S648,"(1, 1, -10.011, -7105.92, 1.333, 0.224)",99.89,114.74,1.333,0.224,4,10.011,-7105.92,120,136.82,1.431,0.228,4,-709.81,4663.0,3867.0
2026-07-03 09:28:31,22,D[BCEHIMNR]+S634_S6924_S648,"(1, 1, -10.011, -7105.92, 1.333, 0.224)",99.89,114.74,1.333,0.224,4,10.011,-7105.92,150,99.89,1.333,0.182,4,-709.81,4663.0,4828.0
2026-07-03 09:28:31,22,D[BCEHIMNR]+S634_S6924_S648,"(1, 1, -10.011, -7105.92, 1.333, 0.224)",99.89,114.74,1.333,0.224,4,10.011,-7105.92,180,105.55,1.371,0.201,4,-709.81,4663.0,5718.0
2026-07-03 09:28:31,23,D[BCEGIMNPR]+S634_S6924_S648,"(1, 1, -10.02, -7580.76, 1.322, 0.2223)",99.8,114.46,1.322,0.222,4,10.02,-7580.76,90,118.08,1.375,0.285,4,-698.17,1383.49,3144.0
2026-07-03 09:28:31,23,D[BCEGIMNPR]+S634_S6924_S648,"(1, 1, -10.02, -7580.76, 1.322, 0.2223)",99.8,114.46,1.322,0.222,4,10.02,-7580.76,120,136.4,1.416,0.226,4,-756.56,4663.0,4021.0
2026-07-03 09:28:31,23,D[BCEGIMNPR]+S634_S6924_S648,"(1, 1, -10.02, -7580.76, 1.322, 0.2223)",99.8,114.46,1.322,0.222,4,10.02,-7580.76,150,99.8,1.322,0.181,4,-756.56,4663.0,5044.0
2026-07-03 09:28:31,23,D[BCEGIMNPR]+S634_S6924_S648,"(1, 1, -10.02, -7580.76, 1.322, 0.2223)",99.8,114.46,1.322,0.222,4,10.02,-7580.76,180,103.57,1.352,0.197,4,-756.56,4663.0,5957.0
2026-07-03 09:28:31,24,D[BCEGIMNR]+S634_S6924_S648,"(1, 1, -10.0442, -7599.04, 1.331, 0.2218)",99.56,113.94,1.331,0.222,4,10.044,-7599.04,90,116.73,1.381,0.283,4,-648.92,1383.49,3032.0
2026-07-03 09:28:31,24,D[BCEGIMNR]+S634_S6924_S648,"(1, 1, -10.0442, -7599.04, 1.331, 0.2218)",99.56,113.94,1.331,0.222,4,10.044,-7599.04,120,136.04,1.427,0.226,4,-756.56,4663.0,3856.0
2026-07-03 09:28:31,24,D[BCEGIMNR]+S634_S6924_S648,"(1, 1, -10.0442, -7599.04, 1.331, 0.2218)",99.56,113.94,1.331,0.222,4,10.044,-7599.04,150,99.56,1.331,0.181,4,-756.56,4663.0,4829.0
2026-07-03 09:28:31,24,D[BCEGIMNR]+S634_S6924_S648,"(1, 1, -10.0442, -7599.04, 1.331, 0.2218)",99.56,113.94,1.331,0.222,4,10.044,-7599.04,180,103.41,1.362,0.197,4,-756.56,4663.0,5717.0
2026-07-03 09:28:31,25,D[BCEGHIMNPR]+S634_S6932_S644,"(1, 1, -10.0543, -9080.53, 1.335, 0.2393)",99.46,114.05,1.335,0.239,4,10.054,-9080.53,90,118.09,1.392,0.29,4,-698.17,1621.25,3089.0
2026-07-03 09:28:31,25,D[BCEGHIMNPR]+S634_S6932_S644,"(1, 1, -10.0543, -9080.53, 1.335, 0.2393)",99.46,114.05,1.335,0.239,4,10.054,-9080.53,120,134.26,1.428,0.25,4,-698.17,3816.2,3955.0
2026-07-03 09:28:31,25,D[BCEGHIMNPR]+S634_S6932_S644,"(1, 1, -10.0543, -9080.53, 1.335, 0.2393)",99.46,114.05,1.335,0.239,4,10.054,-9080.53,150,99.46,1.335,0.201,4,-698.17,3816.2,4957.0
2026-07-03 09:28:31,25,D[BCEGHIMNPR]+S634_S6932_S644,"(1, 1, -10.0543, -9080.53, 1.335, 0.2393)",99.46,114.05,1.335,0.239,4,10.054,-9080.53,180,104.38,1.368,0.216,4,-903.15,3816.2,5867.0
2026-07-03 09:28:31,26,D[BCEGHIMNR]+S634_S6932_S644,"(1, 1, -10.0786, -9102.5, 1.345, 0.2387)",99.22,113.52,1.345,0.239,4,10.079,-9102.5,90,116.74,1.398,0.287,4,-643.4,1621.25,2977.0
2026-07-03 09:28:31,26,D[BCEGHIMNR]+S634_S6932_S644,"(1, 1, -10.0786, -9102.5, 1.345, 0.2387)",99.22,113.52,1.345,0.239,4,10.079,-9102.5,120,133.9,1.44,0.25,4,-643.4,3816.2,3790.0
2026-07-03 09:28:31,26,D[BCEGHIMNR]+S634_S6932_S644,"(1, 1, -10.0786, -9102.5, 1.345, 0.2387)",99.22,113.52,1.345,0.239,4,10.079,-9102.5,150,99.22,1.345,0.201,4,-658.57,3816.2,4742.0
2026-07-03 09:28:31,26,D[BCEGHIMNR]+S634_S6932_S644,"(1, 1, -10.0786, -9102.5, 1.345, 0.2387)",99.22,113.52,1.345,0.239,4,10.079,-9102.5,180,104.22,1.379,0.217,4,-903.15,3816.2,5627.0
2026-07-03 09:28:31,27,D[CEHIMNPR]+S634_S6924_S648,"(1, 1, -10.1031, -7304.51, 1.322, 0.222)",98.98,113.9,1.322,0.222,4,10.103,-7304.51,90,116.01,1.372,0.283,4,-698.17,1334.27,3115.0
2026-07-03 09:28:31,27,D[CEHIMNPR]+S634_S6924_S648,"(1, 1, -10.1031, -7304.51, 1.322, 0.222)",98.98,113.9,1.322,0.222,4,10.103,-7304.51,120,136.0,1.418,0.226,4,-723.0,4663.0,3999.0
2026-07-03 09:28:31,27,D[CEHIMNPR]+S634_S6924_S648,"(1, 1, -10.1031, -7304.51, 1.322, 0.222)",98.98,113.9,1.322,0.222,4,10.103,-7304.51,150,98.98,1.322,0.18,4,-723.0,4663.0,4999.0
2026-07-03 09:28:31,27,D[CEHIMNPR]+S634_S6924_S648,"(1, 1, -10.1031, -7304.51, 1.322, 0.222)",98.98,113.9,1.322,0.222,4,10.103,-7304.51,180,104.6,1.359,0.199,4,-723.0,4663.0,5909.0
2026-07-03 09:28:31,28,D[BCEHMNPR]+S634_S6932_S648,"(1, 1, -10.1061, -9821.42, 1.346, 0.229)",98.95,114.58,1.346,0.229,4,10.106,-9821.42,90,118.78,1.408,0.295,4,-698.17,1334.27,2909.0
2026-07-03 09:28:31,28,D[BCEHMNPR]+S634_S6932_S648,"(1, 1, -10.1061, -9821.42, 1.346, 0.229)",98.95,114.58,1.346,0.229,4,10.106,-9821.42,120,134.87,1.445,0.232,4,-698.17,4577.56,3687.0
2026-07-03 09:28:31,28,D[BCEHMNPR]+S634_S6932_S648,"(1, 1, -10.1061, -9821.42, 1.346, 0.229)",98.95,114.58,1.346,0.229,4,10.106,-9821.42,150,98.95,1.346,0.185,4,-698.17,4577.56,4593.0
2026-07-03 09:28:31,28,D[BCEHMNPR]+S634_S6932_S648,"(1, 1, -10.1061, -9821.42, 1.346, 0.229)",98.95,114.58,1.346,0.229,4,10.106,-9821.42,180,105.7,1.39,0.204,4,-971.83,4577.56,5432.0
2026-07-03 09:28:31,29,D[CEHIMNR]+S634_S6924_S648,"(1, 1, -10.1276, -7322.26, 1.331, 0.2213)",98.74,113.37,1.331,0.221,4,10.128,-7322.26,90,114.66,1.377,0.28,4,-648.92,1334.27,3003.0
2026-07-03 09:28:31,29,D[CEHIMNR]+S634_S6924_S648,"(1, 1, -10.1276, -7322.26, 1.331, 0.2213)",98.74,113.37,1.331,0.221,4,10.128,-7322.26,120,135.64,1.429,0.226,4,-723.0,4663.0,3834.0
2026-07-03 09:28:31,29,D[CEHIMNR]+S634_S6924_S648,"(1, 1, -10.1276, -7322.26, 1.331, 0.2213)",98.74,113.37,1.331,0.221,4,10.128,-7322.26,150,98.74,1.331,0.18,4,-723.0,4663.0,4784.0
2026-07-03 09:28:31,29,D[CEHIMNR]+S634_S6924_S648,"(1, 1, -10.1276, -7322.26, 1.331, 0.2213)",98.74,113.37,1.331,0.221,4,10.128,-7322.26,180,104.43,1.368,0.199,4,-723.0,4663.0,5669.0
2026-07-03 09:28:31,30,D[BCEHMNR]+S634_S6932_S648,"(1, 1, -10.1307, -9845.3, 1.357, 0.2283)",98.71,114.05,1.357,0.228,4,10.131,-9845.3,90,117.43,1.415,0.293,4,-643.4,1334.27,2797.0
2026-07-03 09:28:31,30,D[BCEHMNR]+S634_S6932_S648,"(1, 1, -10.1307, -9845.3, 1.357, 0.2283)",98.71,114.05,1.357,0.228,4,10.131,-9845.3,120,134.52,1.458,0.231,4,-696.08,4577.56,3522.0
2026-07-03 09:28:31,30,D[BCEHMNR]+S634_S6932_S648,"(1, 1, -10.1307, -9845.3, 1.357, 0.2283)",98.71,114.05,1.357,0.228,4,10.131,-9845.3,150,98.71,1.357,0.185,4,-696.08,4577.56,4378.0
2026-07-03 09:28:31,30,D[BCEHMNR]+S634_S6932_S648,"(1, 1, -10.1307, -9845.3, 1.357, 0.2283)",98.71,114.05,1.357,0.228,4,10.131,-9845.3,180,105.54,1.401,0.204,4,-971.83,4577.56,5192.0
2026-07-03 09:28:31,31,D[CEGIMNPR]+S634_S6924_S648,"(1, 1, -10.1368, -7802.84, 1.32, 0.2195)",98.65,113.09,1.32,0.219,4,10.137,-7802.84,90,116.05,1.37,0.281,4,-698.17,1383.49,3118.0
2026-07-03 09:28:31,31,D[CEGIMNPR]+S634_S6924_S648,"(1, 1, -10.1368, -7802.84, 1.32, 0.2195)",98.65,113.09,1.32,0.219,4,10.137,-7802.84,120,135.22,1.414,0.224,4,-769.75,4663.0,3988.0
2026-07-03 09:28:31,31,D[CEGIMNPR]+S634_S6924_S648,"(1, 1, -10.1368, -7802.84, 1.32, 0.2195)",98.65,113.09,1.32,0.219,4,10.137,-7802.84,150,98.65,1.32,0.179,4,-769.75,4663.0,5000.0
2026-07-03 09:28:31,31,D[CEGIMNPR]+S634_S6924_S648,"(1, 1, -10.1368, -7802.84, 1.32, 0.2195)",98.65,113.09,1.32,0.219,4,10.137,-7802.84,180,102.46,1.349,0.194,4,-769.75,4663.0,5908.0
2026-07-03 09:28:31,32,D[CEGIMNR]+S634_S6924_S648,"(1, 1, -10.1616, -7821.87, 1.329, 0.2188)",98.41,112.57,1.329,0.219,4,10.162,-7821.87,90,114.7,1.375,0.278,4,-648.92,1383.49,3006.0
2026-07-03 09:28:31,32,D[CEGIMNR]+S634_S6924_S648,"(1, 1, -10.1616, -7821.87, 1.329, 0.2188)",98.41,112.57,1.329,0.219,4,10.162,-7821.87,120,134.86,1.426,0.224,4,-769.75,4663.0,3823.0
2026-07-03 09:28:31,32,D[CEGIMNR]+S634_S6924_S648,"(1, 1, -10.1616, -7821.87, 1.329, 0.2188)",98.41,112.57,1.329,0.219,4,10.162,-7821.87,150,98.41,1.329,0.178,4,-769.75,4663.0,4785.0
2026-07-03 09:28:31,32,D[CEGIMNR]+S634_S6924_S648,"(1, 1, -10.1616, -7821.87, 1.329, 0.2188)",98.41,112.57,1.329,0.219,4,10.162,-7821.87,180,102.29,1.359,0.195,4,-769.75,4663.0,5668.0
2026-07-03 09:28:31,33,D[CEGHIMNPR]+S634_S6932_S644,"(1, 1, -10.1719, -9254.6, 1.332, 0.2365)",98.31,112.68,1.332,0.236,4,10.172,-9254.6,90,116.05,1.387,0.285,4,-698.17,1621.25,3063.0
2026-07-03 09:28:31,33,D[CEGHIMNPR]+S634_S6932_S644,"(1, 1, -10.1719, -9254.6, 1.332, 0.2365)",98.31,112.68,1.332,0.236,4,10.172,-9254.6,120,133.08,1.426,0.248,4,-698.17,3816.2,3922.0
2026-07-03 09:28:31,33,D[CEGHIMNPR]+S634_S6932_S644,"(1, 1, -10.1719, -9254.6, 1.332, 0.2365)",98.31,112.68,1.332,0.236,4,10.172,-9254.6,150,98.31,1.332,0.199,4,-698.17,3816.2,4913.0
2026-07-03 09:28:31,33,D[CEGHIMNPR]+S634_S6932_S644,"(1, 1, -10.1719, -9254.6, 1.332, 0.2365)",98.31,112.68,1.332,0.236,4,10.172,-9254.6,180,103.27,1.366,0.214,4,-909.82,3816.2,5818.0
2026-07-03 09:28:31,34,D[BCEGHIMNPR]+S6932_S648,"(1, 1, -10.1729, -8091.05, 1.324, 0.2215)",98.3,113.7,1.324,0.221,4,10.173,-8091.05,90,115.61,1.374,0.289,4,-698.17,1073.75,3085.0
2026-07-03 09:28:31,34,D[BCEGHIMNPR]+S6932_S648,"(1, 1, -10.1729, -8091.05, 1.324, 0.2215)",98.3,113.7,1.324,0.221,4,10.173,-8091.05,120,136.24,1.425,0.224,4,-709.81,4830.12,3947.0
2026-07-03 09:28:31,34,D[BCEGHIMNPR]+S6932_S648,"(1, 1, -10.1729, -8091.05, 1.324, 0.2215)",98.3,113.7,1.324,0.221,4,10.173,-8091.05,150,98.3,1.324,0.177,4,-709.81,4830.12,4921.0
2026-07-03 09:28:31,34,D[BCEGHIMNPR]+S6932_S648,"(1, 1, -10.1729, -8091.05, 1.324, 0.2215)",98.3,113.7,1.324,0.221,4,10.173,-8091.05,180,104.64,1.364,0.196,4,-795.35,4830.12,5823.0
2026-07-03 09:28:31,35,D[BCEIMNPR]+S634_S6924_S648,"(1, 1, -10.1802, -7701.92, 1.321, 0.22)",98.23,112.55,1.321,0.22,4,10.18,-7701.92,90,114.73,1.37,0.281,4,-698.17,1334.27,3104.0
2026-07-03 09:28:31,35,D[BCEIMNPR]+S634_S6924_S648,"(1, 1, -10.1802, -7701.92, 1.321, 0.22)",98.23,112.55,1.321,0.22,4,10.18,-7701.92,120,134.34,1.415,0.224,4,-756.56,4663.0,3978.0
2026-07-03 09:28:31,35,D[BCEIMNPR]+S634_S6924_S648,"(1, 1, -10.1802, -7701.92, 1.321, 0.22)",98.23,112.55,1.321,0.22,4,10.18,-7701.92,150,98.23,1.321,0.179,4,-756.56,4663.0,4982.0
2026-07-03 09:28:31,35,D[BCEIMNPR]+S634_S6924_S648,"(1, 1, -10.1802, -7701.92, 1.321, 0.22)",98.23,112.55,1.321,0.22,4,10.18,-7701.92,180,102.91,1.355,0.196,4,-756.56,4663.0,5880.0
2026-07-03 09:28:31,36,D[CEGHIMNR]+S634_S6932_S644,"(1, 1, -10.1968, -9277.25, 1.342, 0.236)",98.07,112.15,1.342,0.236,4,10.197,-9277.25,90,114.7,1.392,0.283,4,-643.4,1621.25,2951.0
2026-07-03 09:28:31,36,D[CEGHIMNR]+S634_S6932_S644,"(1, 1, -10.1968, -9277.25, 1.342, 0.236)",98.07,112.15,1.342,0.236,4,10.197,-9277.25,120,132.72,1.438,0.248,4,-643.4,3816.2,3757.0
2026-07-03 09:28:31,36,D[CEGHIMNR]+S634_S6932_S644,"(1, 1, -10.1968, -9277.25, 1.342, 0.236)",98.07,112.15,1.342,0.236,4,10.197,-9277.25,150,98.07,1.342,0.199,4,-658.57,3816.2,4698.0
2026-07-03 09:28:31,36,D[CEGHIMNR]+S634_S6932_S644,"(1, 1, -10.1968, -9277.25, 1.342, 0.236)",98.07,112.15,1.342,0.236,4,10.197,-9277.25,180,103.11,1.376,0.214,4,-909.82,3816.2,5578.0
2026-07-03 09:28:31,37,D[BCEGHIMNR]+S6932_S648,"(1, 1, -10.1978, -8110.85, 1.333, 0.221)",98.06,113.17,1.333,0.221,4,10.198,-8110.85,90,114.26,1.379,0.287,4,-648.92,1094.07,2973.0
2026-07-03 09:28:31,37,D[BCEGHIMNR]+S6932_S648,"(1, 1, -10.1978, -8110.85, 1.333, 0.221)",98.06,113.17,1.333,0.221,4,10.198,-8110.85,120,135.89,1.437,0.224,4,-709.81,4830.12,3782.0
2026-07-03 09:28:31,37,D[BCEGHIMNR]+S6932_S648,"(1, 1, -10.1978, -8110.85, 1.333, 0.221)",98.06,113.17,1.333,0.221,4,10.198,-8110.85,150,98.06,1.333,0.177,4,-709.81,4830.12,4706.0
2026-07-03 09:28:31,37,D[BCEGHIMNR]+S6932_S648,"(1, 1, -10.1978, -8110.85, 1.333, 0.221)",98.06,113.17,1.333,0.221,4,10.198,-8110.85,180,104.48,1.374,0.196,4,-795.35,4830.12,5583.0
2026-07-03 09:28:31,38,D[BCEIMNR]+S634_S6924_S648,"(1, 1, -10.2051, -7720.79, 1.33, 0.2193)",97.99,112.03,1.33,0.219,4,10.205,-7720.79,90,113.39,1.375,0.278,4,-648.92,1334.27,2992.0
2026-07-03 09:28:31,38,D[BCEIMNR]+S634_S6924_S648,"(1, 1, -10.2051, -7720.79, 1.33, 0.2193)",97.99,112.03,1.33,0.219,4,10.205,-7720.79,120,133.98,1.426,0.224,4,-756.56,4663.0,3813.0
2026-07-03 09:28:31,38,D[BCEIMNR]+S634_S6924_S648,"(1, 1, -10.2051, -7720.79, 1.33, 0.2193)",97.99,112.03,1.33,0.219,4,10.205,-7720.79,150,97.99,1.33,0.179,4,-756.56,4663.0,4767.0
2026-07-03 09:28:31,38,D[BCEIMNR]+S634_S6924_S648,"(1, 1, -10.2051, -7720.79, 1.33, 0.2193)",97.99,112.03,1.33,0.219,4,10.205,-7720.79,180,102.74,1.364,0.196,4,-756.56,4663.0,5640.0
2026-07-03 09:28:31,39,D[BCEHIMNPR]+S634_S6932_S644,"(1, 1, -10.2155, -9414.04, 1.334, 0.237)",97.89,112.14,1.334,0.237,4,10.216,-9414.04,90,114.74,1.386,0.285,4,-698.17,1572.03,3049.0
2026-07-03 09:28:31,39,D[BCEHIMNPR]+S634_S6932_S644,"(1, 1, -10.2155, -9414.04, 1.334, 0.237)",97.89,112.14,1.334,0.237,4,10.216,-9414.04,120,132.2,1.426,0.248,4,-698.17,3816.2,3912.0
2026-07-03 09:28:31,39,D[BCEHIMNPR]+S634_S6932_S644,"(1, 1, -10.2155, -9414.04, 1.334, 0.237)",97.89,112.14,1.334,0.237,4,10.216,-9414.04,150,97.89,1.334,0.199,4,-698.17,3816.2,4895.0
2026-07-03 09:28:31,39,D[BCEHIMNPR]+S634_S6932_S644,"(1, 1, -10.2155, -9414.04, 1.334, 0.237)",97.89,112.14,1.334,0.237,4,10.216,-9414.04,180,103.72,1.371,0.216,4,-921.54,3816.2,5790.0
2026-07-03 09:28:31,40,D[CEHMNPR]+S634_S6932_S648,"(1, 1, -10.2249, -10005.11, 1.344, 0.226)",97.8,113.21,1.344,0.226,4,10.225,-10005.11,90,116.74,1.403,0.291,4,-698.17,1334.27,2883.0
2026-07-03 09:28:31,40,D[CEHMNPR]+S634_S6932_S648,"(1, 1, -10.2249, -10005.11, 1.344, 0.226)",97.8,113.21,1.344,0.226,4,10.225,-10005.11,120,133.69,1.443,0.229,4,-709.27,4577.56,3654.0
2026-07-03 09:28:31,40,D[CEHMNPR]+S634_S6932_S648,"(1, 1, -10.2249, -10005.11, 1.344, 0.226)",97.8,113.21,1.344,0.226,4,10.225,-10005.11,150,97.8,1.344,0.183,4,-709.27,4577.56,4549.0
2026-07-03 09:28:31,40,D[CEHMNPR]+S634_S6932_S648,"(1, 1, -10.2249, -10005.11, 1.344, 0.226)",97.8,113.21,1.344,0.226,4,10.225,-10005.11,180,104.59,1.387,0.201,4,-978.5,4577.56,5383.0
2026-07-03 09:28:31,41,D[BCEHIMNR]+S634_S6932_S644,"(1, 1, -10.2407, -9437.17, 1.344, 0.236)",97.65,111.61,1.344,0.236,4,10.241,-9437.17,90,113.39,1.392,0.282,4,-643.4,1572.03,2937.0
2026-07-03 09:28:31,41,D[BCEHIMNR]+S634_S6932_S644,"(1, 1, -10.2407, -9437.17, 1.344, 0.236)",97.65,111.61,1.344,0.236,4,10.241,-9437.17,120,131.84,1.438,0.247,4,-643.4,3816.2,3747.0
2026-07-03 09:28:31,41,D[BCEHIMNR]+S634_S6932_S644,"(1, 1, -10.2407, -9437.17, 1.344, 0.236)",97.65,111.61,1.344,0.236,4,10.241,-9437.17,150,97.65,1.344,0.199,4,-658.57,3816.2,4680.0
2026-07-03 09:28:31,41,D[BCEHIMNR]+S634_S6932_S644,"(1, 1, -10.2407, -9437.17, 1.344, 0.236)",97.65,111.61,1.344,0.236,4,10.241,-9437.17,180,103.56,1.382,0.216,4,-921.54,3816.2,5550.0
2026-07-03 09:28:31,42,D[BCEGIMNPR]+S634_S6932_S644,"(1, 1, -10.2501, -9257.38, 1.331, 0.2345)",97.56,111.33,1.331,0.234,4,10.25,-9257.38,90,114.78,1.384,0.284,4,-698.17,1621.25,3052.0
2026-07-03 09:28:31,42,D[BCEGIMNPR]+S634_S6932_S644,"(1, 1, -10.2501, -9257.38, 1.331, 0.2345)",97.56,111.33,1.331,0.234,4,10.25,-9257.38,120,131.42,1.422,0.245,4,-698.17,3816.2,3901.0
2026-07-03 09:28:31,42,D[BCEGIMNPR]+S634_S6932_S644,"(1, 1, -10.2501, -9257.38, 1.331, 0.2345)",97.56,111.33,1.331,0.234,4,10.25,-9257.38,150,97.56,1.331,0.198,4,-698.17,3816.2,4896.0
2026-07-03 09:28:31,42,D[BCEGIMNPR]+S634_S6932_S644,"(1, 1, -10.2501, -9257.38, 1.331, 0.2345)",97.56,111.33,1.331,0.234,4,10.25,-9257.38,180,101.58,1.361,0.211,4,-903.15,3816.2,5789.0
2026-07-03 09:28:31,43,D[CEHMNR]+S634_S6932_S648,"(1, 1, -10.2501, -10029.73, 1.354, 0.2253)",97.56,112.68,1.354,0.225,4,10.25,-10029.73,90,115.4,1.409,0.288,4,-654.13,1334.27,2771.0
2026-07-03 09:28:31,43,D[CEHMNR]+S634_S6932_S648,"(1, 1, -10.2501, -10029.73, 1.354, 0.2253)",97.56,112.68,1.354,0.225,4,10.25,-10029.73,120,133.34,1.456,0.229,4,-709.27,4577.56,3489.0
2026-07-03 09:28:31,43,D[CEHMNR]+S634_S6932_S648,"(1, 1, -10.2501, -10029.73, 1.354, 0.2253)",97.56,112.68,1.354,0.225,4,10.25,-10029.73,150,97.56,1.354,0.183,4,-709.27,4577.56,4334.0
2026-07-03 09:28:31,43,D[CEHMNR]+S634_S6932_S648,"(1, 1, -10.2501, -10029.73, 1.354, 0.2253)",97.56,112.68,1.354,0.225,4,10.25,-10029.73,180,104.42,1.399,0.201,4,-978.5,4577.56,5143.0
2026-07-03 09:28:31,44,D[BEGHIMNPR]+S6932_S648,"(1, 1, -10.2743, -8171.68, 1.325, 0.218)",97.33,112.6,1.325,0.218,4,10.274,-8171.68,90,114.23,1.374,0.283,4,-693.68,1073.75,2994.0
2026-07-03 09:28:31,44,D[BEGHIMNPR]+S6932_S648,"(1, 1, -10.2743, -8171.68, 1.325, 0.218)",97.33,112.6,1.325,0.218,4,10.274,-8171.68,120,135.25,1.428,0.222,4,-709.81,4839.44,3829.0
2026-07-03 09:28:31,44,D[BEGHIMNPR]+S6932_S648,"(1, 1, -10.2743, -8171.68, 1.325, 0.218)",97.33,112.6,1.325,0.218,4,10.274,-8171.68,150,97.33,1.325,0.174,4,-709.81,4839.44,4775.0
2026-07-03 09:28:31,44,D[BEGHIMNPR]+S6932_S648,"(1, 1, -10.2743, -8171.68, 1.325, 0.218)",97.33,112.6,1.325,0.218,4,10.274,-8171.68,180,103.6,1.365,0.193,4,-795.35,4839.44,5652.0
2026-07-03 09:28:31,45,D[BCEGIMNR]+S634_S6932_S644,"(1, 1, -10.2754, -9280.21, 1.341, 0.2337)",97.32,110.81,1.341,0.234,4,10.275,-9280.21,90,113.43,1.39,0.281,4,-643.4,1621.25,2940.0
2026-07-03 09:28:31,45,D[BCEGIMNR]+S634_S6932_S644,"(1, 1, -10.2754, -9280.21, 1.341, 0.2337)",97.32,110.81,1.341,0.234,4,10.275,-9280.21,120,131.06,1.434,0.245,4,-643.4,3816.2,3736.0
2026-07-03 09:28:31,45,D[BCEGIMNR]+S634_S6932_S644,"(1, 1, -10.2754, -9280.21, 1.341, 0.2337)",97.32,110.81,1.341,0.234,4,10.275,-9280.21,150,97.32,1.341,0.198,4,-658.57,3816.2,4681.0
2026-07-03 09:28:31,45,D[BCEGIMNR]+S634_S6932_S644,"(1, 1, -10.2754, -9280.21, 1.341, 0.2337)",97.32,110.81,1.341,0.234,4,10.275,-9280.21,180,101.42,1.372,0.211,4,-903.15,3816.2,5549.0
2026-07-03 09:28:31,46,D[CEGHIMNPR]+S6932_S648,"(1, 1, -10.2934, -8255.48, 1.321, 0.219)",97.15,112.33,1.321,0.219,4,10.293,-8255.48,90,113.57,1.369,0.285,4,-698.17,1073.75,3059.0
2026-07-03 09:28:31,46,D[CEGHIMNPR]+S6932_S648,"(1, 1, -10.2934, -8255.48, 1.321, 0.219)",97.15,112.33,1.321,0.219,4,10.293,-8255.48,120,135.06,1.423,0.222,4,-723.0,4830.12,3914.0
2026-07-03 09:28:31,46,D[CEGHIMNPR]+S6932_S648,"(1, 1, -10.2934, -8255.48, 1.321, 0.219)",97.15,112.33,1.321,0.219,4,10.293,-8255.48,150,97.15,1.321,0.175,4,-723.0,4830.12,4877.0
2026-07-03 09:28:31,46,D[CEGHIMNPR]+S6932_S648,"(1, 1, -10.2934, -8255.48, 1.321, 0.219)",97.15,112.33,1.321,0.219,4,10.293,-8255.48,180,103.53,1.361,0.194,4,-802.02,4830.12,5774.0
2026-07-03 09:28:31,47,D[CEIMNPR]+S634_S6924_S648,"(1, 1, -10.3008, -7929.03, 1.318, 0.2172)",97.08,111.18,1.318,0.217,4,10.301,-7929.03,90,112.7,1.364,0.276,4,-698.17,1334.27,3078.0
2026-07-03 09:28:31,47,D[CEIMNPR]+S634_S6924_S648,"(1, 1, -10.3008, -7929.03, 1.318, 0.2172)",97.08,111.18,1.318,0.217,4,10.301,-7929.03,120,133.16,1.413,0.222,4,-769.75,4663.0,3945.0
2026-07-03 09:28:31,47,D[CEIMNPR]+S634_S6924_S648,"(1, 1, -10.3008, -7929.03, 1.318, 0.2172)",97.08,111.18,1.318,0.217,4,10.301,-7929.03,150,97.08,1.318,0.177,4,-769.75,4663.0,4938.0
2026-07-03 09:28:31,47,D[CEIMNPR]+S634_S6924_S648,"(1, 1, -10.3008, -7929.03, 1.318, 0.2172)",97.08,111.18,1.318,0.217,4,10.301,-7929.03,180,101.79,1.352,0.194,4,-769.75,4663.0,5831.0
2026-07-03 09:28:31,48,D[BCEMNPR]+S634_S6932_S648,"(1, 1, -10.305, -10014.74, 1.343, 0.2238)",97.04,111.86,1.343,0.224,4,10.305,-10014.74,90,115.47,1.4,0.288,4,-698.17,1334.27,2872.0
2026-07-03 09:28:31,48,D[BCEMNPR]+S634_S6932_S648,"(1, 1, -10.305, -10014.74, 1.343, 0.2238)",97.04,111.86,1.343,0.224,4,10.305,-10014.74,120,132.04,1.439,0.227,4,-742.83,4577.56,3633.0
2026-07-03 09:28:31,48,D[BCEMNPR]+S634_S6932_S648,"(1, 1, -10.305, -10014.74, 1.343, 0.2238)",97.04,111.86,1.343,0.224,4,10.305,-10014.74,150,97.04,1.343,0.182,4,-742.83,4577.56,4532.0
2026-07-03 09:28:31,48,D[BCEMNPR]+S634_S6932_S648,"(1, 1, -10.305, -10014.74, 1.343, 0.2238)",97.04,111.86,1.343,0.224,4,10.305,-10014.74,180,102.9,1.383,0.198,4,-971.83,4577.56,5354.0
2026-07-03 09:28:31,49,D[CEGHIMNR]+S6932_S648,"(1, 1, -10.3189, -8275.93, 1.331, 0.218)",96.91,111.81,1.331,0.218,4,10.319,-8275.93,90,112.23,1.374,0.282,4,-648.92,1094.07,2947.0
2026-07-03 09:28:31,49,D[CEGHIMNR]+S6932_S648,"(1, 1, -10.3189, -8275.93, 1.331, 0.218)",96.91,111.81,1.331,0.218,4,10.319,-8275.93,120,134.71,1.435,0.222,4,-723.0,4830.12,3749.0
2026-07-03 09:28:31,49,D[CEGHIMNR]+S6932_S648,"(1, 1, -10.3189, -8275.93, 1.331, 0.218)",96.91,111.81,1.331,0.218,4,10.319,-8275.93,150,96.91,1.331,0.174,4,-723.0,4830.12,4662.0
2026-07-03 09:28:31,49,D[CEGHIMNR]+S6932_S648,"(1, 1, -10.3189, -8275.93, 1.331, 0.218)",96.91,111.81,1.331,0.218,4,10.319,-8275.93,180,103.37,1.371,0.194,4,-802.02,4830.12,5534.0
2026-07-03 09:28:31,50,D[CEIMNR]+S634_S6924_S648,"(1, 1, -10.3263, -7948.68, 1.327, 0.2162)",96.84,110.66,1.327,0.216,4,10.326,-7948.68,90,111.35,1.369,0.274,4,-648.92,1334.27,2966.0
2026-07-03 09:28:31,50,D[CEIMNR]+S634_S6924_S648,"(1, 1, -10.3263, -7948.68, 1.327, 0.2162)",96.84,110.66,1.327,0.216,4,10.326,-7948.68,120,132.8,1.424,0.221,4,-769.75,4663.0,3780.0
2026-07-03 09:28:31,50,D[CEIMNR]+S634_S6924_S648,"(1, 1, -10.3263, -7948.68, 1.327, 0.2162)",96.84,110.66,1.327,0.216,4,10.326,-7948.68,150,96.84,1.327,0.176,4,-769.75,4663.0,4723.0
2026-07-03 09:28:31,50,D[CEIMNR]+S634_S6924_S648,"(1, 1, -10.3263, -7948.68, 1.327, 0.2162)",96.84,110.66,1.327,0.216,4,10.326,-7948.68,180,101.63,1.362,0.194,4,-769.75,4663.0,5591.0
2026-07-03 09:28:31,51,D[BCEMNR]+S634_S6932_S648,"(1, 1, -10.3306, -10039.57, 1.354, 0.223)",96.8,111.33,1.354,0.223,4,10.331,-10039.57,90,114.12,1.407,0.285,4,-687.69,1334.27,2760.0
2026-07-03 09:28:31,51,D[BCEMNR]+S634_S6932_S648,"(1, 1, -10.3306, -10039.57, 1.354, 0.223)",96.8,111.33,1.354,0.223,4,10.331,-10039.57,120,131.68,1.452,0.227,4,-742.83,4577.56,3468.0
2026-07-03 09:28:31,51,D[BCEMNR]+S634_S6932_S648,"(1, 1, -10.3306, -10039.57, 1.354, 0.223)",96.8,111.33,1.354,0.223,4,10.331,-10039.57,150,96.8,1.354,0.182,4,-742.83,4577.56,4317.0
2026-07-03 09:28:31,51,D[BCEMNR]+S634_S6932_S648,"(1, 1, -10.3306, -10039.57, 1.354, 0.223)",96.8,111.33,1.354,0.223,4,10.331,-10039.57,180,102.73,1.394,0.198,4,-971.83,4577.56,5114.0
2026-07-03 09:28:31,52,D[CEHIMNPR]+S634_S6932_S644,"(1, 1, -10.337, -9594.89, 1.331, 0.2337)",96.74,110.77,1.331,0.234,4,10.337,-9594.89,90,112.71,1.381,0.28,4,-698.17,1572.03,3023.0
2026-07-03 09:28:31,52,D[CEHIMNPR]+S634_S6932_S644,"(1, 1, -10.337, -9594.89, 1.331, 0.2337)",96.74,110.77,1.331,0.234,4,10.337,-9594.89,120,131.02,1.424,0.245,4,-698.17,3816.2,3879.0
2026-07-03 09:28:31,52,D[CEHIMNPR]+S634_S6932_S644,"(1, 1, -10.337, -9594.89, 1.331, 0.2337)",96.74,110.77,1.331,0.234,4,10.337,-9594.89,150,96.74,1.331,0.197,4,-698.17,3816.2,4851.0
2026-07-03 09:28:31,52,D[CEHIMNPR]+S634_S6932_S644,"(1, 1, -10.337, -9594.89, 1.331, 0.2337)",96.74,110.77,1.331,0.234,4,10.337,-9594.89,180,102.61,1.368,0.213,4,-928.21,3816.2,5741.0
2026-07-03 09:28:31,53,D[BCEHIMNPR]+S6932_S648,"(1, 1, -10.3381, -8412.49, 1.323, 0.2188)",96.73,111.79,1.323,0.219,4,10.338,-8412.49,90,112.26,1.368,0.284,4,-698.17,1073.75,3045.0
2026-07-03 09:28:31,53,D[BCEHIMNPR]+S6932_S648,"(1, 1, -10.3381, -8412.49, 1.323, 0.2188)",96.73,111.79,1.323,0.219,4,10.338,-8412.49,120,134.19,1.423,0.222,4,-709.81,4830.12,3904.0
2026-07-03 09:28:31,53,D[BCEHIMNPR]+S6932_S648,"(1, 1, -10.3381, -8412.49, 1.323, 0.2188)",96.73,111.79,1.323,0.219,4,10.338,-8412.49,150,96.73,1.323,0.174,4,-709.81,4830.12,4859.0
2026-07-03 09:28:31,53,D[BCEHIMNPR]+S6932_S648,"(1, 1, -10.3381, -8412.49, 1.323, 0.2188)",96.73,111.79,1.323,0.219,4,10.338,-8412.49,180,103.98,1.366,0.195,4,-813.74,4830.12,5746.0
2026-07-03 09:28:31,54,D[BCEGHIMNP]+S634_S6932_S648,"(1, 1, -10.3391, -10376.24, 1.402, 0.2207)",96.72,109.69,1.402,0.221,4,10.339,-10376.24,90,109.28,1.433,0.277,4,-1003.59,1100.2,2528.0
2026-07-03 09:28:31,54,D[BCEGHIMNP]+S634_S6932_S648,"(1, 1, -10.3391, -10376.24, 1.402, 0.2207)",96.72,109.69,1.402,0.221,4,10.339,-10376.24,120,127.59,1.496,0.219,4,-1003.59,4523.06,3307.0
2026-07-03 09:28:31,54,D[BCEGHIMNP]+S634_S6932_S648,"(1, 1, -10.3391, -10376.24, 1.402, 0.2207)",96.72,109.69,1.402,0.221,4,10.339,-10376.24,150,96.72,1.402,0.182,4,-1003.59,4523.06,4022.0
2026-07-03 09:28:31,54,D[BCEGHIMNP]+S634_S6932_S648,"(1, 1, -10.3391, -10376.24, 1.402, 0.2207)",96.72,109.69,1.402,0.221,4,10.339,-10376.24,180,105.17,1.451,0.205,4,-1003.59,4523.06,4866.0
2026-07-03 09:28:31,55,D[CEHIMNR]+S634_S6932_S644,"(1, 1, -10.3627, -9618.76, 1.341, 0.2332)",96.5,110.24,1.341,0.233,4,10.363,-9618.76,90,111.36,1.386,0.278,4,-643.4,1572.03,2911.0
2026-07-03 09:28:31,55,D[CEHIMNR]+S634_S6932_S644,"(1, 1, -10.3627, -9618.76, 1.341, 0.2332)",96.5,110.24,1.341,0.233,4,10.363,-9618.76,120,130.66,1.436,0.245,4,-643.4,3816.2,3714.0
2026-07-03 09:28:31,55,D[CEHIMNR]+S634_S6932_S644,"(1, 1, -10.3627, -9618.76, 1.341, 0.2332)",96.5,110.24,1.341,0.233,4,10.363,-9618.76,150,96.5,1.341,0.197,4,-658.57,3816.2,4636.0
2026-07-03 09:28:31,55,D[CEHIMNR]+S634_S6932_S644,"(1, 1, -10.3627, -9618.76, 1.341, 0.2332)",96.5,110.24,1.341,0.233,4,10.363,-9618.76,180,102.45,1.379,0.213,4,-928.21,3816.2,5501.0
2026-07-03 09:28:31,56,D[BCEHIMNR]+S6932_S648,"(1, 1, -10.3638, -8433.41, 1.332, 0.218)",96.49,111.26,1.332,0.218,4,10.364,-8433.41,90,110.91,1.373,0.281,4,-648.92,1094.07,2933.0
2026-07-03 09:28:31,56,D[BCEHIMNR]+S6932_S648,"(1, 1, -10.3638, -8433.41, 1.332, 0.218)",96.49,111.26,1.332,0.218,4,10.364,-8433.41,120,133.83,1.435,0.222,4,-709.81,4830.12,3739.0
2026-07-03 09:28:31,56,D[BCEHIMNR]+S6932_S648,"(1, 1, -10.3638, -8433.41, 1.332, 0.218)",96.49,111.26,1.332,0.218,4,10.364,-8433.41,150,96.49,1.332,0.174,4,-709.81,4830.12,4644.0
2026-07-03 09:28:31,56,D[BCEHIMNR]+S6932_S648,"(1, 1, -10.3638, -8433.41, 1.332, 0.218)",96.49,111.26,1.332,0.218,4,10.364,-8433.41,180,103.82,1.377,0.195,4,-813.74,4830.12,5506.0
2026-07-03 09:28:31,57,D[BCEGHIMN]+S634_S6932_S648,"(1, 1, -10.3648, -10402.05, 1.417, 0.2202)",96.48,109.16,1.417,0.22,4,10.365,-10402.05,90,107.93,1.442,0.274,4,-1003.59,1100.2,2416.0
2026-07-03 09:28:31,57,D[BCEGHIMN]+S634_S6932_S648,"(1, 1, -10.3648, -10402.05, 1.417, 0.2202)",96.48,109.16,1.417,0.22,4,10.365,-10402.05,120,127.23,1.513,0.219,4,-1003.59,4523.06,3142.0
2026-07-03 09:28:31,57,D[BCEGHIMN]+S634_S6932_S648,"(1, 1, -10.3648, -10402.05, 1.417, 0.2202)",96.48,109.16,1.417,0.22,4,10.365,-10402.05,150,96.48,1.417,0.183,4,-1003.59,4523.06,3807.0
2026-07-03 09:28:31,57,D[BCEGHIMN]+S634_S6932_S648,"(1, 1, -10.3648, -10402.05, 1.417, 0.2202)",96.48,109.16,1.417,0.22,4,10.365,-10402.05,180,105.01,1.466,0.205,4,-1003.59,4523.06,4626.0
2026-07-03 09:28:31,58,D[CEGIMNPR]+S634_S6932_S644,"(1, 1, -10.3724, -9436.99, 1.329, 0.2317)",96.41,109.97,1.329,0.232,4,10.372,-9436.99,90,112.75,1.379,0.279,4,-698.17,1621.25,3026.0
2026-07-03 09:28:31,58,D[CEGIMNPR]+S634_S6932_S644,"(1, 1, -10.3724, -9436.99, 1.329, 0.2317)",96.41,109.97,1.329,0.232,4,10.372,-9436.99,120,130.24,1.42,0.243,4,-698.17,3816.2,3868.0
2026-07-03 09:28:31,58,D[CEGIMNPR]+S634_S6932_S644,"(1, 1, -10.3724, -9436.99, 1.329, 0.2317)",96.41,109.97,1.329,0.232,4,10.372,-9436.99,150,96.41,1.329,0.196,4,-698.17,3816.2,4852.0
2026-07-03 09:28:31,58,D[CEGIMNPR]+S634_S6932_S644,"(1, 1, -10.3724, -9436.99, 1.329, 0.2317)",96.41,109.97,1.329,0.232,4,10.372,-9436.99,180,100.47,1.359,0.209,4,-909.82,3816.2,5740.0
2026-07-03 09:28:31,59,D[BCEGIMNPR]+S6932_S648,"(1, 1, -10.3734, -8250.52, 1.321, 0.217)",96.4,110.99,1.321,0.217,4,10.373,-8250.52,90,112.3,1.366,0.283,4,-698.17,1073.75,3048.0
2026-07-03 09:28:31,59,D[BCEGIMNPR]+S6932_S648,"(1, 1, -10.3734, -8250.52, 1.321, 0.217)",96.4,110.99,1.321,0.217,4,10.373,-8250.52,120,133.41,1.42,0.22,4,-756.56,4830.12,3893.0
2026-07-03 09:28:31,59,D[BCEGIMNPR]+S6932_S648,"(1, 1, -10.3734, -8250.52, 1.321, 0.217)",96.4,110.99,1.321,0.217,4,10.373,-8250.52,150,96.4,1.321,0.174,4,-756.56,4830.12,4860.0
2026-07-03 09:28:31,59,D[BCEGIMNPR]+S6932_S648,"(1, 1, -10.3734, -8250.52, 1.321, 0.217)",96.4,110.99,1.321,0.217,4,10.373,-8250.52,180,101.84,1.357,0.191,4,-795.35,4830.12,5745.0
2026-07-03 09:28:31,60,D[CEGIMNR]+S634_S6932_S644,"(1, 1, -10.3983, -9460.54, 1.339, 0.2307)",96.17,109.44,1.339,0.231,4,10.398,-9460.54,90,111.4,1.384,0.276,4,-643.4,1621.25,2914.0
2026-07-03 09:28:31,60,D[CEGIMNR]+S634_S6932_S644,"(1, 1, -10.3983, -9460.54, 1.339, 0.2307)",96.17,109.44,1.339,0.231,4,10.398,-9460.54,120,129.88,1.432,0.243,4,-643.4,3816.2,3703.0
2026-07-03 09:28:31,60,D[CEGIMNR]+S634_S6932_S644,"(1, 1, -10.3983, -9460.54, 1.339, 0.2307)",96.17,109.44,1.339,0.231,4,10.398,-9460.54,150,96.17,1.339,0.195,4,-658.57,3816.2,4637.0
2026-07-03 09:28:31,60,D[CEGIMNR]+S634_S6932_S644,"(1, 1, -10.3983, -9460.54, 1.339, 0.2307)",96.17,109.44,1.339,0.231,4,10.398,-9460.54,180,100.31,1.369,0.209,4,-909.82,3816.2,5500.0
2026-07-03 09:28:31,61,D[BCEGIMNR]+S6932_S648,"(1, 1, -10.3993, -8271.11, 1.33, 0.216)",96.16,110.46,1.33,0.216,4,10.399,-8271.11,90,110.95,1.371,0.28,4,-648.92,1094.07,2936.0
2026-07-03 09:28:31,61,D[BCEGIMNR]+S6932_S648,"(1, 1, -10.3993, -8271.11, 1.33, 0.216)",96.16,110.46,1.33,0.216,4,10.399,-8271.11,120,133.05,1.431,0.22,4,-756.56,4830.12,3728.0
2026-07-03 09:28:31,61,D[BCEGIMNR]+S6932_S648,"(1, 1, -10.3993, -8271.11, 1.33, 0.216)",96.16,110.46,1.33,0.216,4,10.399,-8271.11,150,96.16,1.33,0.173,4,-756.56,4830.12,4645.0
2026-07-03 09:28:31,61,D[BCEGIMNR]+S6932_S648,"(1, 1, -10.3993, -8271.11, 1.33, 0.216)",96.16,110.46,1.33,0.216,4,10.399,-8271.11,180,101.68,1.367,0.191,4,-795.35,4830.12,5505.0
2026-07-03 09:28:31,62,D[BCEIMNPR]+S634_S6932_S644,"(1, 1, -10.4178, -9600.38, 1.33, 0.232)",95.99,109.43,1.33,0.232,4,10.418,-9600.38,90,111.43,1.378,0.279,4,-698.17,1572.03,3012.0
2026-07-03 09:28:31,62,D[BCEIMNPR]+S634_S6932_S644,"(1, 1, -10.4178, -9600.38, 1.33, 0.232)",95.99,109.43,1.33,0.232,4,10.418,-9600.38,120,129.36,1.421,0.243,4,-698.17,3816.2,3858.0
2026-07-03 09:28:31,62,D[BCEIMNPR]+S634_S6932_S644,"(1, 1, -10.4178, -9600.38, 1.33, 0.232)",95.99,109.43,1.33,0.232,4,10.418,-9600.38,150,95.99,1.33,0.196,4,-698.17,3816.2,4834.0
2026-07-03 09:28:31,62,D[BCEIMNPR]+S634_S6932_S644,"(1, 1, -10.4178, -9600.38, 1.33, 0.232)",95.99,109.43,1.33,0.232,4,10.418,-9600.38,180,100.92,1.364,0.21,4,-921.54,3816.2,5712.0
2026-07-03 09:28:31,63,D[CEMNPR]+S634_S6932_S648,"(1, 1, -10.4286, -10204.4, 1.34, 0.221)",95.89,110.49,1.34,0.221,4,10.429,-10204.4,90,113.44,1.395,0.283,4,-700.88,1334.27,2846.0
2026-07-03 09:28:31,63,D[CEMNPR]+S634_S6932_S648,"(1, 1, -10.4286, -10204.4, 1.34, 0.221)",95.89,110.49,1.34,0.221,4,10.429,-10204.4,120,130.86,1.437,0.225,4,-756.02,4577.56,3600.0
2026-07-03 09:28:31,63,D[CEMNPR]+S634_S6932_S648,"(1, 1, -10.4286, -10204.4, 1.34, 0.221)",95.89,110.49,1.34,0.221,4,10.429,-10204.4,150,95.89,1.34,0.18,4,-756.02,4577.56,4488.0
2026-07-03 09:28:31,63,D[CEMNPR]+S634_S6932_S648,"(1, 1, -10.4286, -10204.4, 1.34, 0.221)",95.89,110.49,1.34,0.221,4,10.429,-10204.4,180,101.78,1.38,0.196,4,-978.5,4577.56,5305.0
2026-07-03 09:28:31,64,D[BEHIMNPR]+S6932_S648,"(1, 1, -10.4439, -8498.59, 1.324, 0.2152)",95.75,110.69,1.324,0.215,4,10.444,-8498.59,90,110.88,1.368,0.278,4,-693.68,1073.75,2954.0
2026-07-03 09:28:31,64,D[BEHIMNPR]+S6932_S648,"(1, 1, -10.4439, -8498.59, 1.324, 0.2152)",95.75,110.69,1.324,0.215,4,10.444,-8498.59,120,133.2,1.426,0.219,4,-709.81,4839.44,3786.0
2026-07-03 09:28:31,64,D[BEHIMNPR]+S6932_S648,"(1, 1, -10.4439, -8498.59, 1.324, 0.2152)",95.75,110.69,1.324,0.215,4,10.444,-8498.59,150,95.75,1.324,0.172,4,-709.81,4839.44,4713.0
2026-07-03 09:28:31,64,D[BEHIMNPR]+S6932_S648,"(1, 1, -10.4439, -8498.59, 1.324, 0.2152)",95.75,110.69,1.324,0.215,4,10.444,-8498.59,180,102.94,1.368,0.192,4,-813.74,4839.44,5575.0
2026-07-03 09:28:31,65,D[BCEIMNR]+S634_S6932_S644,"(1, 1, -10.4439, -9624.44, 1.34, 0.2312)",95.75,108.9,1.34,0.231,4,10.444,-9624.44,90,110.08,1.384,0.276,4,-643.4,1572.03,2900.0
2026-07-03 09:28:31,65,D[BCEIMNR]+S634_S6932_S644,"(1, 1, -10.4439, -9624.44, 1.34, 0.2312)",95.75,108.9,1.34,0.231,4,10.444,-9624.44,120,129.01,1.433,0.242,4,-643.4,3816.2,3693.0
2026-07-03 09:28:31,65,D[BCEIMNR]+S634_S6932_S644,"(1, 1, -10.4439, -9624.44, 1.34, 0.2312)",95.75,108.9,1.34,0.231,4,10.444,-9624.44,150,95.75,1.34,0.196,4,-658.57,3816.2,4619.0
2026-07-03 09:28:31,65,D[BCEIMNR]+S634_S6932_S644,"(1, 1, -10.4439, -9624.44, 1.34, 0.2312)",95.75,108.9,1.34,0.231,4,10.444,-9624.44,180,100.76,1.375,0.211,4,-921.54,3816.2,5472.0
2026-07-03 09:28:31,66,D[CEMNR]+S634_S6932_S648,"(1, 1, -10.4548, -10230.01, 1.351, 0.2203)",95.65,109.97,1.351,0.22,4,10.455,-10230.01,90,112.09,1.401,0.281,4,-700.88,1334.27,2734.0
2026-07-03 09:28:31,66,D[CEMNR]+S634_S6932_S648,"(1, 1, -10.4548, -10230.01, 1.351, 0.2203)",95.65,109.97,1.351,0.22,4,10.455,-10230.01,120,130.5,1.45,0.224,4,-756.02,4577.56,3435.0
2026-07-03 09:28:31,66,D[CEMNR]+S634_S6932_S648,"(1, 1, -10.4548, -10230.01, 1.351, 0.2203)",95.65,109.97,1.351,0.22,4,10.455,-10230.01,150,95.65,1.351,0.18,4,-756.02,4577.56,4273.0
2026-07-03 09:28:31,66,D[CEMNR]+S634_S6932_S648,"(1, 1, -10.4548, -10230.01, 1.351, 0.2203)",95.65,109.97,1.351,0.22,4,10.455,-10230.01,180,101.62,1.392,0.196,4,-978.5,4577.56,5065.0
2026-07-03 09:28:31,67,D[CEHIMNPR]+S6932_S648,"(1, 1, -10.4624, -8583.49, 1.32, 0.216)",95.58,110.42,1.32,0.216,4,10.462,-8583.49,90,110.23,1.363,0.279,4,-698.17,1073.75,3019.0
2026-07-03 09:28:31,67,D[CEHIMNPR]+S6932_S648,"(1, 1, -10.4624, -8583.49, 1.32, 0.216)",95.58,110.42,1.32,0.216,4,10.462,-8583.49,120,133.01,1.421,0.22,4,-723.0,4830.12,3871.0
2026-07-03 09:28:31,67,D[CEHIMNPR]+S6932_S648,"(1, 1, -10.4624, -8583.49, 1.32, 0.216)",95.58,110.42,1.32,0.216,4,10.462,-8583.49,150,95.58,1.32,0.172,4,-723.0,4830.12,4815.0
2026-07-03 09:28:31,67,D[CEHIMNPR]+S6932_S648,"(1, 1, -10.4624, -8583.49, 1.32, 0.216)",95.58,110.42,1.32,0.216,4,10.462,-8583.49,180,102.87,1.364,0.193,4,-820.41,4830.12,5697.0
2026-07-03 09:28:31,68,D[CEGHIMNP]+S634_S6932_S648,"(1, 1, -10.4635, -10501.1, 1.399, 0.218)",95.57,108.32,1.399,0.218,4,10.464,-10501.1,90,107.25,1.427,0.273,4,-1003.59,1100.2,2502.0
2026-07-03 09:28:31,68,D[CEGHIMNP]+S634_S6932_S648,"(1, 1, -10.4635, -10501.1, 1.399, 0.218)",95.57,108.32,1.399,0.218,4,10.464,-10501.1,120,126.41,1.494,0.217,4,-1003.59,4523.06,3274.0
2026-07-03 09:28:31,68,D[CEGHIMNP]+S634_S6932_S648,"(1, 1, -10.4635, -10501.1, 1.399, 0.218)",95.57,108.32,1.399,0.218,4,10.464,-10501.1,150,95.57,1.399,0.18,4,-1003.59,4523.06,3978.0
2026-07-03 09:28:31,68,D[CEGHIMNP]+S634_S6932_S648,"(1, 1, -10.4635, -10501.1, 1.399, 0.218)",95.57,108.32,1.399,0.218,4,10.464,-10501.1,180,104.06,1.448,0.202,4,-1003.59,4523.06,4817.0
2026-07-03 09:28:31,69,D[BEGIMNPR]+S6932_S648,"(1, 1, -10.48, -8335.25, 1.322, 0.2135)",95.42,109.89,1.322,0.214,4,10.48,-8335.25,90,110.92,1.366,0.277,4,-693.68,1073.75,2957.0
2026-07-03 09:28:31,69,D[BEGIMNPR]+S6932_S648,"(1, 1, -10.48, -8335.25, 1.322, 0.2135)",95.42,109.89,1.322,0.214,4,10.48,-8335.25,120,132.42,1.423,0.218,4,-756.56,4839.44,3775.0
2026-07-03 09:28:31,69,D[BEGIMNPR]+S6932_S648,"(1, 1, -10.48, -8335.25, 1.322, 0.2135)",95.42,109.89,1.322,0.214,4,10.48,-8335.25,150,95.42,1.322,0.171,4,-756.56,4839.44,4714.0
2026-07-03 09:28:31,69,D[BEGIMNPR]+S6932_S648,"(1, 1, -10.48, -8335.25, 1.322, 0.2135)",95.42,109.89,1.322,0.214,4,10.48,-8335.25,180,100.8,1.358,0.188,4,-795.35,4839.44,5574.0
2026-07-03 09:28:31,70,D[CEHIMNR]+S6932_S648,"(1, 1, -10.4888, -8605.1, 1.329, 0.2155)",95.34,109.89,1.329,0.216,4,10.489,-8605.1,90,108.88,1.368,0.277,4,-648.92,1094.07,2907.0
2026-07-03 09:28:31,70,D[CEHIMNR]+S6932_S648,"(1, 1, -10.4888, -8605.1, 1.329, 0.2155)",95.34,109.89,1.329,0.216,4,10.489,-8605.1,120,132.65,1.433,0.22,4,-723.0,4830.12,3706.0
2026-07-03 09:28:31,70,D[CEHIMNR]+S6932_S648,"(1, 1, -10.4888, -8605.1, 1.329, 0.2155)",95.34,109.89,1.329,0.216,4,10.489,-8605.1,150,95.34,1.329,0.172,4,-723.0,4830.12,4600.0
2026-07-03 09:28:31,70,D[CEHIMNR]+S6932_S648,"(1, 1, -10.4888, -8605.1, 1.329, 0.2155)",95.34,109.89,1.329,0.216,4,10.489,-8605.1,180,102.7,1.374,0.193,4,-820.41,4830.12,5457.0
2026-07-03 09:28:31,71,D[CEGHIMN]+S634_S6932_S648,"(1, 1, -10.4899, -10527.54, 1.414, 0.2177)",95.33,107.79,1.414,0.218,4,10.49,-10527.54,90,105.9,1.435,0.27,4,-1003.59,1100.2,2390.0
2026-07-03 09:28:31,71,D[CEGHIMN]+S634_S6932_S648,"(1, 1, -10.4899, -10527.54, 1.414, 0.2177)",95.33,107.79,1.414,0.218,4,10.49,-10527.54,120,126.05,1.511,0.217,4,-1003.59,4523.06,3109.0
2026-07-03 09:28:31,71,D[CEGHIMN]+S634_S6932_S648,"(1, 1, -10.4899, -10527.54, 1.414, 0.2177)",95.33,107.79,1.414,0.218,4,10.49,-10527.54,150,95.33,1.414,0.181,4,-1003.59,4523.06,3763.0
2026-07-03 09:28:31,71,D[CEGHIMN]+S634_S6932_S648,"(1, 1, -10.4899, -10527.54, 1.414, 0.2177)",95.33,107.79,1.414,0.218,4,10.49,-10527.54,180,103.89,1.464,0.203,4,-1003.59,4523.06,4577.0
2026-07-03 09:28:31,72,D[CEGIMNPR]+S6932_S648,"(1, 1, -10.4998, -8421.04, 1.318, 0.2142)",95.24,109.62,1.318,0.214,4,10.5,-8421.04,90,110.27,1.361,0.278,4,-698.17,1073.75,3022.0
2026-07-03 09:28:31,72,D[CEGIMNPR]+S6932_S648,"(1, 1, -10.4998, -8421.04, 1.318, 0.2142)",95.24,109.62,1.318,0.214,4,10.5,-8421.04,120,132.23,1.418,0.218,4,-769.75,4830.12,3860.0
2026-07-03 09:28:31,72,D[CEGIMNPR]+S6932_S648,"(1, 1, -10.4998, -8421.04, 1.318, 0.2142)",95.24,109.62,1.318,0.214,4,10.5,-8421.04,150,95.24,1.318,0.172,4,-769.75,4830.12,4816.0
2026-07-03 09:28:31,72,D[CEGIMNPR]+S6932_S648,"(1, 1, -10.4998, -8421.04, 1.318, 0.2142)",95.24,109.62,1.318,0.214,4,10.5,-8421.04,180,100.73,1.354,0.189,4,-802.02,4830.12,5696.0
2026-07-03 09:28:31,73,D[BCEHIMNP]+S634_S6932_S648,"(1, 1, -10.5097, -10547.45, 1.402, 0.2177)",95.15,107.78,1.402,0.218,4,10.51,-10547.45,90,105.93,1.427,0.271,4,-1003.59,1050.98,2488.0
2026-07-03 09:28:31,73,D[BCEHIMNP]+S634_S6932_S648,"(1, 1, -10.5097, -10547.45, 1.402, 0.2177)",95.15,107.78,1.402,0.218,4,10.51,-10547.45,120,125.53,1.495,0.216,4,-1003.59,4523.06,3264.0
2026-07-03 09:28:31,73,D[BCEHIMNP]+S634_S6932_S648,"(1, 1, -10.5097, -10547.45, 1.402, 0.2177)",95.15,107.78,1.402,0.218,4,10.51,-10547.45,150,95.15,1.402,0.18,4,-1003.59,4523.06,3960.0
2026-07-03 09:28:31,73,D[BCEHIMNP]+S634_S6932_S648,"(1, 1, -10.5097, -10547.45, 1.402, 0.2177)",95.15,107.78,1.402,0.218,4,10.51,-10547.45,180,104.51,1.456,0.204,4,-1003.59,4523.06,4789.0
2026-07-03 09:28:31,74,D[BCEGIMNPR]+S634_S6916_S648,"(1, 1, -10.5241, -7962.11, 1.309, 0.2122)",95.02,108.59,1.309,0.212,4,10.524,-7962.11,90,111.23,1.357,0.271,4,-698.17,1383.49,3072.0
2026-07-03 09:28:31,74,D[BCEGIMNPR]+S634_S6916_S648,"(1, 1, -10.5241, -7962.11, 1.309, 0.2122)",95.02,108.59,1.309,0.212,4,10.524,-7962.11,120,130.42,1.401,0.217,4,-756.56,4663.0,3941.0
2026-07-03 09:28:31,74,D[BCEGIMNPR]+S634_S6916_S648,"(1, 1, -10.5241, -7962.11, 1.309, 0.2122)",95.02,108.59,1.309,0.212,4,10.524,-7962.11,150,95.02,1.309,0.173,4,-756.56,4663.0,4964.0
2026-07-03 09:28:31,74,D[BCEGIMNPR]+S634_S6916_S648,"(1, 1, -10.5241, -7962.11, 1.309, 0.2122)",95.02,108.59,1.309,0.212,4,10.524,-7962.11,180,97.7,1.335,0.188,4,-756.56,4663.0,5845.0
2026-07-03 09:28:31,75,D[CEGIMNR]+S6932_S648,"(1, 1, -10.5263, -8442.32, 1.327, 0.2135)",95.0,109.09,1.327,0.214,4,10.526,-8442.32,90,108.92,1.366,0.276,4,-648.92,1094.07,2910.0
2026-07-03 09:28:31,75,D[CEGIMNR]+S6932_S648,"(1, 1, -10.5263, -8442.32, 1.327, 0.2135)",95.0,109.09,1.327,0.214,4,10.526,-8442.32,120,131.87,1.429,0.218,4,-769.75,4830.12,3695.0
2026-07-03 09:28:31,75,D[CEGIMNR]+S6932_S648,"(1, 1, -10.5263, -8442.32, 1.327, 0.2135)",95.0,109.09,1.327,0.214,4,10.526,-8442.32,150,95.0,1.327,0.171,4,-769.75,4830.12,4601.0
2026-07-03 09:28:31,75,D[CEGIMNR]+S6932_S648,"(1, 1, -10.5263, -8442.32, 1.327, 0.2135)",95.0,109.09,1.327,0.214,4,10.526,-8442.32,180,100.56,1.364,0.189,4,-802.02,4830.12,5456.0
2026-07-03 09:28:31,76,D[BCEHIMN]+S634_S6932_S648,"(1, 1, -10.5363, -10574.12, 1.417, 0.217)",94.91,107.25,1.417,0.217,4,10.536,-10574.12,90,104.58,1.435,0.268,4,-1003.59,1050.98,2376.0
2026-07-03 09:28:31,76,D[BCEHIMN]+S634_S6932_S648,"(1, 1, -10.5363, -10574.12, 1.417, 0.217)",94.91,107.25,1.417,0.217,4,10.536,-10574.12,120,125.17,1.512,0.216,4,-1003.59,4523.06,3099.0
2026-07-03 09:28:31,76,D[BCEHIMN]+S634_S6932_S648,"(1, 1, -10.5363, -10574.12, 1.417, 0.217)",94.91,107.25,1.417,0.217,4,10.536,-10574.12,150,94.91,1.417,0.18,4,-1003.59,4523.06,3745.0
2026-07-03 09:28:31,76,D[BCEHIMN]+S634_S6932_S648,"(1, 1, -10.5363, -10574.12, 1.417, 0.217)",94.91,107.25,1.417,0.217,4,10.536,-10574.12,180,104.34,1.472,0.204,4,-1003.59,4523.06,4549.0
2026-07-03 09:28:31,77,D[CEIMNPR]+S634_S6932_S644,"(1, 1, -10.5452, -9788.15, 1.328, 0.2288)",94.83,108.06,1.328,0.229,4,10.545,-9788.15,90,109.4,1.373,0.274,4,-698.17,1572.03,2986.0
2026-07-03 09:28:31,77,D[CEIMNPR]+S634_S6932_S644,"(1, 1, -10.5452, -9788.15, 1.328, 0.2288)",94.83,108.06,1.328,0.229,4,10.545,-9788.15,120,128.18,1.419,0.24,4,-698.17,3816.2,3825.0
2026-07-03 09:28:31,77,D[CEIMNPR]+S634_S6932_S644,"(1, 1, -10.5452, -9788.15, 1.328, 0.2288)",94.83,108.06,1.328,0.229,4,10.545,-9788.15,150,94.83,1.328,0.193,4,-698.17,3816.2,4790.0
2026-07-03 09:28:31,77,D[CEIMNPR]+S634_S6932_S644,"(1, 1, -10.5452, -9788.15, 1.328, 0.2288)",94.83,108.06,1.328,0.229,4,10.545,-9788.15,180,99.81,1.362,0.208,4,-928.21,3816.2,5663.0
2026-07-03 09:28:31,78,D[BCEIMNPR]+S6932_S648,"(1, 1, -10.5463, -8581.94, 1.319, 0.2137)",94.82,109.08,1.319,0.214,4,10.546,-8581.94,90,108.95,1.36,0.277,4,-698.17,1073.75,3008.0
2026-07-03 09:28:31,78,D[BCEIMNPR]+S6932_S648,"(1, 1, -10.5463, -8581.94, 1.319, 0.2137)",94.82,109.08,1.319,0.214,4,10.546,-8581.94,120,131.35,1.418,0.217,4,-756.56,4830.12,3850.0
2026-07-03 09:28:31,78,D[BCEIMNPR]+S6932_S648,"(1, 1, -10.5463, -8581.94, 1.319, 0.2137)",94.82,109.08,1.319,0.214,4,10.546,-8581.94,150,94.82,1.319,0.171,4,-756.56,4830.12,4798.0
2026-07-03 09:28:31,78,D[BCEIMNPR]+S6932_S648,"(1, 1, -10.5463, -8581.94, 1.319, 0.2137)",94.82,109.08,1.319,0.214,4,10.546,-8581.94,180,101.18,1.36,0.19,4,-813.74,4830.12,5668.0
2026-07-03 09:28:31,79,D[BCEGIMNP]+S634_S6932_S648,"(1, 1, -10.5474, -10585.28, 1.399, 0.216)",94.81,106.97,1.399,0.216,4,10.547,-10585.28,90,105.97,1.424,0.271,4,-1003.59,1100.2,2491.0
2026-07-03 09:28:31,79,D[BCEGIMNP]+S634_S6932_S648,"(1, 1, -10.5474, -10585.28, 1.399, 0.216)",94.81,106.97,1.399,0.216,4,10.547,-10585.28,120,124.75,1.49,0.214,4,-1003.59,4523.06,3253.0
2026-07-03 09:28:31,79,D[BCEGIMNP]+S634_S6932_S648,"(1, 1, -10.5474, -10585.28, 1.399, 0.216)",94.81,106.97,1.399,0.216,4,10.547,-10585.28,150,94.81,1.399,0.179,4,-1003.59,4523.06,3961.0
2026-07-03 09:28:31,79,D[BCEGIMNP]+S634_S6932_S648,"(1, 1, -10.5474, -10585.28, 1.399, 0.216)",94.81,106.97,1.399,0.216,4,10.547,-10585.28,180,102.37,1.443,0.2,4,-1003.59,4523.06,4788.0
2026-07-03 09:28:31,80,D[BCEGIMNR]+S634_S6916_S648,"(1, 1, -10.5507, -7982.27, 1.317, 0.2117)",94.78,108.07,1.317,0.212,4,10.551,-7982.27,90,109.88,1.362,0.269,4,-648.92,1383.49,2960.0
2026-07-03 09:28:31,80,D[BCEGIMNR]+S634_S6916_S648,"(1, 1, -10.5507, -7982.27, 1.317, 0.2117)",94.78,108.07,1.317,0.212,4,10.551,-7982.27,120,130.07,1.412,0.217,4,-756.56,4663.0,3776.0
2026-07-03 09:28:31,80,D[BCEGIMNR]+S634_S6916_S648,"(1, 1, -10.5507, -7982.27, 1.317, 0.2117)",94.78,108.07,1.317,0.212,4,10.551,-7982.27,150,94.78,1.317,0.173,4,-756.56,4663.0,4749.0
2026-07-03 09:28:31,80,D[BCEGIMNR]+S634_S6916_S648,"(1, 1, -10.5507, -7982.27, 1.317, 0.2117)",94.78,108.07,1.317,0.212,4,10.551,-7982.27,180,97.54,1.344,0.188,4,-756.56,4663.0,5605.0
