label,days,date,total,S208_M1,other_total
S84+S208_M1x10,90,2026-02-13,0.0,0.0,0.0
S84+S208_M1x10,90,2026-02-16,721.2502,0.0,721.2502
S84+S208_M1x10,90,2026-02-17,-69.77,0.0,-69.77
S84+S208_M1x10,90,2026-02-18,-965.9613,0.0,-965.9613
S84+S208_M1x10,90,2026-02-19,-899.9462,0.0,-899.9462
S84+S208_M1x10,90,2026-02-20,729.11,0.0,729.11
S84+S208_M1x10,90,2026-02-21,500.13,0.0,500.13
S84+S208_M1x10,90,2026-02-23,566.4014,0.0,566.4014
S84+S208_M1x10,90,2026-02-24,603.628,0.0,603.628
S84+S208_M1x10,90,2026-02-25,-179.13,0.0,-179.13
S84+S208_M1x10,90,2026-02-26,2765.4734,0.0,2765.4734
S84+S208_M1x10,90,2026-02-27,5.52,0.0,5.52
S84+S208_M1x10,90,2026-02-28,211.24,0.0,211.24
S84+S208_M1x10,90,2026-03-02,3352.3234,0.0,3352.3234
S84+S208_M1x10,90,2026-03-03,2843.836,0.0,2843.836
S84+S208_M1x10,90,2026-03-04,-538.136,0.0,-538.136
S84+S208_M1x10,90,2026-03-05,-617.2155,0.0,-617.2155
S84+S208_M1x10,90,2026-03-06,230.07,0.0,230.07
S84+S208_M1x10,90,2026-03-07,46.62,0.0,46.62
S84+S208_M1x10,90,2026-03-09,-984.0877,0.0,-984.0877
S84+S208_M1x10,90,2026-03-10,-253.802,0.0,-253.802
S84+S208_M1x10,90,2026-03-11,837.9072,0.0,837.9072
S84+S208_M1x10,90,2026-03-12,85.474,0.0,85.474
S84+S208_M1x10,90,2026-03-13,-207.22,0.0,-207.22
S84+S208_M1x10,90,2026-03-16,-737.1882,0.0,-737.1882
S84+S208_M1x10,90,2026-03-17,-320.2991,0.0,-320.2991
S84+S208_M1x10,90,2026-03-18,35.47,0.0,35.47
S84+S208_M1x10,90,2026-03-19,910.22,0.0,910.22
S84+S208_M1x10,90,2026-03-20,-311.02,0.0,-311.02
S84+S208_M1x10,90,2026-03-21,35.2,0.0,35.2
S84+S208_M1x10,90,2026-03-23,534.16,0.0,534.16
S84+S208_M1x10,90,2026-03-24,2758.3578,0.0,2758.3578
S84+S208_M1x10,90,2026-03-25,-421.2355,0.0,-421.2355
S84+S208_M1x10,90,2026-03-26,786.3986,0.0,786.3986
S84+S208_M1x10,90,2026-03-27,-572.0812,86.2,-658.2812
S84+S208_M1x10,90,2026-03-30,532.54,72.6,459.94
S84+S208_M1x10,90,2026-03-31,391.6875,0.0,391.6875
S84+S208_M1x10,90,2026-04-01,1144.5275,0.0,1144.5275
S84+S208_M1x10,90,2026-04-02,2073.476,0.0,2073.476
S84+S208_M1x10,90,2026-04-03,-38.5,-38.5,0.0
S84+S208_M1x10,90,2026-04-06,-49.12,-69.8,20.68
S84+S208_M1x10,90,2026-04-07,143.1965,0.0,143.1965
S84+S208_M1x10,90,2026-04-08,348.42,0.0,348.42
S84+S208_M1x10,90,2026-04-09,426.21,0.0,426.21
S84+S208_M1x10,90,2026-04-10,349.07,0.0,349.07
S84+S208_M1x10,90,2026-04-11,-13.96,0.0,-13.96
S84+S208_M1x10,90,2026-04-13,-239.37,0.0,-239.37
S84+S208_M1x10,90,2026-04-14,289.63,118.2,171.43
S84+S208_M1x10,90,2026-04-15,388.86,-26.9,415.76
S84+S208_M1x10,90,2026-04-16,-138.56,0.0,-138.56
S84+S208_M1x10,90,2026-04-17,-90.3094,0.0,-90.3094
S84+S208_M1x10,90,2026-04-18,109.92,0.0,109.92
S84+S208_M1x10,90,2026-04-20,-156.8153,138.2,-295.0153
S84+S208_M1x10,90,2026-04-21,379.0379,61.4,317.6379
S84+S208_M1x10,90,2026-04-22,185.96,0.0,185.96
S84+S208_M1x10,90,2026-04-23,1466.502,36.6,1429.902
S84+S208_M1x10,90,2026-04-24,-222.0075,98.4,-320.4075
S84+S208_M1x10,90,2026-04-25,-42.15,0.0,-42.15
S84+S208_M1x10,90,2026-04-27,364.835,31.1,333.735
S84+S208_M1x10,90,2026-04-28,1037.844,92.5,945.344
S84+S208_M1x10,90,2026-04-29,-17.5575,36.4,-53.9575
S84+S208_M1x10,90,2026-04-30,328.164,0.0,328.164
S84+S208_M1x10,90,2026-05-01,-669.4248,-63.3,-606.1248
S84+S208_M1x10,90,2026-05-04,952.74,0.0,952.74
S84+S208_M1x10,90,2026-05-05,490.61,30.4,460.21
S84+S208_M1x10,90,2026-05-06,693.57,54.3,639.27
S84+S208_M1x10,90,2026-05-07,-714.7541,-97.2,-617.5541
S84+S208_M1x10,90,2026-05-08,661.36,0.0,661.36
S84+S208_M1x10,90,2026-05-09,75.97,0.0,75.97
S84+S208_M1x10,90,2026-05-11,-48.028,28.1,-76.128
S84+S208_M1x10,90,2026-05-12,815.7075,0.0,815.7075
S84+S208_M1x10,90,2026-05-13,-239.92,-112.2,-127.72
S84+S208_M1x10,90,2026-05-14,164.51,0.0,164.51
S84+S208_M1x10,90,2026-05-15,857.212,0.0,857.212
S84+S208_M1x10,90,2026-05-16,-34.79,0.0,-34.79
S84+S208_M1x10,90,2026-05-18,840.1412,0.0,840.1412
S84+S208_M1x10,90,2026-05-19,1006.5037,0.0,1006.5037
S84+S208_M1x10,90,2026-05-20,74.34,0.0,74.34
S84+S208_M1x10,90,2026-05-21,210.09,0.0,210.09
S84+S208_M1x10,90,2026-05-22,495.1761,0.0,495.1761
S84+S208_M1x10,90,2026-05-23,-29.07,0.0,-29.07
S84+S208_M1x10,90,2026-05-25,499.4692,0.0,499.4692
S84+S208_M1x10,90,2026-05-26,418.266,0.0,418.266
S84+S208_M1x10,90,2026-05-27,781.6313,0.0,781.6313
S84+S208_M1x10,90,2026-05-28,1248.444,0.0,1248.444
S84+S208_M1x10,90,2026-05-29,901.33,-105.3,1006.63
S84+S208_M1x10,90,2026-05-30,59.81,0.0,59.81
S84+S208_M1x10,90,2026-06-01,1069.745,-69.1,1138.845
S84+S208_M1x10,90,2026-06-02,115.76,0.0,115.76
S84+S208_M1x10,90,2026-06-03,1518.908,0.0,1518.908
S84+S208_M1x10,90,2026-06-04,914.1088,0.0,914.1088
S84+S208_M1x10,90,2026-06-05,231.3313,0.0,231.3313
S84+S208_M1x10,90,2026-06-08,137.54,0.0,137.54
S84+S208_M1x10,90,2026-06-09,-329.3732,0.0,-329.3732
S84+S208_M1x10,90,2026-06-10,897.9303,0.0,897.9303
S84+S208_M1x10,90,2026-06-11,656.7,0.0,656.7
S84+S208_M1x10,90,2026-06-12,-492.625,0.0,-492.625
S84+S208_M1x10,90,2026-06-15,1038.06,14.7,1023.36
S84+S208_M1x10,90,2026-06-16,-355.98,0.0,-355.98
S84+S208_M1x10,90,2026-06-17,10.7566,-41.8,52.5566
S84+S208_M1x10,90,2026-06-18,675.77,0.0,675.77
S84+S208_M1x10,90,2026-06-19,165.252,0.0,165.252
S84+S208_M1x10,90,2026-06-22,-215.926,0.0,-215.926
S84+S208_M1x10,90,2026-06-23,834.7123,-47.1,881.8123
S84+S208_M1x10,90,2026-06-24,275.6737,0.0,275.6737
S84+S208_M1x10,90,2026-06-25,1167.2155,0.0,1167.2155
S84+S208_M1x10,90,2026-06-26,561.1,0.0,561.1
S84+S208_M1x10,90,2026-06-27,-175.72,0.0,-175.72
S84+S208_M1x10,90,2026-06-29,278.25,0.0,278.25
S84+S208_M1x10,90,2026-06-30,822.4875,-14.2,836.6875
S84+S208_M1x10,90,2026-07-01,-224.4862,0.0,-224.4862
S84+S208_M1x10,90,2026-07-02,1103.59,92.6,1010.99
S84+S208_M1x10,90,2026-07-03,293.7825,-23.3,317.0825
S84+S208_M1x10,120,2025-12-31,-635.1975,0.0,-635.1975
S84+S208_M1x10,120,2026-01-05,-304.1878,0.0,-304.1878
S84+S208_M1x10,120,2026-01-06,125.33,0.0,125.33
S84+S208_M1x10,120,2026-01-07,758.302,0.0,758.302
S84+S208_M1x10,120,2026-01-08,40.54,0.0,40.54
S84+S208_M1x10,120,2026-01-09,44.49,0.0,44.49
S84+S208_M1x10,120,2026-01-12,96.4413,0.0,96.4413
S84+S208_M1x10,120,2026-01-13,-417.0291,0.0,-417.0291
S84+S208_M1x10,120,2026-01-14,313.3358,0.0,313.3358
S84+S208_M1x10,120,2026-01-15,269.8256,0.0,269.8256
S84+S208_M1x10,120,2026-01-16,-147.82,0.0,-147.82
S84+S208_M1x10,120,2026-01-19,72.146,0.0,72.146
S84+S208_M1x10,120,2026-01-20,473.84,0.0,473.84
S84+S208_M1x10,120,2026-01-21,73.0462,0.0,73.0462
S84+S208_M1x10,120,2026-01-22,394.3523,0.0,394.3523
S84+S208_M1x10,120,2026-01-23,-245.1675,0.0,-245.1675
S84+S208_M1x10,120,2026-01-26,-540.136,0.0,-540.136
S84+S208_M1x10,120,2026-01-27,329.9369,0.0,329.9369
S84+S208_M1x10,120,2026-01-28,330.53,0.0,330.53
S84+S208_M1x10,120,2026-01-29,-300.7311,0.0,-300.7311
S84+S208_M1x10,120,2026-01-30,5164.4035,0.0,5164.4035
S84+S208_M1x10,120,2026-02-02,379.49,0.0,379.49
S84+S208_M1x10,120,2026-02-03,1084.9564,0.0,1084.9564
S84+S208_M1x10,120,2026-02-04,15.2984,0.0,15.2984
S84+S208_M1x10,120,2026-02-05,5771.8998,0.0,5771.8998
S84+S208_M1x10,120,2026-02-06,774.405,0.0,774.405
S84+S208_M1x10,120,2026-02-09,-130.0114,0.0,-130.0114
S84+S208_M1x10,120,2026-02-10,-461.8,0.0,-461.8
S84+S208_M1x10,120,2026-02-11,-831.2229,0.0,-831.2229
S84+S208_M1x10,120,2026-02-12,590.67,0.0,590.67
S84+S208_M1x10,120,2026-02-13,7.55,0.0,7.55
S84+S208_M1x10,120,2026-02-16,1061.9883,0.0,1061.9883
S84+S208_M1x10,120,2026-02-17,-145.43,0.0,-145.43
S84+S208_M1x10,120,2026-02-18,-797.4813,0.0,-797.4813
S84+S208_M1x10,120,2026-02-19,-937.3163,0.0,-937.3163
S84+S208_M1x10,120,2026-02-20,725.59,0.0,725.59
S84+S208_M1x10,120,2026-02-21,500.13,0.0,500.13
S84+S208_M1x10,120,2026-02-23,547.2914,0.0,547.2914
S84+S208_M1x10,120,2026-02-24,689.058,0.0,689.058
S84+S208_M1x10,120,2026-02-25,-217.42,0.0,-217.42
S84+S208_M1x10,120,2026-02-26,2824.2934,0.0,2824.2934
S84+S208_M1x10,120,2026-02-27,7.98,0.0,7.98
S84+S208_M1x10,120,2026-02-28,211.24,0.0,211.24
S84+S208_M1x10,120,2026-03-02,3352.3234,0.0,3352.3234
S84+S208_M1x10,120,2026-03-03,2766.756,0.0,2766.756
S84+S208_M1x10,120,2026-03-04,-538.136,0.0,-538.136
S84+S208_M1x10,120,2026-03-05,-613.9955,0.0,-613.9955
S84+S208_M1x10,120,2026-03-06,230.07,0.0,230.07
S84+S208_M1x10,120,2026-03-07,46.62,0.0,46.62
S84+S208_M1x10,120,2026-03-09,-984.0877,0.0,-984.0877
S84+S208_M1x10,120,2026-03-10,-227.912,0.0,-227.912
S84+S208_M1x10,120,2026-03-11,838.9472,0.0,838.9472
S84+S208_M1x10,120,2026-03-12,52.524,0.0,52.524
S84+S208_M1x10,120,2026-03-13,-285.88,0.0,-285.88
S84+S208_M1x10,120,2026-03-16,-744.6482,0.0,-744.6482
S84+S208_M1x10,120,2026-03-17,-333.3791,0.0,-333.3791
S84+S208_M1x10,120,2026-03-18,107.7,0.0,107.7
S84+S208_M1x10,120,2026-03-19,858.13,0.0,858.13
S84+S208_M1x10,120,2026-03-20,-311.02,0.0,-311.02
S84+S208_M1x10,120,2026-03-21,35.2,0.0,35.2
S84+S208_M1x10,120,2026-03-23,583.44,0.0,583.44
S84+S208_M1x10,120,2026-03-24,2758.3578,0.0,2758.3578
S84+S208_M1x10,120,2026-03-25,-408.6355,0.0,-408.6355
S84+S208_M1x10,120,2026-03-26,876.2686,0.0,876.2686
S84+S208_M1x10,120,2026-03-27,-543.3512,86.2,-629.5512
S84+S208_M1x10,120,2026-03-30,568.03,72.6,495.43
S84+S208_M1x10,120,2026-03-31,378.0375,0.0,378.0375
S84+S208_M1x10,120,2026-04-01,1144.5275,0.0,1144.5275
S84+S208_M1x10,120,2026-04-02,2073.476,0.0,2073.476
S84+S208_M1x10,120,2026-04-03,-38.5,-38.5,0.0
S84+S208_M1x10,120,2026-04-06,-26.65,-69.8,43.15
S84+S208_M1x10,120,2026-04-07,189.8365,0.0,189.8365
S84+S208_M1x10,120,2026-04-08,405.59,0.0,405.59
S84+S208_M1x10,120,2026-04-09,508.75,0.0,508.75
S84+S208_M1x10,120,2026-04-10,465.78,0.0,465.78
S84+S208_M1x10,120,2026-04-11,-13.96,0.0,-13.96
S84+S208_M1x10,120,2026-04-13,-285.5,0.0,-285.5
S84+S208_M1x10,120,2026-04-14,288.31,118.2,170.11
S84+S208_M1x10,120,2026-04-15,329.79,-26.9,356.69
S84+S208_M1x10,120,2026-04-16,-202.28,0.0,-202.28
S84+S208_M1x10,120,2026-04-17,-82.3294,0.0,-82.3294
S84+S208_M1x10,120,2026-04-18,152.93,0.0,152.93
S84+S208_M1x10,120,2026-04-20,-145.0753,138.2,-283.2753
S84+S208_M1x10,120,2026-04-21,403.6479,61.4,342.2479
S84+S208_M1x10,120,2026-04-22,139.67,0.0,139.67
S84+S208_M1x10,120,2026-04-23,1496.122,36.6,1459.522
S84+S208_M1x10,120,2026-04-24,-247.6475,98.4,-346.0475
S84+S208_M1x10,120,2026-04-25,-42.15,0.0,-42.15
S84+S208_M1x10,120,2026-04-27,386.775,31.1,355.675
S84+S208_M1x10,120,2026-04-28,1218.234,92.5,1125.734
S84+S208_M1x10,120,2026-04-29,96.4025,36.4,60.0025
S84+S208_M1x10,120,2026-04-30,381.814,0.0,381.814
S84+S208_M1x10,120,2026-05-01,-641.2748,-63.3,-577.9748
S84+S208_M1x10,120,2026-05-04,969.22,0.0,969.22
S84+S208_M1x10,120,2026-05-05,561.0,30.4,530.6
S84+S208_M1x10,120,2026-05-06,661.21,54.3,606.91
S84+S208_M1x10,120,2026-05-07,-623.8741,-97.2,-526.6741
S84+S208_M1x10,120,2026-05-08,901.82,0.0,901.82
S84+S208_M1x10,120,2026-05-09,105.88,0.0,105.88
S84+S208_M1x10,120,2026-05-11,-20.738,28.1,-48.838
S84+S208_M1x10,120,2026-05-12,917.6975,0.0,917.6975
S84+S208_M1x10,120,2026-05-13,-239.4,-112.2,-127.2
S84+S208_M1x10,120,2026-05-14,99.52,0.0,99.52
S84+S208_M1x10,120,2026-05-15,1028.982,0.0,1028.982
S84+S208_M1x10,120,2026-05-16,-34.79,0.0,-34.79
S84+S208_M1x10,120,2026-05-18,767.6112,0.0,767.6112
S84+S208_M1x10,120,2026-05-19,1088.4737,0.0,1088.4737
S84+S208_M1x10,120,2026-05-20,93.47,0.0,93.47
S84+S208_M1x10,120,2026-05-21,196.04,0.0,196.04
S84+S208_M1x10,120,2026-05-22,600.8361,0.0,600.8361
S84+S208_M1x10,120,2026-05-23,-63.15,0.0,-63.15
S84+S208_M1x10,120,2026-05-25,575.5793,0.0,575.5793
S84+S208_M1x10,120,2026-05-26,530.266,0.0,530.266
S84+S208_M1x10,120,2026-05-27,821.0412,0.0,821.0412
S84+S208_M1x10,120,2026-05-28,1203.694,0.0,1203.694
S84+S208_M1x10,120,2026-05-29,1155.48,-105.3,1260.78
S84+S208_M1x10,120,2026-05-30,119.62,0.0,119.62
S84+S208_M1x10,120,2026-06-01,1262.255,-69.1,1331.355
S84+S208_M1x10,120,2026-06-02,110.16,0.0,110.16
S84+S208_M1x10,120,2026-06-03,1829.488,0.0,1829.488
S84+S208_M1x10,120,2026-06-04,1420.5288,0.0,1420.5288
S84+S208_M1x10,120,2026-06-05,209.9812,0.0,209.9812
S84+S208_M1x10,120,2026-06-08,147.46,0.0,147.46
S84+S208_M1x10,120,2026-06-09,-423.4532,0.0,-423.4532
S84+S208_M1x10,120,2026-06-10,1048.6303,0.0,1048.6303
S84+S208_M1x10,120,2026-06-11,893.06,0.0,893.06
S84+S208_M1x10,120,2026-06-12,-409.725,0.0,-409.725
S84+S208_M1x10,120,2026-06-15,1316.2,14.7,1301.5
S84+S208_M1x10,120,2026-06-16,-428.16,0.0,-428.16
S84+S208_M1x10,120,2026-06-17,-40.5134,-41.8,1.2866
S84+S208_M1x10,120,2026-06-18,828.45,0.0,828.45
S84+S208_M1x10,120,2026-06-19,164.832,0.0,164.832
S84+S208_M1x10,120,2026-06-22,-273.406,0.0,-273.406
S84+S208_M1x10,120,2026-06-23,905.9122,-47.1,953.0122
S84+S208_M1x10,120,2026-06-24,495.6237,0.0,495.6237
S84+S208_M1x10,120,2026-06-25,1193.1855,0.0,1193.1855
S84+S208_M1x10,120,2026-06-26,737.72,0.0,737.72
S84+S208_M1x10,120,2026-06-27,-221.12,0.0,-221.12
S84+S208_M1x10,120,2026-06-29,358.52,0.0,358.52
S84+S208_M1x10,120,2026-06-30,1095.2775,-14.2,1109.4775
S84+S208_M1x10,120,2026-07-01,-334.5763,0.0,-334.5763
S84+S208_M1x10,120,2026-07-02,1325.78,92.6,1233.18
S84+S208_M1x10,120,2026-07-03,293.7825,-23.3,317.0825
S84+S208_M1x10,150,2025-11-12,218.67,0.0,218.67
S84+S208_M1x10,150,2025-11-14,484.9355,0.0,484.9355
S84+S208_M1x10,150,2025-11-18,-53.76,0.0,-53.76
S84+S208_M1x10,150,2025-11-19,-292.3558,0.0,-292.3558
S84+S208_M1x10,150,2025-11-20,982.7952,0.0,982.7952
S84+S208_M1x10,150,2025-11-21,-276.6586,0.0,-276.6586
S84+S208_M1x10,150,2025-11-24,427.0269,0.0,427.0269
S84+S208_M1x10,150,2025-11-25,-611.3973,0.0,-611.3973
S84+S208_M1x10,150,2025-11-26,147.3205,0.0,147.3205
S84+S208_M1x10,150,2025-11-27,-132.64,0.0,-132.64
S84+S208_M1x10,150,2025-11-28,147.35,0.0,147.35
S84+S208_M1x10,150,2025-11-29,110.93,0.0,110.93
S84+S208_M1x10,150,2025-12-01,-51.45,0.0,-51.45
S84+S208_M1x10,150,2025-12-02,767.5729,0.0,767.5729
S84+S208_M1x10,150,2025-12-03,-433.9898,0.0,-433.9898
S84+S208_M1x10,150,2025-12-04,-162.326,0.0,-162.326
S84+S208_M1x10,150,2025-12-05,203.3,0.0,203.3
S84+S208_M1x10,150,2025-12-06,133.49,0.0,133.49
S84+S208_M1x10,150,2025-12-08,-29.91,0.0,-29.91
S84+S208_M1x10,150,2025-12-09,-39.62,0.0,-39.62
S84+S208_M1x10,150,2025-12-10,-209.9664,0.0,-209.9664
S84+S208_M1x10,150,2025-12-11,227.61,0.0,227.61
S84+S208_M1x10,150,2025-12-12,-119.0673,0.0,-119.0673
S84+S208_M1x10,150,2025-12-13,-20.04,0.0,-20.04
S84+S208_M1x10,150,2025-12-15,-217.5186,0.0,-217.5186
S84+S208_M1x10,150,2025-12-16,17.85,0.0,17.85
S84+S208_M1x10,150,2025-12-17,-65.65,0.0,-65.65
S84+S208_M1x10,150,2025-12-18,-998.7615,0.0,-998.7615
S84+S208_M1x10,150,2025-12-19,-66.28,0.0,-66.28
S84+S208_M1x10,150,2025-12-20,92.28,0.0,92.28
S84+S208_M1x10,150,2025-12-22,117.84,0.0,117.84
S84+S208_M1x10,150,2025-12-23,227.75,0.0,227.75
S84+S208_M1x10,150,2025-12-24,255.16,0.0,255.16
S84+S208_M1x10,150,2025-12-26,210.53,0.0,210.53
S84+S208_M1x10,150,2025-12-29,837.04,0.0,837.04
S84+S208_M1x10,150,2025-12-30,-194.48,0.0,-194.48
S84+S208_M1x10,150,2025-12-31,43.78,0.0,43.78
S84+S208_M1x10,150,2026-01-01,-12.85,0.0,-12.85
S84+S208_M1x10,150,2026-01-02,-75.01,0.0,-75.01
S84+S208_M1x10,150,2026-01-05,-169.15,0.0,-169.15
S84+S208_M1x10,150,2026-01-06,127.85,0.0,127.85
S84+S208_M1x10,150,2026-01-07,506.95,0.0,506.95
S84+S208_M1x10,150,2026-01-08,100.33,0.0,100.33
S84+S208_M1x10,150,2026-01-09,23.32,0.0,23.32
S84+S208_M1x10,150,2026-01-12,308.28,0.0,308.28
S84+S208_M1x10,150,2026-01-13,-160.36,0.0,-160.36
S84+S208_M1x10,150,2026-01-14,478.8785,0.0,478.8785
S84+S208_M1x10,150,2026-01-15,64.1994,0.0,64.1994
S84+S208_M1x10,150,2026-01-16,-166.48,0.0,-166.48
S84+S208_M1x10,150,2026-01-19,131.356,0.0,131.356
S84+S208_M1x10,150,2026-01-20,473.84,0.0,473.84
S84+S208_M1x10,150,2026-01-21,64.86,0.0,64.86
S84+S208_M1x10,150,2026-01-22,216.596,0.0,216.596
S84+S208_M1x10,150,2026-01-23,203.55,0.0,203.55
S84+S208_M1x10,150,2026-01-26,-534.136,0.0,-534.136
S84+S208_M1x10,150,2026-01-27,317.9769,0.0,317.9769
S84+S208_M1x10,150,2026-01-28,330.53,0.0,330.53
S84+S208_M1x10,150,2026-01-29,-348.4711,0.0,-348.4711
S84+S208_M1x10,150,2026-01-30,2498.726,0.0,2498.726
S84+S208_M1x10,150,2026-01-31,132.84,0.0,132.84
S84+S208_M1x10,150,2026-02-02,652.2,0.0,652.2
S84+S208_M1x10,150,2026-02-03,1084.9564,0.0,1084.9564
S84+S208_M1x10,150,2026-02-04,15.2984,0.0,15.2984
S84+S208_M1x10,150,2026-02-05,5771.8998,0.0,5771.8998
S84+S208_M1x10,150,2026-02-06,774.405,0.0,774.405
S84+S208_M1x10,150,2026-02-09,-130.0114,0.0,-130.0114
S84+S208_M1x10,150,2026-02-10,-467.61,0.0,-467.61
S84+S208_M1x10,150,2026-02-11,-831.2229,0.0,-831.2229
S84+S208_M1x10,150,2026-02-12,621.46,0.0,621.46
S84+S208_M1x10,150,2026-02-13,17.44,0.0,17.44
S84+S208_M1x10,150,2026-02-16,1049.9582,0.0,1049.9582
S84+S208_M1x10,150,2026-02-17,-157.57,0.0,-157.57
S84+S208_M1x10,150,2026-02-18,-816.8313,0.0,-816.8313
S84+S208_M1x10,150,2026-02-19,-936.7463,0.0,-936.7463
S84+S208_M1x10,150,2026-02-20,725.59,0.0,725.59
S84+S208_M1x10,150,2026-02-21,500.13,0.0,500.13
S84+S208_M1x10,150,2026-02-23,534.1114,0.0,534.1114
S84+S208_M1x10,150,2026-02-24,725.628,0.0,725.628
S84+S208_M1x10,150,2026-02-25,-246.93,0.0,-246.93
S84+S208_M1x10,150,2026-02-26,2862.4034,0.0,2862.4034
S84+S208_M1x10,150,2026-02-27,84.81,0.0,84.81
S84+S208_M1x10,150,2026-02-28,211.24,0.0,211.24
S84+S208_M1x10,150,2026-03-02,3325.0634,0.0,3325.0634
S84+S208_M1x10,150,2026-03-03,2766.756,0.0,2766.756
S84+S208_M1x10,150,2026-03-04,-538.136,0.0,-538.136
S84+S208_M1x10,150,2026-03-05,-613.9955,0.0,-613.9955
S84+S208_M1x10,150,2026-03-06,211.03,0.0,211.03
S84+S208_M1x10,150,2026-03-07,46.62,0.0,46.62
S84+S208_M1x10,150,2026-03-09,-994.1177,0.0,-994.1177
S84+S208_M1x10,150,2026-03-10,-234.082,0.0,-234.082
S84+S208_M1x10,150,2026-03-11,842.2272,0.0,842.2272
S84+S208_M1x10,150,2026-03-12,62.444,0.0,62.444
S84+S208_M1x10,150,2026-03-13,-296.82,0.0,-296.82
S84+S208_M1x10,150,2026-03-16,-760.6182,0.0,-760.6182
S84+S208_M1x10,150,2026-03-17,-271.3491,0.0,-271.3491
S84+S208_M1x10,150,2026-03-18,85.55,0.0,85.55
S84+S208_M1x10,150,2026-03-19,858.13,0.0,858.13
S84+S208_M1x10,150,2026-03-20,-311.02,0.0,-311.02
S84+S208_M1x10,150,2026-03-21,35.2,0.0,35.2
S84+S208_M1x10,150,2026-03-23,583.44,0.0,583.44
S84+S208_M1x10,150,2026-03-24,2758.3578,0.0,2758.3578
S84+S208_M1x10,150,2026-03-25,-408.6355,0.0,-408.6355
S84+S208_M1x10,150,2026-03-26,834.6886,0.0,834.6886
S84+S208_M1x10,150,2026-03-27,-456.9412,86.2,-543.1412
S84+S208_M1x10,150,2026-03-30,621.85,72.6,549.25
S84+S208_M1x10,150,2026-03-31,378.0375,0.0,378.0375
S84+S208_M1x10,150,2026-04-01,1148.8675,0.0,1148.8675
S84+S208_M1x10,150,2026-04-02,2073.476,0.0,2073.476
S84+S208_M1x10,150,2026-04-03,-38.5,-38.5,0.0
S84+S208_M1x10,150,2026-04-06,-36.94,-69.8,32.86
S84+S208_M1x10,150,2026-04-07,189.8365,0.0,189.8365
S84+S208_M1x10,150,2026-04-08,421.45,0.0,421.45
S84+S208_M1x10,150,2026-04-09,515.8,0.0,515.8
S84+S208_M1x10,150,2026-04-10,622.56,0.0,622.56
S84+S208_M1x10,150,2026-04-11,-13.96,0.0,-13.96
S84+S208_M1x10,150,2026-04-13,-309.7,0.0,-309.7
S84+S208_M1x10,150,2026-04-14,312.87,118.2,194.67
S84+S208_M1x10,150,2026-04-15,437.7,-26.9,464.6
S84+S208_M1x10,150,2026-04-16,-232.67,0.0,-232.67
S84+S208_M1x10,150,2026-04-17,-94.9594,0.0,-94.9594
S84+S208_M1x10,150,2026-04-18,220.19,0.0,220.19
S84+S208_M1x10,150,2026-04-20,-170.0753,138.2,-308.2753
S84+S208_M1x10,150,2026-04-21,457.0879,61.4,395.6879
S84+S208_M1x10,150,2026-04-22,155.22,0.0,155.22
S84+S208_M1x10,150,2026-04-23,1484.342,36.6,1447.742
S84+S208_M1x10,150,2026-04-24,-253.3275,98.4,-351.7275
S84+S208_M1x10,150,2026-04-25,-65.57,0.0,-65.57
S84+S208_M1x10,150,2026-04-27,464.595,31.1,433.495
S84+S208_M1x10,150,2026-04-28,1287.874,92.5,1195.374
S84+S208_M1x10,150,2026-04-29,158.0125,36.4,121.6125
S84+S208_M1x10,150,2026-04-30,394.004,0.0,394.004
S84+S208_M1x10,150,2026-05-01,-694.6148,-63.3,-631.3148
S84+S208_M1x10,150,2026-05-04,1062.14,0.0,1062.14
S84+S208_M1x10,150,2026-05-05,768.46,30.4,738.06
S84+S208_M1x10,150,2026-05-06,629.1,54.3,574.8
S84+S208_M1x10,150,2026-05-07,-639.5841,-97.2,-542.3841
S84+S208_M1x10,150,2026-05-08,1096.41,0.0,1096.41
S84+S208_M1x10,150,2026-05-09,130.97,0.0,130.97
S84+S208_M1x10,150,2026-05-11,74.732,28.1,46.632
S84+S208_M1x10,150,2026-05-12,1019.6975,0.0,1019.6975
S84+S208_M1x10,150,2026-05-13,-263.1,-112.2,-150.9
S84+S208_M1x10,150,2026-05-14,167.32,0.0,167.32
S84+S208_M1x10,150,2026-05-15,1103.712,0.0,1103.712
S84+S208_M1x10,150,2026-05-16,-34.79,0.0,-34.79
S84+S208_M1x10,150,2026-05-18,708.3812,0.0,708.3812
S84+S208_M1x10,150,2026-05-19,1240.9338,0.0,1240.9338
S84+S208_M1x10,150,2026-05-20,150.23,0.0,150.23
S84+S208_M1x10,150,2026-05-21,298.18,0.0,298.18
S84+S208_M1x10,150,2026-05-22,766.8161,0.0,766.8161
S84+S208_M1x10,150,2026-05-23,-82.68,0.0,-82.68
S84+S208_M1x10,150,2026-05-25,567.6893,0.0,567.6893
S84+S208_M1x10,150,2026-05-26,560.086,0.0,560.086
S84+S208_M1x10,150,2026-05-27,846.4113,0.0,846.4113
S84+S208_M1x10,150,2026-05-28,1241.284,0.0,1241.284
S84+S208_M1x10,150,2026-05-29,1290.39,-105.3,1395.69
S84+S208_M1x10,150,2026-05-30,119.62,0.0,119.62
S84+S208_M1x10,150,2026-06-01,1361.025,-69.1,1430.125
S84+S208_M1x10,150,2026-06-02,61.67,0.0,61.67
S84+S208_M1x10,150,2026-06-03,1910.228,0.0,1910.228
S84+S208_M1x10,150,2026-06-04,1476.9588,0.0,1476.9588
S84+S208_M1x10,150,2026-06-05,325.6013,0.0,325.6013
S84+S208_M1x10,150,2026-06-08,88.13,0.0,88.13
S84+S208_M1x10,150,2026-06-09,-388.1132,0.0,-388.1132
S84+S208_M1x10,150,2026-06-10,1055.9503,0.0,1055.9503
S84+S208_M1x10,150,2026-06-11,890.91,0.0,890.91
S84+S208_M1x10,150,2026-06-12,-305.545,0.0,-305.545
S84+S208_M1x10,150,2026-06-15,1377.54,14.7,1362.84
S84+S208_M1x10,150,2026-06-16,-447.05,0.0,-447.05
S84+S208_M1x10,150,2026-06-17,-29.4334,-41.8,12.3666
S84+S208_M1x10,150,2026-06-18,799.39,0.0,799.39
S84+S208_M1x10,150,2026-06-19,143.312,0.0,143.312
S84+S208_M1x10,150,2026-06-22,-310.516,0.0,-310.516
S84+S208_M1x10,150,2026-06-23,968.7022,-47.1,1015.8022
S84+S208_M1x10,150,2026-06-24,607.7538,0.0,607.7538
S84+S208_M1x10,150,2026-06-25,1148.5355,0.0,1148.5355
S84+S208_M1x10,150,2026-06-26,855.15,0.0,855.15
S84+S208_M1x10,150,2026-06-27,-256.96,0.0,-256.96
S84+S208_M1x10,150,2026-06-29,361.17,0.0,361.17
S84+S208_M1x10,150,2026-06-30,1366.6475,-14.2,1380.8475
S84+S208_M1x10,150,2026-07-01,-298.5262,0.0,-298.5262
S84+S208_M1x10,150,2026-07-02,1417.47,92.6,1324.87
S84+S208_M1x10,150,2026-07-03,293.7825,-23.3,317.0825
S84+S208_M1x10,180,2025-09-30,212.8425,0.0,212.8425
S84+S208_M1x10,180,2025-10-02,334.691,0.0,334.691
S84+S208_M1x10,180,2025-10-03,0.0,0.0,0.0
S84+S208_M1x10,180,2025-10-06,-78.8955,0.0,-78.8955
S84+S208_M1x10,180,2025-10-07,528.1294,0.0,528.1294
S84+S208_M1x10,180,2025-10-08,208.06,0.0,208.06
S84+S208_M1x10,180,2025-10-09,507.3225,0.0,507.3225
S84+S208_M1x10,180,2025-10-10,-197.18,0.0,-197.18
S84+S208_M1x10,180,2025-10-13,761.0488,0.0,761.0488
S84+S208_M1x10,180,2025-10-14,-999.9079,0.0,-999.9079
S84+S208_M1x10,180,2025-10-15,69.15,0.0,69.15
S84+S208_M1x10,180,2025-10-16,742.83,0.0,742.83
S84+S208_M1x10,180,2025-10-17,849.2897,0.0,849.2897
S84+S208_M1x10,180,2025-10-20,1248.8416,0.0,1248.8416
S84+S208_M1x10,180,2025-10-21,2231.4067,0.0,2231.4067
S84+S208_M1x10,180,2025-10-22,54.54,0.0,54.54
S84+S208_M1x10,180,2025-10-23,-164.72,0.0,-164.72
S84+S208_M1x10,180,2025-10-24,276.7337,0.0,276.7337
S84+S208_M1x10,180,2025-10-25,-58.86,0.0,-58.86
S84+S208_M1x10,180,2025-10-27,540.969,0.0,540.969
S84+S208_M1x10,180,2025-10-28,-135.98,0.0,-135.98
S84+S208_M1x10,180,2025-10-29,-161.256,0.0,-161.256
S84+S208_M1x10,180,2025-10-30,-111.88,0.0,-111.88
S84+S208_M1x10,180,2025-10-31,0.073,0.0,0.073
S84+S208_M1x10,180,2025-11-01,-14.21,0.0,-14.21
S84+S208_M1x10,180,2025-11-03,-823.4145,0.0,-823.4145
S84+S208_M1x10,180,2025-11-04,-229.706,0.0,-229.706
S84+S208_M1x10,180,2025-11-05,265.86,0.0,265.86
S84+S208_M1x10,180,2025-11-06,22.3,0.0,22.3
S84+S208_M1x10,180,2025-11-07,-417.185,0.0,-417.185
S84+S208_M1x10,180,2025-11-10,432.23,0.0,432.23
S84+S208_M1x10,180,2025-11-11,-54.4637,0.0,-54.4637
S84+S208_M1x10,180,2025-11-12,613.33,0.0,613.33
S84+S208_M1x10,180,2025-11-13,-26.79,0.0,-26.79
S84+S208_M1x10,180,2025-11-14,906.57,0.0,906.57
S84+S208_M1x10,180,2025-11-15,16.6,0.0,16.6
S84+S208_M1x10,180,2025-11-17,-231.57,0.0,-231.57
S84+S208_M1x10,180,2025-11-18,419.83,0.0,419.83
S84+S208_M1x10,180,2025-11-19,-128.8313,0.0,-128.8313
S84+S208_M1x10,180,2025-11-20,514.847,0.0,514.847
S84+S208_M1x10,180,2025-11-21,-171.9686,0.0,-171.9686
S84+S208_M1x10,180,2025-11-22,-16.39,0.0,-16.39
S84+S208_M1x10,180,2025-11-24,214.8929,0.0,214.8929
S84+S208_M1x10,180,2025-11-25,-623.9573,0.0,-623.9573
S84+S208_M1x10,180,2025-11-26,169.6305,0.0,169.6305
S84+S208_M1x10,180,2025-11-27,-175.32,0.0,-175.32
S84+S208_M1x10,180,2025-11-28,149.46,0.0,149.46
S84+S208_M1x10,180,2025-11-29,110.93,0.0,110.93
S84+S208_M1x10,180,2025-12-01,-117.47,0.0,-117.47
S84+S208_M1x10,180,2025-12-02,823.8029,0.0,823.8029
S84+S208_M1x10,180,2025-12-03,-307.7338,0.0,-307.7338
S84+S208_M1x10,180,2025-12-04,-74.09,0.0,-74.09
S84+S208_M1x10,180,2025-12-05,310.77,0.0,310.77
S84+S208_M1x10,180,2025-12-06,133.49,0.0,133.49
S84+S208_M1x10,180,2025-12-08,-45.97,0.0,-45.97
S84+S208_M1x10,180,2025-12-09,-89.18,0.0,-89.18
S84+S208_M1x10,180,2025-12-10,-243.1064,0.0,-243.1064
S84+S208_M1x10,180,2025-12-11,208.55,0.0,208.55
S84+S208_M1x10,180,2025-12-12,-203.7873,0.0,-203.7873
S84+S208_M1x10,180,2025-12-13,-20.04,0.0,-20.04
S84+S208_M1x10,180,2025-12-15,-237.9586,0.0,-237.9586
S84+S208_M1x10,180,2025-12-16,54.61,0.0,54.61
S84+S208_M1x10,180,2025-12-17,-73.17,0.0,-73.17
S84+S208_M1x10,180,2025-12-18,-978.9215,0.0,-978.9215
S84+S208_M1x10,180,2025-12-19,-86.92,0.0,-86.92
S84+S208_M1x10,180,2025-12-20,76.9,0.0,76.9
S84+S208_M1x10,180,2025-12-22,-8.36,0.0,-8.36
S84+S208_M1x10,180,2025-12-23,354.97,0.0,354.97
S84+S208_M1x10,180,2025-12-24,308.86,0.0,308.86
S84+S208_M1x10,180,2025-12-26,235.21,0.0,235.21
S84+S208_M1x10,180,2025-12-29,571.606,0.0,571.606
S84+S208_M1x10,180,2025-12-30,-80.53,0.0,-80.53
S84+S208_M1x10,180,2025-12-31,237.992,0.0,237.992
S84+S208_M1x10,180,2026-01-01,-12.85,0.0,-12.85
S84+S208_M1x10,180,2026-01-02,37.582,0.0,37.582
S84+S208_M1x10,180,2026-01-05,-200.34,0.0,-200.34
S84+S208_M1x10,180,2026-01-06,112.5,0.0,112.5
S84+S208_M1x10,180,2026-01-07,901.83,0.0,901.83
S84+S208_M1x10,180,2026-01-08,211.38,0.0,211.38
S84+S208_M1x10,180,2026-01-09,22.91,0.0,22.91
S84+S208_M1x10,180,2026-01-12,378.88,0.0,378.88
S84+S208_M1x10,180,2026-01-13,-128.46,0.0,-128.46
S84+S208_M1x10,180,2026-01-14,472.6085,0.0,472.6085
S84+S208_M1x10,180,2026-01-15,38.8894,0.0,38.8894
S84+S208_M1x10,180,2026-01-16,-230.46,0.0,-230.46
S84+S208_M1x10,180,2026-01-19,281.576,0.0,281.576
S84+S208_M1x10,180,2026-01-20,476.9,0.0,476.9
S84+S208_M1x10,180,2026-01-21,69.4,0.0,69.4
S84+S208_M1x10,180,2026-01-22,221.456,0.0,221.456
S84+S208_M1x10,180,2026-01-23,188.12,0.0,188.12
S84+S208_M1x10,180,2026-01-26,-610.416,0.0,-610.416
S84+S208_M1x10,180,2026-01-27,275.3269,0.0,275.3269
S84+S208_M1x10,180,2026-01-28,320.92,0.0,320.92
S84+S208_M1x10,180,2026-01-29,-348.4711,0.0,-348.4711
S84+S208_M1x10,180,2026-01-30,2498.726,0.0,2498.726
S84+S208_M1x10,180,2026-01-31,132.84,0.0,132.84
S84+S208_M1x10,180,2026-02-02,652.2,0.0,652.2
S84+S208_M1x10,180,2026-02-03,1084.9564,0.0,1084.9564
S84+S208_M1x10,180,2026-02-04,2.5884,0.0,2.5884
S84+S208_M1x10,180,2026-02-05,5771.8998,0.0,5771.8998
S84+S208_M1x10,180,2026-02-06,793.405,0.0,793.405
S84+S208_M1x10,180,2026-02-09,-92.7614,0.0,-92.7614
S84+S208_M1x10,180,2026-02-10,-513.1,0.0,-513.1
S84+S208_M1x10,180,2026-02-11,-662.2029,0.0,-662.2029
S84+S208_M1x10,180,2026-02-12,669.03,0.0,669.03
S84+S208_M1x10,180,2026-02-13,11.46,0.0,11.46
S84+S208_M1x10,180,2026-02-16,1102.6682,0.0,1102.6682
S84+S208_M1x10,180,2026-02-17,-253.0,0.0,-253.0
S84+S208_M1x10,180,2026-02-18,-771.0813,0.0,-771.0813
S84+S208_M1x10,180,2026-02-19,-999.6862,0.0,-999.6862
S84+S208_M1x10,180,2026-02-20,707.84,0.0,707.84
S84+S208_M1x10,180,2026-02-21,500.13,0.0,500.13
S84+S208_M1x10,180,2026-02-23,528.6414,0.0,528.6414
S84+S208_M1x10,180,2026-02-24,1050.028,0.0,1050.028
S84+S208_M1x10,180,2026-02-25,-337.39,0.0,-337.39
S84+S208_M1x10,180,2026-02-26,3033.6834,0.0,3033.6834
S84+S208_M1x10,180,2026-02-27,212.11,0.0,212.11
S84+S208_M1x10,180,2026-02-28,211.24,0.0,211.24
S84+S208_M1x10,180,2026-03-02,3280.2834,0.0,3280.2834
S84+S208_M1x10,180,2026-03-03,2766.756,0.0,2766.756
S84+S208_M1x10,180,2026-03-04,-498.626,0.0,-498.626
S84+S208_M1x10,180,2026-03-05,-648.4655,0.0,-648.4655
S84+S208_M1x10,180,2026-03-06,161.95,0.0,161.95
S84+S208_M1x10,180,2026-03-07,46.62,0.0,46.62
S84+S208_M1x10,180,2026-03-09,-999.6377,0.0,-999.6377
S84+S208_M1x10,180,2026-03-10,-284.112,0.0,-284.112
S84+S208_M1x10,180,2026-03-11,862.6672,0.0,862.6672
S84+S208_M1x10,180,2026-03-12,79.054,0.0,79.054
S84+S208_M1x10,180,2026-03-13,-351.08,0.0,-351.08
S84+S208_M1x10,180,2026-03-16,-745.4282,0.0,-745.4282
S84+S208_M1x10,180,2026-03-17,-320.9791,0.0,-320.9791
S84+S208_M1x10,180,2026-03-18,128.13,0.0,128.13
S84+S208_M1x10,180,2026-03-19,879.33,0.0,879.33
S84+S208_M1x10,180,2026-03-20,-285.0,0.0,-285.0
S84+S208_M1x10,180,2026-03-21,35.2,0.0,35.2
S84+S208_M1x10,180,2026-03-23,583.44,0.0,583.44
S84+S208_M1x10,180,2026-03-24,2758.3578,0.0,2758.3578
S84+S208_M1x10,180,2026-03-25,-443.3755,0.0,-443.3755
S84+S208_M1x10,180,2026-03-26,806.6886,0.0,806.6886
S84+S208_M1x10,180,2026-03-27,-448.1812,86.2,-534.3812
S84+S208_M1x10,180,2026-03-30,810.89,72.6,738.29
S84+S208_M1x10,180,2026-03-31,413.9875,0.0,413.9875
S84+S208_M1x10,180,2026-04-01,1218.2475,0.0,1218.2475
S84+S208_M1x10,180,2026-04-02,2125.936,0.0,2125.936
S84+S208_M1x10,180,2026-04-03,-38.5,-38.5,0.0
S84+S208_M1x10,180,2026-04-06,-3.14,-69.8,66.66
S84+S208_M1x10,180,2026-04-07,231.4465,0.0,231.4465
S84+S208_M1x10,180,2026-04-08,407.14,0.0,407.14
S84+S208_M1x10,180,2026-04-09,602.79,0.0,602.79
S84+S208_M1x10,180,2026-04-10,599.24,0.0,599.24
S84+S208_M1x10,180,2026-04-11,-13.96,0.0,-13.96
S84+S208_M1x10,180,2026-04-13,-437.31,0.0,-437.31
S84+S208_M1x10,180,2026-04-14,287.98,118.2,169.78
S84+S208_M1x10,180,2026-04-15,431.36,-26.9,458.26
S84+S208_M1x10,180,2026-04-16,-339.85,0.0,-339.85
S84+S208_M1x10,180,2026-04-17,-133.7694,0.0,-133.7694
S84+S208_M1x10,180,2026-04-18,170.64,0.0,170.64
S84+S208_M1x10,180,2026-04-20,-195.3853,138.2,-333.5853
S84+S208_M1x10,180,2026-04-21,521.4479,61.4,460.0479
S84+S208_M1x10,180,2026-04-22,113.08,0.0,113.08
S84+S208_M1x10,180,2026-04-23,1481.762,36.6,1445.162
S84+S208_M1x10,180,2026-04-24,-325.8475,98.4,-424.2475
S84+S208_M1x10,180,2026-04-25,-77.85,0.0,-77.85
S84+S208_M1x10,180,2026-04-27,586.365,31.1,555.265
S84+S208_M1x10,180,2026-04-28,1584.214,92.5,1491.714
S84+S208_M1x10,180,2026-04-29,283.8925,36.4,247.4925
S84+S208_M1x10,180,2026-04-30,413.934,0.0,413.934
S84+S208_M1x10,180,2026-05-01,-683.9248,-63.3,-620.6248
S84+S208_M1x10,180,2026-05-04,1080.17,0.0,1080.17
S84+S208_M1x10,180,2026-05-05,617.09,30.4,586.69
S84+S208_M1x10,180,2026-05-06,663.45,54.3,609.15
S84+S208_M1x10,180,2026-05-07,-615.9341,-97.2,-518.7341
S84+S208_M1x10,180,2026-05-08,1022.82,0.0,1022.82
S84+S208_M1x10,180,2026-05-09,97.52,0.0,97.52
S84+S208_M1x10,180,2026-05-11,66.662,28.1,38.562
S84+S208_M1x10,180,2026-05-12,1045.2675,0.0,1045.2675
S84+S208_M1x10,180,2026-05-13,-279.76,-112.2,-167.56
S84+S208_M1x10,180,2026-05-14,165.77,0.0,165.77
S84+S208_M1x10,180,2026-05-15,1287.192,0.0,1287.192
S84+S208_M1x10,180,2026-05-16,-52.12,0.0,-52.12
S84+S208_M1x10,180,2026-05-18,597.6812,0.0,597.6812
S84+S208_M1x10,180,2026-05-19,1577.8338,0.0,1577.8338
S84+S208_M1x10,180,2026-05-20,259.26,0.0,259.26
S84+S208_M1x10,180,2026-05-21,336.23,0.0,336.23
S84+S208_M1x10,180,2026-05-22,660.7361,0.0,660.7361
S84+S208_M1x10,180,2026-05-23,-75.4,0.0,-75.4
S84+S208_M1x10,180,2026-05-25,790.5593,0.0,790.5593
S84+S208_M1x10,180,2026-05-26,696.206,0.0,696.206
S84+S208_M1x10,180,2026-05-27,861.1812,0.0,861.1812
S84+S208_M1x10,180,2026-05-28,1119.844,0.0,1119.844
S84+S208_M1x10,180,2026-05-29,1681.43,-105.3,1786.73
S84+S208_M1x10,180,2026-05-30,119.62,0.0,119.62
S84+S208_M1x10,180,2026-06-01,1728.945,-69.1,1798.045
S84+S208_M1x10,180,2026-06-02,35.02,0.0,35.02
S84+S208_M1x10,180,2026-06-03,2197.178,0.0,2197.178
S84+S208_M1x10,180,2026-06-04,2059.1788,0.0,2059.1788
S84+S208_M1x10,180,2026-06-05,452.1613,0.0,452.1613
S84+S208_M1x10,180,2026-06-08,111.2,0.0,111.2
S84+S208_M1x10,180,2026-06-09,-510.8432,0.0,-510.8432
S84+S208_M1x10,180,2026-06-10,1043.7002,0.0,1043.7002
S84+S208_M1x10,180,2026-06-11,1087.9,0.0,1087.9
S84+S208_M1x10,180,2026-06-12,-170.995,0.0,-170.995
S84+S208_M1x10,180,2026-06-15,1613.21,14.7,1598.51
S84+S208_M1x10,180,2026-06-16,-584.21,0.0,-584.21
S84+S208_M1x10,180,2026-06-17,-83.4934,-41.8,-41.6934
S84+S208_M1x10,180,2026-06-18,973.71,0.0,973.71
S84+S208_M1x10,180,2026-06-19,150.692,0.0,150.692
S84+S208_M1x10,180,2026-06-22,-356.336,0.0,-356.336
S84+S208_M1x10,180,2026-06-23,1008.1722,-47.1,1055.2722
S84+S208_M1x10,180,2026-06-24,1020.2637,0.0,1020.2637
S84+S208_M1x10,180,2026-06-25,1079.1555,0.0,1079.1555
S84+S208_M1x10,180,2026-06-26,1230.45,0.0,1230.45
S84+S208_M1x10,180,2026-06-27,-351.68,0.0,-351.68
S84+S208_M1x10,180,2026-06-29,455.45,0.0,455.45
S84+S208_M1x10,180,2026-06-30,1487.6575,-14.2,1501.8575
S84+S208_M1x10,180,2026-07-01,-390.6363,0.0,-390.6363
S84+S208_M1x10,180,2026-07-02,1781.42,92.6,1688.82
S84+S208_M1x10,180,2026-07-03,293.7825,-23.3,317.0825
