signal_time,exit_time,direction,entry,sl,tp,outcome,profit,pattern,reason
2026-01-07T15:35:00+07:00,2026-01-07T15:45:00+07:00,BUY,4471.5,4466.01,4515.61,BE,-0.2,S349 BUY JS Occupancy Tilt 8R,"JS=0.2223, drift=0.0338, excess=0.1884, mass tilt=0.3500, tilt shift=0.3344"
2026-01-12T20:50:00+07:00,2026-01-12T21:00:00+07:00,BUY,4619.66,4613.55,4669.35,BE,-0.2,S349 BUY JS Occupancy Tilt 8R,"JS=0.1505, drift=0.0426, excess=0.1079, mass tilt=0.4000, tilt shift=0.3844"
2026-01-13T21:20:00+07:00,2026-01-13T21:30:00+07:00,BUY,4622.3,4614.01,4690.78,BE,-0.2,S349 BUY JS Occupancy Tilt 8R,"JS=0.1286, drift=0.0324, excess=0.0962, mass tilt=0.4000, tilt shift=0.3844"
2026-01-22T22:25:00+07:00,2026-01-23T06:00:00+07:00,BUY,4853.91,4841.78,4951.77,TP,97.66,S349 BUY JS Occupancy Tilt 8R,"JS=0.2091, drift=0.1126, excess=0.0964, mass tilt=0.5500, tilt shift=0.5344"
2026-03-17T19:25:00+07:00,2026-03-17T19:35:00+07:00,BUY,5020.14,5015.14,5059.51,BE,-0.2,S349 BUY JS Occupancy Tilt 8R,"JS=0.1752, drift=0.0576, excess=0.1176, mass tilt=0.4000, tilt shift=0.3844"
2026-04-15T20:05:00+07:00,2026-04-15T20:15:00+07:00,BUY,4813.04,4806.66,4864.18,BE,-0.2,S349 BUY JS Occupancy Tilt 8R,"JS=0.1416, drift=0.0419, excess=0.0997, mass tilt=0.5000, tilt shift=0.4844"
2026-05-11T21:40:00+07:00,2026-05-11T21:50:00+07:00,BUY,4743.72,4734.48,4818.28,BE,-0.2,S349 BUY JS Occupancy Tilt 8R,"JS=0.2251, drift=0.0336, excess=0.1915, mass tilt=0.3500, tilt shift=0.3344"
2026-06-19T15:00:00+07:00,2026-06-19T15:10:00+07:00,BUY,4155.88,4147.34,4226.55,BE,-0.2,S349 BUY JS Occupancy Tilt 8R,"JS=0.1373, drift=0.0582, excess=0.0792, mass tilt=0.4500, tilt shift=0.4344"
2026-06-19T16:20:00+07:00,2026-06-19T16:30:00+07:00,BUY,4175.3,4167.66,4236.52,BE,-0.2,S349 BUY JS Occupancy Tilt 8R,"JS=0.1475, drift=0.0552, excess=0.0923, mass tilt=0.5000, tilt shift=0.4844"
