Pattern,TF,Time (BKK),Type,Limit_Price,Entry,SL,TP,be_trig,be_act,RSI,ATR,Lot,dist_sma50,dist_sma200,body,range,Bars_Waited,Reason,P&L,CloseTime (BKK),Balance,Date,Month,MT5_Ticket,MT5_Time,MT5_Entry,MT5_Comment
Naiya,H1,2026-08-31 10:00,BUY,4443.02,4443.02,4429.36,4696.68,4470.34,False,32.39,20.45,0.01,-2.46,-2.67,7.64,15.7,1,SL,-13.66,2026-08-31 15:00,3458.9099999999426,2026-08-31,2026-08,579930079,2026-09-01 12:18,4430.1,M1_S20.149
Naiya Doji,H1,2026-08-31 13:00,SELL,4462.1,4462.1,4471.94,4445.43,4442.42,False,49.71,19.17,0.01,-1.83,-2.27,1.44,11.46,10,TP,16.67,2026-08-31 14:00,3475.5799999999426,2026-08-31,2026-08,579961051,2026-09-01 13:38,4437.34,M1_S20.149
Naiya Hidden,H1,2026-08-31 13:00,SELL,4461.46,4461.46,4526.85,4445.43,4330.69,False,49.71,19.17,0.01,-1.83,-2.27,1.44,11.46,10,TP,16.03,2026-08-31 14:00,3491.6099999999424,2026-08-31,2026-08,579963706,2026-09-01 13:42,4442.85,M1_S20.149
Naiya Doji,H1,2026-08-31 15:00,BUY,4418.93,4418.93,4412.95,4696.68,4430.89,False,34.29,19.66,0.01,-2.5,-3.1,17.37,32.61,8,SL,-5.98,2026-09-01 09:00,3618.9899999999434,2026-09-01,2026-09,579980385,2026-09-01 14:22,4431.87,M1_S20.149
Naiya Doji,H1,2026-08-31 15:00,BUY,4418.93,4418.93,4412.95,4696.68,4430.89,False,34.29,19.66,0.01,-2.5,-3.1,17.37,32.61,7,SL,-5.98,2026-09-01 09:00,3613.009999999944,2026-09-01,2026-09,580068218,2026-09-01 17:01,4369.95,M5_S20.149
Naiya Doji,H1,2026-09-01 09:00,BUY,4418.93,4418.93,4412.95,4696.68,4430.89,False,43.73,15.41,0.01,-1.3,-3.18,9.45,22.96,16,SL,-5.98,2026-09-01 09:00,3686.1599999999435,2026-09-01,2026-09,580848402,2026-09-02 22:58,4375.61,M1_S20.149
Naiya Doji,H1,2026-09-01 09:00,BUY,4418.93,4418.93,4412.95,4696.68,4430.89,False,43.73,15.41,0.01,-1.3,-3.18,9.45,22.96,15,SL,-5.98,2026-09-01 09:00,3680.179999999944,2026-09-01,2026-09,580961004,2026-09-03 07:29,4382.33,M1_S20.149
Naiya,H1,2026-09-01 14:00,BUY,4370.79,4370.79,4364.68,4471.94,4383.01,False,21.28,19.63,0.01,-2.23,-4.51,18.06,24.03,2,SL,-6.11,2026-09-01 14:00,3590.3499999999503,2026-09-01,2026-09,580367948,2026-09-02 01:25,4344.32,M5_S20.149
Naiya Doji,H1,2026-09-01 19:00,BUY,4346.84,4346.84,4326.23,4471.94,4388.06,False,25.43,22.57,0.01,-2.0,-4.73,8.26,10.97,2,SL,-20.61,2026-09-01 21:00,3569.7399999999507,2026-09-01,2026-09,580378452,2026-09-02 02:13,4335.46,M1_S20.149
Naiya,H1,2026-09-02 11:00,SELL,4321.71,4321.71,4331.34,4306.13,4302.45,False,37.45,17.27,0.01,-1.8,-5.21,4.38,17.53,1,TP,15.58,2026-09-02 11:00,3585.3199999999506,2026-09-02,2026-09,580484781,2026-09-02 10:33,4306.35,M1_S20.149
Naiya Doji,H1,2026-09-02 15:00,SELL,4379.6,4379.6,4387.22,4367.27,4364.36,False,69.27,21.95,0.01,0.14,-3.44,53.94,54.64,24,TP,12.33,2026-09-02 15:00,3597.6499999999505,2026-09-02,2026-09,580572347,2026-09-02 15:38,4331.07,M1_S20.149
Naiya Doji,H1,2026-09-02 15:00,SELL,4379.6,4379.6,4387.22,4367.27,4364.36,False,69.27,21.95,0.01,0.14,-3.44,53.94,54.64,23,TP,12.33,2026-09-02 15:00,3609.9799999999505,2026-09-02,2026-09,580694656,2026-09-02 20:20,4336.45,M5_S20.149
Naiya Doji,H1,2026-09-02 15:00,SELL,4379.6,4379.6,4387.22,4367.27,4364.36,False,69.27,21.95,0.01,0.14,-3.44,53.94,54.64,22,TP,12.33,2026-09-02 15:00,3622.3099999999504,2026-09-02,2026-09,580735788,2026-09-02 21:11,4344.32,M15_S20.149
Naiya Doji,H1,2026-09-02 15:00,SELL,4364.4,4364.4,4375.52,4346.41,4342.16,False,69.27,21.95,0.01,0.14,-3.44,53.94,54.64,20,SL,-11.12,2026-09-02 15:00,3611.1899999999505,2026-09-02,2026-09,580568966,2026-09-02 15:07,4325.96,M1_S20.149
Naiya,H1,2026-09-02 15:00,SELL,4360.36,4360.36,4373.89,4338.47,4333.3,False,69.27,21.95,0.01,0.14,-3.44,53.94,54.64,20,SL,-13.53,2026-09-02 15:00,3597.6599999999507,2026-09-02,2026-09,580489186,2026-09-02 13:30,4314.73,M1_S20.149
Naiya Doji,H1,2026-09-02 15:00,SELL,4364.4,4364.4,4375.52,4346.41,4342.16,False,69.27,21.95,0.01,0.14,-3.44,53.94,54.64,19,SL,-11.12,2026-09-02 15:00,3586.539999999951,2026-09-02,2026-09,580760982,2026-09-02 21:29,4358.15,M1_S20.149
Naiya Doji,H1,2026-09-02 15:00,SELL,4364.4,4364.4,4375.52,4346.41,4342.16,False,69.27,21.95,0.01,0.14,-3.44,53.94,54.64,18,SL,-11.12,2026-09-02 15:00,3575.419999999951,2026-09-02,2026-09,580768953,2026-09-02 21:35,4367.31,M1_S20.149
Naiya Doji,H1,2026-09-02 15:00,SELL,4364.4,4364.4,4375.52,4346.41,4342.16,False,69.27,21.95,0.01,0.14,-3.44,53.94,54.64,17,SL,-11.12,2026-09-02 15:00,3564.299999999951,2026-09-02,2026-09,580927396,2026-09-03 03:23,4380.76,M1_S20.149
Naiya Doji,H1,2026-09-02 15:00,SELL,4364.4,4364.4,4375.52,4346.41,4342.16,False,69.27,21.95,0.01,0.14,-3.44,53.94,54.64,16,SL,-11.12,2026-09-02 15:00,3553.179999999951,2026-09-02,2026-09,580926525,2026-09-03 03:23,4380.76,M1_S20.149
Naiya Doji,H1,2026-09-02 15:00,SELL,4364.4,4364.4,4375.52,4346.41,4342.16,False,69.27,21.95,0.01,0.14,-3.44,53.94,54.64,15,SL,-11.12,2026-09-02 15:00,3542.0599999999513,2026-09-02,2026-09,580899813,2026-09-03 09:07,4397.61,M15_S20.149
Naiya,H1,2026-09-02 20:00,BUY,4373.09,4373.09,4364.53,4471.94,4390.21,False,74.34,19.31,0.01,0.03,-3.61,2.76,10.45,1,TP,98.85,2026-09-03 14:00,3497.559999999953,2026-09-03,2026-09,580389940,2026-09-02 02:42,4329.01,M1_S20.149
Naiya,H1,2026-09-03 12:00,SELL,4428.79,4428.79,4443.55,4282.59,4399.27,False,68.64,13.89,0.01,1.43,-2.16,0.01,10.82,1,SL,-14.76,2026-09-03 13:00,3482.799999999953,2026-09-03,2026-09,581069643,2026-09-03 13:50,4438.55,M15_S20.149
Naiya Doji,H1,2026-09-03 14:00,SELL,4454.01,4454.01,4461.41,4445.43,4439.21,False,84.59,18.22,0.01,2.87,-0.67,49.18,57.31,57,SL,-7.4,2026-09-03 14:00,3475.3999999999533,2026-09-03,2026-09,581280254,2026-09-03 20:58,4494.4,M1_S20.149
Naiya,H1,2026-09-03 14:00,SELL,4452.34,4452.34,4461.41,4445.43,4434.2,False,84.59,18.22,0.01,2.87,-0.67,49.18,57.31,57,SL,-9.07,2026-09-03 14:00,3466.3299999999535,2026-09-03,2026-09,581444420,2026-09-04 01:26,4491.36,M1_S20.149
Naiya Doji,H1,2026-09-03 14:00,SELL,4454.01,4454.01,4461.41,4445.43,4439.21,False,84.59,18.22,0.01,2.87,-0.67,49.18,57.31,56,SL,-7.4,2026-09-03 14:00,3458.929999999954,2026-09-03,2026-09,581445772,2026-09-04 01:36,4494.02,M1_S20.149
Naiya Doji,H1,2026-09-03 14:00,SELL,4454.01,4454.01,4461.41,4445.43,4439.21,False,84.59,18.22,0.01,2.87,-0.67,49.18,57.31,55,SL,-7.4,2026-09-03 14:00,3451.5299999999543,2026-09-03,2026-09,581471437,2026-09-04 06:05,4476.86,M1_S20.149
Naiya Doji,H1,2026-09-03 14:00,SELL,4454.01,4454.01,4461.41,4445.43,4439.21,False,84.59,18.22,0.01,2.87,-0.67,49.18,57.31,54,SL,-7.4,2026-09-03 14:00,3444.1299999999546,2026-09-03,2026-09,581471642,2026-09-04 06:14,4477.06,M1_S20.149
Naiya Doji,H1,2026-09-03 14:00,SELL,4454.01,4454.01,4461.41,4445.43,4439.21,False,84.59,18.22,0.01,2.87,-0.67,49.18,57.31,53,SL,-7.4,2026-09-03 14:00,3436.729999999955,2026-09-03,2026-09,581481969,2026-09-04 07:50,4478.35,M1_S20.149
Naiya Doji,H1,2026-09-03 14:00,SELL,4454.01,4454.01,4461.41,4445.43,4439.21,False,84.59,18.22,0.01,2.87,-0.67,49.18,57.31,52,SL,-7.4,2026-09-03 14:00,3429.3299999999554,2026-09-03,2026-09,581486120,2026-09-04 08:14,4483.08,M1_S20.149
Naiya Doji,H1,2026-09-03 14:00,SELL,4454.01,4454.01,4461.41,4445.43,4439.21,False,84.59,18.22,0.01,2.87,-0.67,49.18,57.31,51,SL,-7.4,2026-09-03 14:00,3421.9299999999557,2026-09-03,2026-09,581624178,2026-09-04 15:34,4475.34,M1_S20.149
Naiya Doji,H1,2026-09-03 14:00,SELL,4454.01,4454.01,4461.41,4445.43,4439.21,False,84.59,18.22,0.01,2.87,-0.67,49.18,57.31,50,SL,-7.4,2026-09-03 14:00,3414.529999999956,2026-09-03,2026-09,581626578,2026-09-04 15:41,4476.38,M1_S20.149
Naiya Doji,H1,2026-09-03 14:00,SELL,4454.01,4454.01,4461.41,4445.43,4439.21,False,84.59,18.22,0.01,2.87,-0.67,49.18,57.31,49,SL,-7.4,2026-09-03 14:00,3407.1299999999565,2026-09-03,2026-09,581893343,2026-09-04 21:43,4420.49,M1_S20.149
Naiya Doji,H1,2026-09-03 14:00,SELL,4454.01,4454.01,4461.41,4445.43,4439.21,False,84.59,18.22,0.01,2.87,-0.67,49.18,57.31,48,SL,-7.4,2026-09-03 14:00,3399.729999999957,2026-09-03,2026-09,581955074,2026-09-04 22:25,4436.98,M5_S20.149
Naiya Doji,H1,2026-09-03 14:00,SELL,4454.01,4454.01,4461.41,4445.43,4439.21,False,84.59,18.22,0.01,2.87,-0.67,49.18,57.31,47,SL,-7.4,2026-09-03 14:00,3392.329999999957,2026-09-03,2026-09,581947957,2026-09-04 22:25,4436.98,M1_S20.149
Naiya Doji,H1,2026-09-04 02:00,BUY,4473.13,4473.13,4470.57,4477.27,4478.25,False,70.28,18.59,0.01,2.08,-0.65,6.3,14.52,1,TP,4.14,2026-09-04 02:00,3389.069999999958,2026-09-04,2026-09,581412716,2026-09-03 23:44,4495.35,M1_S20.149
Naiya,H1,2026-09-04 02:00,BUY,4475.65,4475.65,4471.47,4482.41,4484.01,False,70.28,18.59,0.01,2.08,-0.65,6.3,14.52,1,TP,6.76,2026-09-04 02:00,3395.829999999958,2026-09-04,2026-09,581468696,2026-09-04 04:15,4471.74,M1_S20.149
Naiya Doji,H1,2026-09-04 03:00,BUY,4473.13,4473.13,4470.57,4510.76,4478.25,False,66.89,19.25,0.01,1.84,-0.79,7.28,19.99,1,SL,-2.56,2026-09-04 03:00,3596.8499999999576,2026-09-04,2026-09,581502684,2026-09-04 09:14,4475.09,M1_S20.149
Naiya Doji,H1,2026-09-04 04:00,BUY,4473.13,4473.13,4470.57,4510.76,4478.25,False,62.02,18.7,0.01,1.73,-0.81,1.77,12.39,1,SL,-2.56,2026-09-04 04:00,3594.289999999957,2026-09-04,2026-09,581656884,2026-09-04 16:52,4474.72,M1_S20.149
Naiya Doji,H1,2026-09-04 05:00,BUY,4473.13,4473.13,4470.57,4510.76,4478.25,False,36.62,15.43,0.01,1.43,-1.02,10.21,11.53,1,SL,-2.56,2026-09-04 05:00,3591.729999999957,2026-09-04,2026-09,581323081,2026-09-04 20:30,4456.88,M1_S20.149
Naiya,H1,2026-09-04 11:00,BUY,4472.13,4472.13,4460.17,4510.76,4496.05,False,44.66,12.68,0.01,0.94,-0.93,12.17,15.33,2,SL,-11.96,2026-09-04 14:00,3569.2499999999563,2026-09-04,2026-09,581076854,2026-09-03 14:23,4422.72,M1_S20.149
Naiya Doji,H1,2026-09-07 03:00,BUY,4400.17,4400.17,4365.56,4510.76,4469.39,False,32.88,26.86,0.01,-0.85,-1.83,3.43,27.09,9,SL,-34.61,2026-09-08 20:00,3730.439999999963,2026-09-08,2026-09,582376909,2026-09-07 17:29,4406.74,M1_S20.149
Naiya Doji,H1,2026-09-07 03:00,BUY,4400.17,4400.17,4365.56,4510.76,4469.39,False,32.88,26.86,0.01,-0.85,-1.83,3.43,27.09,8,SL,-34.61,2026-09-08 20:00,3695.8299999999635,2026-09-08,2026-09,582396567,2026-09-07 18:27,4397.99,M1_S20.149
Naiya Doji,H1,2026-09-07 03:00,BUY,4400.17,4400.17,4365.56,4510.76,4469.39,False,32.88,26.86,0.01,-0.85,-1.83,3.43,27.09,5,SL,-34.61,2026-09-08 20:00,3661.219999999964,2026-09-08,2026-09,582551637,2026-09-08 01:30,4411.94,M1_S20.149
Naiya Doji,H1,2026-09-07 07:00,SELL,4411.02,4411.02,4419.05,4365.56,4394.96,False,31.09,16.44,0.01,-1.2,-2.06,3.95,20.09,1,SL,-8.03,2026-09-07 10:00,3653.189999999964,2026-09-07,2026-09,582294409,2026-09-07 14:24,4395.89,M1_S20.149
Naiya Doji,H1,2026-09-07 09:00,SELL,4403.23,4403.23,4413.28,4365.56,4383.13,False,33.94,15.87,0.01,-0.9,-1.74,13.38,14.78,1,SL,-10.05,2026-09-07 10:00,3643.139999999964,2026-09-07,2026-09,582270497,2026-09-07 16:02,4411.62,M1_S20.149
Naiya Doji,H1,2026-09-07 10:00,SELL,4411.02,4411.02,4419.05,4365.56,4394.96,False,46.41,15.43,0.01,-0.79,-1.61,4.68,18.75,3,SL,-8.03,2026-09-07 10:00,3635.109999999964,2026-09-07,2026-09,582448705,2026-09-07 20:40,4396.99,M1_S20.149
Naiya Doji,H1,2026-09-07 16:00,SELL,4414.55,4414.55,4423.92,4365.56,4395.81,False,51.86,15.67,0.01,-0.59,-1.32,13.36,18.55,4,SL,-9.37,2026-09-08 01:00,3595.1199999999644,2026-09-08,2026-09,582496535,2026-09-07 22:13,4408.68,M1_S20.149
Naiya Doji,H1,2026-09-07 16:00,SELL,4414.55,4414.55,4423.92,4365.56,4395.81,False,51.86,15.67,0.01,-0.59,-1.32,13.36,18.55,3,SL,-9.37,2026-09-08 01:00,3585.7499999999645,2026-09-08,2026-09,582150853,2026-09-08 09:23,4435.24,M1_S20.149
Naiya Doji,H1,2026-09-07 16:00,SELL,4414.55,4414.55,4423.92,4365.56,4395.81,False,51.86,15.67,0.01,-0.59,-1.32,13.36,18.55,2,SL,-9.37,2026-09-08 01:00,3576.3799999999646,2026-09-08,2026-09,582796998,2026-09-08 17:50,4403.76,M1_S20.149
Naiya Doji,H1,2026-09-07 16:00,SELL,4414.55,4414.55,4423.92,4365.56,4395.81,False,51.86,15.67,0.01,-0.59,-1.32,13.36,18.55,1,SL,-9.37,2026-09-08 01:00,3567.0099999999647,2026-09-08,2026-09,583059756,2026-09-09 00:50,4396.49,M1_S20.149
Naiya Doji,H1,2026-09-08 01:00,SELL,4414.57,4414.57,4417.33,4365.56,4409.05,False,64.65,12.5,0.01,-0.26,-1.01,15.47,20.74,3,SL,-2.76,2026-09-08 01:00,3564.2499999999645,2026-09-08,2026-09,583235626,2026-09-09 13:17,4387.94,M1_S20.149
Naiya Doji,H1,2026-09-08 01:00,SELL,4414.57,4414.57,4417.33,4365.56,4409.05,False,64.65,12.5,0.01,-0.26,-1.01,15.47,20.74,2,SL,-2.76,2026-09-08 01:00,3561.4899999999643,2026-09-08,2026-09,583246662,2026-09-09 13:48,4395.74,M1_S20.149
Naiya Doji,H1,2026-09-08 01:00,SELL,4414.57,4414.57,4417.33,4365.56,4409.05,False,64.65,12.5,0.01,-0.26,-1.01,15.47,20.74,1,SL,-2.76,2026-09-08 01:00,3558.729999999964,2026-09-08,2026-09,583072166,2026-09-09 14:04,4403.75,M1_S20.149
Naiya Doji,H1,2026-09-08 03:00,SELL,4435.84,4435.84,4448.95,4365.56,4409.62,False,63.19,12.88,0.01,0.1,-0.65,10.69,23.76,22,TP,70.28,2026-09-08 20:00,3629.009999999964,2026-09-08,2026-09,583600526,2026-09-10 00:35,4403.79,M1_S20.149
Naiya Doji,H1,2026-09-08 03:00,SELL,4435.84,4435.84,4448.95,4365.56,4409.62,False,63.19,12.88,0.01,0.1,-0.65,10.69,23.76,21,TP,70.28,2026-09-08 20:00,3699.2899999999636,2026-09-08,2026-09,583617402,2026-09-10 01:27,4420.5,M1_S20.149
Naiya Doji,H1,2026-09-08 08:00,BUY,4406.41,4406.41,4403.68,4510.76,4411.87,False,50.49,14.38,0.01,-0.53,-1.28,15.38,21.99,7,SL,-2.73,2026-09-08 08:00,4258.799999999962,2026-09-08,2026-09,583321426,2026-09-09 17:11,4398.98,M5_S20.149
Naiya Doji,H1,2026-09-08 19:00,SELL,4402.02,4402.02,4409.34,4365.56,4387.38,False,27.79,17.32,0.01,-0.47,-1.34,3.66,18.48,1,TP,36.46,2026-09-08 20:00,4182.629999999964,2026-09-08,2026-09,583915696,2026-09-10 18:02,4395.8,M1_S20.149
Naiya Doji,H1,2026-09-09 03:00,BUY,4354.94,4354.94,4345.45,4442.98,4373.92,False,39.96,19.26,0.01,-0.65,-1.51,8.92,24.0,1,SL,-9.49,2026-09-10 14:00,4173.139999999964,2026-09-10,2026-09,583916585,2026-09-10 18:32,4388.36,M15_S20.149
Naiya,H1,2026-09-09 03:00,BUY,4354.17,4354.17,4349.27,4442.98,4363.97,False,39.96,19.26,0.01,-0.65,-1.51,8.92,24.0,1,SL,-4.9,2026-09-10 14:00,4168.239999999964,2026-09-10,2026-09,584318427,2026-09-11 02:26,4339.11,M5_S20.149
Naiya,H1,2026-09-10 03:00,SELL,4409.54,4409.54,4420.55,4365.56,4387.52,False,55.49,18.88,0.01,0.31,-0.14,11.16,18.7,6,SL,-11.01,2026-09-10 04:00,4020.1799999999666,2026-09-10,2026-09,584874582,2026-09-11 21:59,4400.49,M5_S20.149
Naiya Doji,H1,2026-09-10 09:00,BUY,4410.61,4410.61,4405.67,4442.98,4420.49,False,50.98,14.64,0.01,0.32,-0.02,13.37,21.32,2,SL,-4.94,2026-09-10 09:00,4015.239999999967,2026-09-10,2026-09,584939885,2026-09-11 23:07,4366.59,M1_S20.149
Naiya,H1,2026-09-10 09:00,BUY,4409.14,4409.14,4405.67,4442.98,4416.08,False,50.98,14.64,0.01,0.32,-0.02,13.37,21.32,2,SL,-3.47,2026-09-10 09:00,4011.769999999967,2026-09-10,2026-09,584945995,2026-09-12 00:19,4359.19,M1_S20.149
Naiya Doji,H1,2026-09-10 10:00,BUY,4397.22,4397.22,4393.49,4442.98,4404.68,False,41.15,15.26,0.01,-0.05,-0.38,16.91,20.35,8,SL,-3.73,2026-09-10 10:00,4003.0999999999676,2026-09-10,2026-09,585026695,2026-09-12 01:57,4359.27,M1_S20.149
Naiya,H1,2026-09-10 14:00,BUY,4332.33,4332.33,4327.49,4471.94,4342.01,False,30.85,19.45,0.01,-1.23,-1.56,34.41,53.81,135,SL,-4.84,2026-09-10 14:00,3979.6099999999697,2026-09-10,2026-09,584317371,2026-09-11 02:26,4339.11,M1_S20.149
Naiya Doji,H1,2026-09-10 14:00,BUY,4354.94,4354.94,4345.45,4442.98,4373.92,False,30.85,19.45,0.01,-1.23,-1.56,34.41,53.81,34,SL,-9.49,2026-09-10 14:00,3970.11999999997,2026-09-10,2026-09,584358798,2026-09-11 07:52,4313.73,M5_S20.149
Naiya Doji,H1,2026-09-10 14:00,BUY,4354.94,4354.94,4345.45,4442.98,4373.92,False,30.85,19.45,0.01,-1.23,-1.56,34.41,53.81,33,SL,-9.49,2026-09-10 14:00,3960.62999999997,2026-09-10,2026-09,584715898,2026-09-11 20:04,4330.2,M5_S20.149
Naiya,H1,2026-09-11 04:00,BUY,4318.54,4318.54,4311.24,4434.49,4333.14,False,33.45,21.41,0.01,-1.35,-1.8,6.54,18.68,2,SL,-7.3,2026-09-11 05:00,3763.5299999999743,2026-09-11,2026-09,584480554,2026-09-11 11:46,4304.24,M1_S20.149
Naiya,H1,2026-09-14 00:00,BUY,4337.62,4337.62,4330.14,4434.49,4352.58,False,47.69,22.63,0.01,-0.63,-1.27,0.15,14.13,9,SL,-7.48,2026-09-14 00:00,3541.9099999999726,2026-09-14,2026-09,585132010,2026-09-14 06:24,4329.53,M1_S20.149
Naiya Doji,H1,2026-09-14 04:00,BUY,4335.27,4335.27,4328.21,4434.49,4349.39,False,49.32,24.65,0.01,-0.68,-1.39,22.4,25.17,1,SL,-7.06,2026-09-14 05:00,3706.389999999971,2026-09-14,2026-09,585370707,2026-09-14 16:30,4310.18,M1_S20.149
Naiya Doji,H1,2026-09-14 08:00,BUY,4327.01,4327.01,4322.22,4434.49,4336.59,False,28.71,15.73,0.01,-0.74,-1.56,15.31,18.05,1,SL,-4.79,2026-09-14 08:00,3701.5999999999713,2026-09-14,2026-09,585745262,2026-09-15 03:40,4292.03,M1_S20.149
Naiya,H1,2026-09-14 08:00,BUY,4330.48,4330.48,4322.22,4434.49,4347.0,False,28.71,15.73,0.01,-0.74,-1.56,15.31,18.05,1,SL,-8.26,2026-09-14 08:00,3693.339999999971,2026-09-14,2026-09,585748000,2026-09-15 04:01,4282.8,M1_S20.149
Naiya Hidden,H1,2026-09-15 04:00,SELL,4315.72,4315.72,4356.1,4291.71,4234.95,False,59.46,17.8,0.01,-0.25,-1.67,9.45,12.66,6,TP,24.01,2026-09-15 07:00,3717.3499999999713,2026-09-15,2026-09,585707902,2026-09-15 00:15,4297.74,M1_S20.149
Naiya,H1,2026-09-15 06:00,SELL,4304.71,4304.71,4317.37,4253.6,4279.39,False,61.49,15.46,0.01,-0.45,-1.88,1.31,8.92,1,OPEN,0.0,2026-09-15 06:00,3717.3499999999713,2026-09-15,2026-09,585975040,2026-09-15 18:49,4277.6,M1_S20.149
Naiya Doji,H1,2026-09-15 10:00,BUY,4264.18,4264.18,4253.6,4434.49,4285.34,False,32.26,14.16,0.01,-1.36,-2.82,18.2,19.46,17,OPEN,0.0,2026-09-15 10:00,3717.3499999999713,2026-09-15,2026-09,585764466,2026-09-15 08:34,4283.65,M5_S20.149
Naiya Doji,H1,2026-09-15 10:00,BUY,4264.18,4264.18,4253.6,4434.49,4285.34,False,32.26,14.16,0.01,-1.36,-2.82,18.2,19.46,16,OPEN,0.0,2026-09-15 10:00,3717.3499999999713,2026-09-15,2026-09,585907307,2026-09-15 15:51,4281.07,M1_S20.149
Naiya,H1,2026-09-15 14:00,SELL,4291.06,4291.06,4295.35,4253.6,4282.48,False,47.94,14.19,0.01,-0.59,-2.14,6.08,24.39,5,SL,-4.29,2026-09-15 14:00,3713.0599999999713,2026-09-15,2026-09,585969151,2026-09-15 18:49,4277.6,M1_S20.149
