Time (BKK),CloseTime (BKK),TF,Pattern,Type,RSI,ATR,dist_sma50,dist_sma200,body,range,Entry,SL,TP,Lot,P&L,Balance,Reason
2026-06-11 01:00,2026-06-14 01:00,D1,FVG/Fibo,SELL,34.93,111.36,-7.26,,196.62,222.59,0.0,4247.4,-586.93,2.0,-849480.0,-839480.0,SL
2026-06-12 01:00,2026-06-14 01:00,D1,Fibo,SELL,36.08,107.76,-7.58,,25.4,75.76,0.0,4246.43,-904.7,2.0,-849286.0,-1688766.0,SL
2026-06-14 01:00,2026-06-14 01:00,D1,Fibo,SELL,38.5,103.52,-5.88,,14.72,28.5,0.0,4245.97,-924.61,2.0,-849194.0,-2537960.0,SL
2026-06-17 01:00,2026-06-17 01:00,D1,Naiya,BUY,37.96,108.81,-5.67,,68.69,163.15,4300.29,4280.21,5078.34,2.0,-4016.0,-2541976.0,SL
2026-06-18 01:00,2026-06-18 01:00,D1,Naiya,SELL,35.68,112.37,-6.77,,59.35,128.39,4312.05,4354.94,3940.59,2.0,0.0,-2541976.0,OPEN
2026-06-18 01:00,2026-06-18 01:00,D1,Fibo,SELL,35.68,112.37,-6.77,,59.35,128.39,0.0,4382.28,-924.61,2.0,0.0,-2541976.0,OPEN
2026-06-19 01:00,2026-06-19 01:00,D1,Fibo/ATR,SELL,35.12,113.36,-7.67,,51.33,86.56,0.0,4329.89,-924.61,2.0,0.0,-2541976.0,OPEN
2026-06-21 01:00,2026-06-22 01:00,D1,Fibo,SELL,33.74,109.08,-7.44,,0.14,12.17,0.0,4208.34,-924.61,2.0,-841668.0,-3383644.0,SL
2026-06-22 01:00,2026-06-22 01:00,D1,Fibo,SELL,41.93,103.38,-6.48,,33.79,84.29,0.0,4159.38,-924.61,2.0,-831876.0,-4215520.0,SL
2026-07-07 01:00,2026-08-05 01:00,D1,Naiya,SELL,45.6,92.27,-5.51,,65.88,88.26,4179.75,4191.54,3920.2,2.0,-2358.0,-4217878.0,SL
2026-07-08 01:00,2026-08-05 13:00,H12,Fibo,SELL,54.92,65.9,-2.58,,45.37,93.28,0.0,4180.44,-420.87,2.0,-836088.0,-5053966.0,SL
2026-07-08 13:00,2026-07-09 13:00,H12,Fibo,SELL,55.8,64.1,-1.9,,23.6,69.74,0.0,4133.92,-420.87,2.0,-826784.0,-5880750.0,SL
2026-07-09 01:00,2026-07-09 01:00,H12,Fibo,SELL,60.5,64.54,-1.26,,22.42,63.49,0.0,4091.52,-420.87,2.0,-818304.0,-6699054.0,SL
2026-07-10 13:00,2026-07-13 13:00,H12,Naiya Doji,BUY,56.96,57.66,-0.51,,14.74,48.16,4076.65,4021.78,4605.07,2.0,-10974.0,-6710028.0,SL
2026-07-21 01:00,2026-07-21 01:00,D1,Naiya,SELL,40.45,77.34,-2.99,,79.93,86.8,4049.12,4081.19,3857.08,2.0,-6414.0,-6716442.0,SL
2026-07-24 01:00,2026-08-05 01:00,D1,Naiya,SELL,47.87,75.59,-3.05,,2.79,60.03,4080.5,4165.99,3804.67,2.0,-17098.0,-6733540.0,SL
2026-07-24 01:00,2026-07-29 13:00,H12,Naiya,BUY,50.06,52.17,-0.14,,10.52,41.89,4024.17,3998.28,4619.59,2.0,-5178.0,-6738718.0,SL
2026-07-28 01:00,2026-07-28 01:00,D1,Naiya Doji,BUY,45.02,72.78,-3.22,,55.81,63.54,4052.4,4022.01,4949.58,2.0,-6078.0,-6744796.0,SL
2026-07-28 01:00,2026-07-28 01:00,H12,Naiya,BUY,54.13,49.98,-1.05,,47.51,58.08,4060.15,4044.69,4590.91,2.0,-3092.0,-6747888.0,SL
2026-07-29 01:00,2026-07-29 01:00,D1,Naiya,SELL,57.52,73.9,-1.34,,70.21,120.42,4089.13,4093.72,3849.34,2.0,-918.0,-6748806.0,SL
2026-07-29 01:00,2026-07-29 01:00,D1,Naiya Doji,SELL,57.52,73.9,-1.34,,70.21,120.42,4074.27,4116.17,3835.46,2.0,-8380.0,-6757186.0,SL
2026-07-29 01:00,2026-07-29 01:00,D1,Naiya Doji,BUY,57.52,73.9,-1.34,,70.21,120.42,4000.48,3982.63,4973.91,2.0,0.0,-6757186.0,OPEN
2026-07-29 13:00,2026-07-29 13:00,H12,Naiya,SELL,53.67,51.36,0.51,,61.02,120.42,4089.45,4116.17,3863.03,2.0,-5344.0,-6762530.0,SL
2026-07-30 01:00,2026-07-30 01:00,D1,Naiya,BUY,55.42,71.95,-0.66,,20.78,91.89,4074.13,4011.52,4956.06,2.0,0.0,-6762530.0,OPEN
2026-07-30 13:00,2026-08-05 01:00,H12,Naiya,SELL,48.73,52.75,0.95,,31.11,55.13,4117.66,4165.99,3832.25,2.0,-9666.0,-6772196.0,SL
2026-07-31 01:00,2026-07-31 13:00,H12,Naiya,BUY,41.26,52.91,-0.41,,54.7,61.55,4088.37,4028.43,4310.56,2.0,-11988.0,-6784184.0,SL
2026-08-02 13:00,2026-08-05 01:00,H12,Naiya,SELL,52.06,50.48,-0.23,,11.44,15.09,4078.04,4120.32,3860.47,2.0,-8456.0,-6792640.0,SL
2026-08-04 03:00,2026-08-04 03:00,H1,Naiya,SELL,54.88,13.99,0.01,,9.51,19.2,4052.86,4055.06,3996.83,2.0,-440.0,-6793080.0,SL
2026-08-04 03:00,2026-08-04 03:00,H1,Fibo,BUY,54.88,13.99,0.01,,9.51,19.2,4049.19,4048.77,4074.3,2.0,-84.0,-6793164.0,SL
2026-08-04 04:00,2026-08-04 04:00,H1,Fibo,SELL,47.8,13.4,0.04,,0.07,9.38,4058.87,4061.9,3992.6,2.0,-606.0,-6793770.0,SL
2026-08-04 05:00,2026-08-04 05:00,H1,Fibo,BUY,53.3,12.49,-0.09,,6.31,9.55,4058.87,4055.72,4070.01,2.0,-630.0,-6794400.0,SL
2026-08-04 06:00,2026-08-04 06:00,H1,Naiya,SELL,72.62,11.1,0.2,,11.24,15.0,4058.83,4065.1,3990.62,2.0,-1254.0,-6795654.0,SL
2026-08-04 06:00,2026-08-04 06:00,H1,Fibo/Fibo,SELL,72.62,11.1,0.2,,11.24,15.0,4058.87,4061.72,3992.71,2.0,-570.0,-6796224.0,SL
2026-08-04 07:00,2026-08-04 07:00,H1,Fibo,SELL,68.88,10.96,0.16,,1.94,10.62,4067.29,4065.1,3990.62,2.0,438.0,-6795786.0,SL
2026-08-04 07:00,2026-08-04 07:00,H1,Fibo/Fibo,SELL,68.88,10.96,0.16,,1.94,10.62,4067.29,4066.22,4007.05,2.0,214.0,-6795572.0,SL
2026-08-04 07:00,2026-08-04 10:00,H1,Fibo,SELL,68.88,10.96,0.16,,1.94,10.62,4067.29,4069.32,3988.02,2.0,-406.0,-6795978.0,SL
2026-08-04 07:00,2026-08-04 11:00,H1,Naiya,BUY,68.88,10.96,0.16,,1.94,10.62,4058.84,4052.17,4079.92,2.0,-1334.0,-6797312.0,SL
2026-08-04 08:00,2026-08-04 08:00,H1,Fibo,BUY,69.56,10.96,0.21,,1.61,10.48,4058.87,4057.2,4076.81,2.0,-334.0,-6797646.0,SL
2026-08-04 10:00,2026-08-04 10:00,H1,Fibo,SELL,66.39,11.83,0.02,,10.5,18.36,4067.29,4067.82,4006.06,2.0,-106.0,-6797752.0,SL
2026-08-04 10:00,2026-08-04 10:00,H1,Fibo,BUY,66.39,11.83,0.02,,10.5,18.36,4058.87,4055.73,4077.72,2.0,-628.0,-6798380.0,SL
2026-08-04 10:00,2026-08-04 10:00,H1,Fibo,SELL,66.39,11.83,0.02,,10.5,18.36,4067.29,4066.21,4007.06,2.0,216.0,-6798164.0,SL
2026-08-04 10:00,2026-08-04 10:00,H1,Fibo,BUY,66.39,11.83,0.02,,10.5,18.36,4058.87,4060.83,4074.57,2.0,392.0,-6797772.0,SL
2026-08-04 10:00,2026-08-04 10:00,H1,Fibo,SELL,66.39,11.83,0.02,,10.5,18.36,4067.29,4066.74,4027.84,2.0,110.0,-6797662.0,SL
2026-08-04 11:00,2026-08-04 11:00,H1,Fibo,BUY,54.72,11.38,-0.1,,5.22,9.11,4049.19,4052.17,4079.92,2.0,596.0,-6797066.0,SL
2026-08-04 11:00,2026-08-04 11:00,H1,Fibo,BUY,54.72,11.38,-0.1,,5.22,9.11,4049.19,4051.22,4080.51,2.0,406.0,-6796660.0,SL
2026-08-04 12:00,2026-08-04 12:00,H1,Fibo,BUY,51.49,11.57,0.01,,4.0,15.09,4049.19,4046.28,4083.56,2.0,-582.0,-6797242.0,SL
2026-08-04 12:00,2026-08-04 12:00,H1,Fibo/Fibo,SELL,51.49,11.57,0.01,,4.0,15.09,4056.42,4055.39,4034.86,2.0,206.0,-6797036.0,SL
2026-08-04 13:00,2026-08-04 13:00,H1,Naiya,SELL,62.5,13.27,0.53,,21.28,31.85,4063.49,4066.74,4027.84,2.0,-650.0,-6797686.0,SL
2026-08-04 13:00,2026-08-04 13:00,H1,Fibo/Fibo,SELL,62.5,13.27,0.53,,21.28,31.85,4075.39,4072.89,4024.04,2.0,500.0,-6797186.0,SL
2026-08-04 13:00,2026-08-04 13:00,H1,Fibo/Fibo,SELL,62.5,13.27,0.53,,21.28,31.85,4058.87,4060.69,4031.58,2.0,-364.0,-6797550.0,SL
2026-08-04 14:00,2026-08-04 14:00,H1,Fibo,SELL,60.79,14.53,0.42,,4.34,23.39,4080.29,4084.26,4017.02,2.0,-794.0,-6798344.0,SL
2026-08-04 15:00,2026-08-04 15:00,H1,Fibo,SELL,65.8,16.51,0.74,,13.32,32.61,4084.74,4084.46,4016.89,2.0,56.0,-6798288.0,SL
2026-08-04 18:00,2026-08-04 18:00,H1,Fibo,SELL,68.73,15.99,0.91,,5.91,10.43,4091.36,4091.87,4017.01,2.0,-102.0,-6798390.0,SL
2026-08-04 18:00,2026-08-04 18:00,H1,Fibo,SELL,68.73,15.99,0.91,,5.91,10.43,4087.91,4088.81,4018.9,2.0,-180.0,-6798570.0,SL
2026-08-04 19:00,2026-08-04 19:00,H1,Fibo,SELL,68.08,16.75,0.7,,7.21,20.09,4096.24,4093.93,4015.73,2.0,462.0,-6798108.0,SL
2026-08-04 19:00,2026-08-04 19:00,H1,Fibo,SELL,68.08,16.75,0.7,,7.21,20.09,4096.24,4093.58,4015.95,2.0,532.0,-6797576.0,SL
2026-08-04 20:00,2026-08-04 20:00,H1,Fibo,BUY,59.17,16.65,0.53,,6.14,13.7,4080.29,4083.15,4100.59,2.0,572.0,-6797004.0,SL
2026-08-04 20:00,2026-08-04 20:00,H1,Fibo,BUY,59.17,16.65,0.53,,6.14,13.7,4087.91,4086.12,4098.76,2.0,-358.0,-6797362.0,SL
2026-08-05 00:00,2026-08-05 00:00,H1,Fibo,SELL,55.94,16.44,0.38,,2.18,10.11,4084.74,4084.73,4021.42,2.0,2.0,-6797360.0,SL
2026-08-05 00:00,2026-08-05 00:00,H1,Fibo,SELL,55.94,16.44,0.38,,2.18,10.11,4080.29,4080.3,4024.16,2.0,-2.0,-6797362.0,SL
2026-08-05 01:00,2026-08-05 01:00,H1,Fibo,BUY,61.02,15.96,0.29,,3.47,11.64,4070.39,4074.36,4071.98,2.0,794.0,-6796568.0,SL
2026-08-05 01:00,2026-08-05 01:00,H1,Fibo,BUY,61.02,15.96,0.29,,3.47,11.64,4073.28,4075.25,4105.47,2.0,394.0,-6796174.0,SL
2026-08-05 01:00,2026-08-05 01:00,H1,Fibo,BUY,61.02,15.96,0.29,,3.47,11.64,4073.28,4076.4,4104.76,2.0,624.0,-6795550.0,SL
2026-08-05 01:00,2026-08-05 01:00,H1,Fibo,BUY,61.02,15.96,0.29,,3.47,11.64,4070.89,4074.75,4125.65,2.0,772.0,-6794778.0,SL
2026-08-05 01:00,2026-08-05 01:00,H1,Inst_Gap,BUY,61.02,15.96,0.29,,3.47,11.64,4077.67,4075.74,4080.79,2.0,-386.0,-6795164.0,SL
2026-08-05 01:00,2026-08-05 01:00,H1,Fibo,BUY,61.02,15.96,0.29,,3.47,11.64,4073.28,4075.74,4125.04,2.0,492.0,-6794672.0,SL
2026-08-05 02:00,2026-08-05 02:00,H1,Fibo,SELL,69.49,16.25,0.52,,9.91,13.14,4075.39,4077.12,4026.12,2.0,-346.0,-6795018.0,SL
2026-08-05 03:00,2026-08-05 03:00,H1,Fibo/Fibo,SELL,74.1,16.96,0.96,,18.94,25.05,4091.36,4088.95,4018.81,2.0,482.0,-6794536.0,SL
2026-08-05 03:00,2026-08-05 03:00,H1,Fibo,SELL,74.1,16.96,0.96,,18.94,25.05,4084.74,4085.85,4020.73,2.0,-222.0,-6794758.0,SL
2026-08-05 03:00,2026-08-05 03:00,H1,Fibo,SELL,74.1,16.96,0.96,,18.94,25.05,4080.29,4083.49,4022.18,2.0,-640.0,-6795398.0,SL
2026-08-05 04:00,2026-08-05 04:00,H1,Fibo,SELL,75.72,17.52,1.61,,27.88,39.74,4104.17,4106.21,4008.14,2.0,-408.0,-6795806.0,SL
2026-08-05 06:00,2026-08-05 06:00,M30,Fibo/FollowDiv,SELL,84.21,11.26,1.5,,10.38,13.09,4129.15,4130.76,4025.14,2.0,-322.0,-6796128.0,SL
2026-08-05 06:00,2026-08-05 06:00,H1,Fibo,SELL,76.7,15.14,1.7,,7.3,13.09,4138.22,4136.55,3989.39,2.0,334.0,-6795794.0,SL
2026-08-05 07:00,2026-08-05 07:00,M30,Fibo,SELL,81.43,11.69,1.44,,4.05,7.31,4139.62,4138.85,4020.14,2.0,154.0,-6795640.0,SL
2026-08-05 09:30,2026-08-05 13:00,M30,Naiya,SELL,85.34,14.63,1.94,,6.51,9.82,4168.8,4178.41,3995.69,2.0,-1922.0,-6797562.0,SL
2026-08-05 13:00,2026-08-05 13:00,M30,Fibo/FollowDiv,SELL,68.89,12.18,1.71,,14.5,19.71,4176.62,4179.51,3995.01,2.0,-578.0,-6798140.0,SL
2026-08-05 13:00,2026-08-05 13:00,M30,Fibo,SELL,68.89,12.18,1.71,,14.5,19.71,4172.59,4172.57,3999.3,2.0,4.0,-6798136.0,SL
2026-08-05 13:00,2026-08-05 13:00,M30,Fibo,SELL,68.89,12.18,1.71,,14.5,19.71,4168.44,4167.12,4002.67,2.0,264.0,-6797872.0,SL
2026-08-05 13:00,2026-08-05 13:00,M30,Fibo,SELL,68.89,12.18,1.71,,14.5,19.71,4168.44,4167.21,4002.61,2.0,246.0,-6797626.0,SL
2026-08-05 13:00,2026-08-05 13:00,H1,Fibo,SELL,84.25,19.03,2.64,,27.46,31.73,4171.63,4172.57,3967.13,2.0,-188.0,-6797814.0,SL
2026-08-05 13:30,2026-08-05 13:30,M30,ATR,SELL,74.56,13.05,1.96,,12.79,18.52,4179.51,4180.62,3994.32,2.0,-222.0,-6798036.0,SL
2026-08-05 15:00,2026-08-05 16:00,M30,Naiya,SELL,61.14,13.75,1.94,,13.05,14.18,4188.88,4213.37,3974.08,2.0,-4898.0,-6802934.0,SL
2026-08-05 16:00,2026-08-05 16:00,M30,FollowDiv,SELL,75.24,15.62,2.77,,30.96,36.75,4213.37,4208.98,3976.8,2.0,878.0,-6802056.0,SL
2026-08-05 17:30,2026-08-05 20:00,M30,Fibo,SELL,70.99,18.49,2.42,,24.59,27.42,0.0,4265.16,-182.35,2.0,-853032.0,-7655088.0,SL
2026-08-05 18:30,2026-08-05 20:00,M30,Naiya,SELL,73.56,19.05,2.49,,0.78,9.07,4244.14,4265.16,3942.08,2.0,-4204.0,-7659292.0,SL
2026-08-05 19:15,2026-08-05 19:15,M15,Fibo,SELL,70.52,13.53,1.27,,2.7,9.56,4246.0,4244.37,4145.38,2.0,326.0,-7658966.0,SL
2026-08-05 19:30,2026-08-05 19:30,M15,Fibo,SELL,62.57,12.01,1.3,,3.55,9.8,4249.0,4247.39,4143.51,2.0,322.0,-7658644.0,SL
2026-08-05 20:00,2026-08-05 20:00,M15,Fibo,SELL,57.51,10.92,1.32,,2.87,8.18,4254.2,4255.93,4084.99,2.0,-346.0,-7658990.0,SL
2026-08-05 20:00,2026-08-05 20:00,M30,Fibo/FollowDiv,SELL,74.33,19.34,2.74,,12.7,18.47,4257.04,4259.77,3945.41,2.0,-546.0,-7659536.0,SL
2026-08-05 20:30,2026-08-06 01:30,M15,Fibo,SELL,50.99,10.33,1.37,,3.52,9.02,0.0,4267.78,-128.52,2.0,-853556.0,-8513092.0,SL
2026-08-05 22:30,2026-08-06 00:00,M15,Fibo,SELL,53.61,7.11,0.73,,0.81,4.32,4249.0,4249.61,4209.4,2.0,-122.0,-8513214.0,SL
2026-08-06 00:00,2026-08-06 00:00,M15,Fibo,SELL,49.1,6.55,0.7,,5.4,8.08,4249.0,4249.45,4209.5,2.0,-90.0,-8513304.0,SL
2026-08-06 00:00,2026-08-06 01:00,H1,Naiya,SELL,73.75,20.55,3.17,,2.99,8.08,4250.28,4267.78,3940.46,2.0,-3500.0,-8516804.0,SL
2026-08-06 01:00,2026-08-06 01:00,M15,Fibo,SELL,45.2,5.08,0.73,,6.29,9.31,4254.2,4253.42,4207.05,2.0,156.0,-8516648.0,SL
2026-08-06 01:00,2026-08-06 01:00,M15,Fibo,SELL,45.2,5.08,0.73,,6.29,9.31,4254.2,4253.81,4206.81,2.0,78.0,-8516570.0,SL
2026-08-06 01:00,2026-08-06 01:00,M30,Fibo,SELL,53.5,11.3,2.09,,13.72,15.24,4262.71,4263.63,4080.23,2.0,-184.0,-8516754.0,SL
2026-08-06 01:00,2026-08-06 01:00,M30,Fibo,SELL,53.5,11.3,2.09,,13.72,15.24,4262.71,4262.13,4081.16,2.0,116.0,-8516638.0,SL
2026-08-06 01:00,2026-08-06 01:00,M30,Fibo,SELL,53.5,11.3,2.09,,13.72,15.24,4257.04,4254.08,4086.13,2.0,592.0,-8516046.0,SL
2026-08-06 01:00,2026-08-06 01:30,M30,Naiya Hidden,SELL,53.5,11.3,2.09,,13.72,15.24,4262.98,4267.78,4077.66,2.0,-960.0,-8517006.0,SL
2026-08-06 01:00,2026-08-06 01:00,H1,Fibo,SELL,81.89,21.95,3.73,,28.27,33.1,4254.0,4253.81,3949.09,2.0,38.0,-8516968.0,SL
2026-08-06 01:30,2026-08-06 01:30,M30,Div,SELL,78.63,10.83,2.34,,14.54,20.86,4267.78,4249.45,4088.99,2.0,3666.0,-8513302.0,SL
2026-08-06 02:00,2026-08-06 02:00,M30,Div,SELL,71.78,11.06,2.15,,4.13,20.17,4267.78,4282.15,4189.29,2.0,-2874.0,-8516176.0,SL
2026-08-06 02:15,2026-08-06 02:15,M15,Fibo,SELL,74.79,7.45,0.87,,3.23,13.86,4280.12,4280.66,4209.95,2.0,-108.0,-8516284.0,SL
2026-08-06 02:15,2026-08-06 02:15,M15,Fibo,SELL,74.79,7.45,0.87,,3.23,13.86,4277.57,4278.18,4211.49,2.0,-122.0,-8516406.0,SL
2026-08-06 02:30,2026-08-06 02:30,M30,Fibo/Div,SELL,77.75,12.3,2.54,,20.79,26.44,4286.34,4284.68,4187.73,2.0,332.0,-8516074.0,SL
2026-08-06 02:45,2026-08-06 02:45,M15,Div,SELL,84.64,9.2,1.25,,8.29,14.19,4284.68,4291.09,4203.51,2.0,-1282.0,-8517356.0,SL
2026-08-06 03:00,2026-08-06 03:00,M30,Naiya,BUY,64.04,13.76,1.99,,18.81,29.87,4278.18,4264.51,4300.3,2.0,4424.0,-8512932.0,TP
2026-08-06 03:00,2026-08-06 03:00,M30,Div,SELL,64.04,13.76,1.99,,18.81,29.87,4284.68,4300.26,4178.1,2.0,-3116.0,-8516048.0,SL
2026-08-06 03:30,2026-08-06 03:30,M15,Fibo,SELL,70.43,12.29,0.95,,11.44,21.5,4286.43,4287.86,4205.5,2.0,-286.0,-8516334.0,SL
2026-08-06 04:00,2026-08-06 04:00,M15,Fibo,SELL,72.08,14.42,1.04,,8.65,20.55,4304.13,4302.75,4196.3,2.0,276.0,-8516058.0,SL
2026-08-06 04:00,2026-08-06 04:00,M15,Fibo,SELL,72.08,14.42,1.04,,8.65,20.55,4298.48,4297.29,4199.68,2.0,238.0,-8515820.0,SL
2026-08-06 04:00,2026-08-06 04:00,M30,Fibo,SELL,63.4,14.62,2.17,,5.74,20.55,4300.22,4302.75,4176.56,2.0,-506.0,-8516326.0,SL
2026-08-06 04:00,2026-08-06 04:00,H1,Fibo,SELL,74.34,24.63,3.39,,7.91,28.98,4302.29,4302.75,4056.05,2.0,-92.0,-8516418.0,SL
2026-08-06 05:15,2026-08-06 05:15,M15,Fibo,BUY,43.98,14.57,0.16,,7.91,13.14,4269.36,4272.88,4287.88,2.0,704.0,-8515714.0,SL
2026-08-06 05:30,2026-08-06 05:45,M15,Fibo,BUY,45.99,13.96,0.07,,3.15,5.14,4264.1,4260.88,4330.71,2.0,-644.0,-8516358.0,SL
2026-08-06 05:45,2026-08-06 05:45,M15,Fibo,BUY,45.56,13.34,0.12,,2.62,5.32,4264.1,4261.73,4330.19,2.0,-474.0,-8516832.0,SL
2026-08-06 06:00,2026-08-06 06:00,M30,Fibo,BUY,53.48,16.43,0.95,,10.34,14.31,4259.53,4260.88,4272.04,2.0,270.0,-8516562.0,SL
2026-08-06 06:00,2026-08-06 06:00,M30,Fibo,BUY,53.48,16.43,0.95,,10.34,14.31,4259.53,4260.57,4330.9,2.0,208.0,-8516354.0,SL
2026-08-06 06:00,2026-08-06 11:00,H1,Naiya,BUY,66.16,23.3,2.79,,3.38,14.31,4252.94,4245.73,4281.41,2.0,5694.0,-8510660.0,TP
2026-08-06 06:00,2026-08-06 11:00,H1,Fibo,SELL,66.16,23.3,2.79,,3.38,14.31,0.0,4280.85,-248.78,2.0,-856170.0,-9366830.0,SL
2026-08-06 06:15,2026-08-06 06:15,M15,Fibo,BUY,26.66,12.23,-0.14,,8.07,10.99,4258.58,4260.57,4330.9,2.0,398.0,-9366432.0,SL
2026-08-06 06:15,2026-08-06 06:15,M15,Fibo,BUY,26.66,12.23,-0.14,,8.07,10.99,4264.1,4262.29,4329.84,2.0,-362.0,-9366794.0,SL
2026-08-06 07:00,2026-08-06 07:00,M15,Fibo,SELL,28.21,9.38,-0.04,,2.57,8.66,4264.1,4263.89,4229.77,2.0,42.0,-9366752.0,SL
2026-08-06 07:00,2026-08-06 07:00,M15,Fibo,SELL,28.21,9.38,-0.04,,2.57,8.66,4264.1,4261.21,4231.42,2.0,578.0,-9366174.0,SL
2026-08-06 07:00,2026-08-06 07:00,M15,Fibo,BUY,28.21,9.38,-0.04,,2.57,8.66,4258.58,4258.45,4332.21,2.0,-26.0,-9366200.0,SL
2026-08-06 07:00,2026-08-06 07:00,M15,Fibo,SELL,28.21,9.38,-0.04,,2.57,8.66,4264.1,4263.01,4230.31,2.0,218.0,-9365982.0,SL
2026-08-06 07:00,2026-08-06 07:00,M30,Fibo,SELL,52.06,16.8,0.8,,8.2,12.1,4259.53,4263.01,4201.12,2.0,-696.0,-9366678.0,SL
2026-08-06 07:15,2026-08-06 07:15,M15,Fibo,BUY,26.24,8.85,-0.19,,5.49,6.33,4257.56,4256.56,4333.38,2.0,-200.0,-9366878.0,SL
2026-08-06 07:30,2026-08-06 07:30,M15,Fibo,BUY,27.58,8.72,0.03,,9.74,18.76,4251.69,4252.9,4335.64,2.0,242.0,-9366636.0,SL
2026-08-06 07:30,2026-08-06 07:30,M15,Fibo,BUY,27.58,8.72,0.03,,9.74,18.76,4251.69,4255.37,4334.12,2.0,736.0,-9365900.0,SL
2026-08-06 07:30,2026-08-06 07:30,M15,Fibo,SELL,27.58,8.72,0.03,,9.74,18.76,4264.1,4265.22,4245.29,2.0,-224.0,-9366124.0,SL
2026-08-06 07:30,2026-08-06 07:30,M15,Fibo,BUY,27.58,8.72,0.03,,9.74,18.76,4251.69,4253.12,4335.51,2.0,286.0,-9365838.0,SL
2026-08-06 07:30,2026-08-06 07:30,M15,Fibo,SELL,27.58,8.72,0.03,,9.74,18.76,4260.21,4259.45,4248.85,2.0,152.0,-9365686.0,SL
2026-08-06 07:30,2026-08-06 07:30,M30,Fibo,BUY,55.61,18.12,1.05,,13.27,21.19,4252.02,4252.9,4335.64,2.0,176.0,-9365510.0,SL
2026-08-06 07:30,2026-08-06 07:30,M30,Fibo,BUY,55.61,18.12,1.05,,13.27,21.19,4252.02,4255.37,4334.12,2.0,670.0,-9364840.0,SL
2026-08-06 07:30,2026-08-06 07:30,M30,Naiya,SELL,55.61,18.12,1.05,,13.27,21.19,4255.37,4263.01,4201.12,2.0,-1528.0,-9366368.0,SL
2026-08-06 07:30,2026-08-06 07:30,M30,Fibo,BUY,55.61,18.12,1.05,,13.27,21.19,4252.02,4253.12,4335.51,2.0,220.0,-9366148.0,SL
2026-08-06 07:30,2026-08-06 07:30,M30,Fibo,SELL,55.61,18.12,1.05,,13.27,21.19,4262.71,4265.22,4199.76,2.0,-502.0,-9366650.0,SL
2026-08-06 08:00,2026-08-06 08:00,M15,Fibo,BUY,32.21,8.65,-0.06,,6.75,11.93,4264.1,4262.15,4329.93,2.0,-390.0,-9367040.0,SL
2026-08-06 08:00,2026-08-06 08:30,M30,Naiya,BUY,47.97,18.04,0.76,,9.68,14.09,4262.09,4253.12,4335.51,2.0,-1794.0,-9368834.0,SL
2026-08-06 08:15,2026-08-06 08:15,M15,Fibo,BUY,34.25,8.28,-0.14,,3.03,6.73,4257.56,4256.66,4333.32,2.0,-180.0,-9369014.0,SL
2026-08-06 08:30,2026-08-06 08:30,M15,Fibo,BUY,36.17,8.4,-0.17,,1.05,8.63,4251.69,4254.5,4334.66,2.0,562.0,-9368452.0,SL
2026-08-06 08:30,2026-08-06 08:30,M30,Fibo,BUY,41.94,17.17,0.67,,1.46,8.7,4252.02,4254.5,4334.66,2.0,496.0,-9367956.0,SL
2026-08-06 08:45,2026-08-06 14:45,M15,Fibo,BUY,41.07,7.95,-0.18,,0.53,6.96,4251.69,4249.33,4337.85,2.0,-472.0,-9368428.0,SL
2026-08-06 09:00,2026-08-06 09:00,M15,Fibo,SELL,50.18,8.33,-0.03,,7.2,10.5,4260.21,4257.96,4240.73,2.0,450.0,-9367978.0,SL
2026-08-06 09:00,2026-08-06 09:00,M15,Fibo,SELL,50.18,8.33,-0.03,,7.2,10.5,4260.21,4258.03,4240.69,2.0,436.0,-9367542.0,SL
2026-08-06 09:00,2026-08-06 09:00,M30,Fibo,SELL,45.58,16.6,0.75,,5.81,12.27,4259.53,4258.03,4233.39,2.0,300.0,-9367242.0,SL
2026-08-06 09:15,2026-08-06 09:15,M15,Fibo,SELL,46.77,8.47,-0.06,,1.6,7.24,4264.1,4261.23,4238.71,2.0,574.0,-9366668.0,SL
2026-08-06 09:15,2026-08-06 09:15,M15,Fibo,SELL,46.77,8.47,-0.06,,1.6,7.24,4264.1,4263.74,4237.16,2.0,72.0,-9366596.0,SL
2026-08-06 09:30,2026-08-06 09:30,M15,Fibo,BUY,43.31,8.64,-0.23,,6.92,7.26,4257.56,4258.27,4274.97,2.0,142.0,-9366454.0,SL
2026-08-06 09:30,2026-08-06 14:30,M30,Naiya,BUY,36.44,15.45,0.72,,0.92,10.3,4257.62,4249.33,4337.85,2.0,-1658.0,-9368112.0,SL
2026-08-06 10:00,2026-08-06 10:00,M15,Fibo,SELL,57.55,8.83,0.1,,6.23,9.28,4269.36,4266.87,4227.92,2.0,498.0,-9367614.0,SL
2026-08-06 10:00,2026-08-06 10:00,M15,Fibo,SELL,57.55,8.83,0.1,,6.23,9.28,4269.36,4265.89,4228.53,2.0,694.0,-9366920.0,SL
2026-08-06 10:00,2026-08-06 10:00,M15,Fibo,SELL,57.55,8.83,0.1,,6.23,9.28,4269.36,4267.21,4227.71,2.0,430.0,-9366490.0,SL
2026-08-06 10:00,2026-08-06 10:00,M15,Fibo,SELL,57.55,8.83,0.1,,6.23,9.28,4269.36,4266.07,4244.76,2.0,658.0,-9365832.0,SL
2026-08-06 10:00,2026-08-06 10:00,M15,Fibo,SELL,57.55,8.83,0.1,,6.23,9.28,4269.36,4268.5,4243.26,2.0,172.0,-9365660.0,SL
2026-08-06 10:00,2026-08-06 10:00,M15,Fibo,SELL,57.55,8.83,0.1,,6.23,9.28,4269.36,4268.59,4243.2,2.0,154.0,-9365506.0,SL
2026-08-06 10:00,2026-08-06 10:00,M15,Fibo,SELL,57.55,8.83,0.1,,6.23,9.28,4269.36,4265.51,4236.06,2.0,770.0,-9364736.0,SL
2026-08-06 10:00,2026-08-06 10:00,M15,Fibo,SELL,57.55,8.83,0.1,,6.23,9.28,4264.1,4261.97,4238.25,2.0,426.0,-9364310.0,SL
2026-08-06 10:00,2026-08-06 10:00,M15,Fibo,SELL,57.55,8.83,0.1,,6.23,9.28,4264.1,4262.94,4237.65,2.0,232.0,-9364078.0,SL
2026-08-06 10:00,2026-08-06 10:00,M30,Fibo,SELL,46.18,14.04,0.79,,5.2,10.13,4269.78,4266.87,4198.74,2.0,582.0,-9363496.0,SL
2026-08-06 10:00,2026-08-06 10:00,M30,Fibo,SELL,46.18,14.04,0.79,,5.2,10.13,4269.78,4267.21,4198.53,2.0,514.0,-9362982.0,SL
2026-08-06 10:00,2026-08-06 10:00,M30,Fibo,SELL,46.18,14.04,0.79,,5.2,10.13,4269.78,4268.59,4226.86,2.0,238.0,-9362744.0,SL
2026-08-06 10:00,2026-08-06 10:00,M30,Fibo,SELL,46.18,14.04,0.79,,5.2,10.13,4259.53,4262.94,4237.65,2.0,-682.0,-9363426.0,SL
2026-08-06 10:15,2026-08-06 10:15,M15,Fibo,SELL,54.54,8.98,0.07,,1.02,6.71,4269.36,4269.51,4233.59,2.0,-30.0,-9363456.0,SL
2026-08-06 10:30,2026-08-06 10:30,M15,Fibo,SELL,60.42,8.96,0.19,,5.28,8.43,4272.78,4274.02,4223.51,2.0,-248.0,-9363704.0,SL
2026-08-06 10:30,2026-08-06 10:30,M15,Fibo,SELL,60.42,8.96,0.19,,5.28,8.43,4269.36,4270.36,4233.07,2.0,-200.0,-9363904.0,SL
2026-08-06 11:00,2026-08-06 11:00,M15,Fibo,SELL,64.2,8.32,0.32,,1.6,7.62,4280.12,4280.85,4219.29,2.0,-146.0,-9364050.0,SL
2026-08-06 12:00,2026-08-06 12:00,M15,Fibo,BUY,60.69,7.96,0.03,,3.09,5.0,4269.36,4270.45,4314.09,2.0,218.0,-9363832.0,SL
2026-08-06 12:00,2026-08-06 12:00,M15,Fibo,BUY,60.69,7.96,0.03,,3.09,5.0,4269.36,4271.69,4329.95,2.0,466.0,-9363366.0,SL
2026-08-06 12:00,2026-08-06 12:00,M15,Fibo,BUY,60.69,7.96,0.03,,3.09,5.0,4269.36,4271.24,4329.95,2.0,376.0,-9362990.0,SL
2026-08-06 12:00,2026-08-06 12:30,M15,Fibo,BUY,60.69,7.96,0.03,,3.09,5.0,4269.36,4266.53,4306.65,2.0,-566.0,-9363556.0,SL
2026-08-06 12:30,2026-08-06 12:30,M15,Fibo,BUY,51.92,7.35,-0.09,,3.7,5.09,4265.82,4268.56,4294.77,2.0,548.0,-9363008.0,SL
2026-08-06 12:30,2026-08-06 12:30,M15,Fibo,BUY,51.92,7.35,-0.09,,3.7,5.09,4265.82,4267.13,4295.66,2.0,262.0,-9362746.0,SL
2026-08-06 12:30,2026-08-06 12:45,M15,Fibo,SELL,51.92,7.35,-0.09,,3.7,5.09,4269.36,4270.92,4235.99,2.0,-312.0,-9363058.0,SL
2026-08-06 12:45,2026-08-06 12:45,M15,Fibo,SELL,57.12,7.31,0.03,,5.41,6.68,4265.82,4269.73,4236.72,2.0,-782.0,-9363840.0,SL
2026-08-06 12:45,2026-08-06 13:15,M15,Fibo,BUY,57.12,7.31,0.03,,5.41,6.68,4265.82,4264.64,4297.19,2.0,-236.0,-9364076.0,SL
2026-08-06 13:00,2026-08-06 13:00,M15,Fibo,SELL,62.02,7.27,-0.03,,1.92,6.7,4269.36,4271.45,4235.66,2.0,-418.0,-9364494.0,SL
2026-08-06 13:00,2026-08-06 15:00,M15,Fibo,SELL,62.02,7.27,-0.03,,1.92,6.7,4272.78,4273.56,4234.36,2.0,7684.0,-9356810.0,TP
2026-08-06 13:15,2026-08-06 13:15,M15,Fibo,BUY,51.28,7.31,-0.15,,4.79,10.87,4264.1,4263.65,4271.64,2.0,-90.0,-9356900.0,SL
2026-08-06 13:15,2026-08-06 13:15,M15,Fibo,BUY,51.28,7.31,-0.15,,4.79,10.87,4265.82,4264.77,4297.11,2.0,-210.0,-9357110.0,SL
2026-08-06 13:15,2026-08-06 13:15,M15,Fibo,BUY,51.28,7.31,-0.15,,4.79,10.87,4265.82,4266.64,4295.96,2.0,164.0,-9356946.0,SL
2026-08-06 13:15,2026-08-06 15:00,M15,Fibo,SELL,51.28,7.31,-0.15,,4.79,10.87,4269.36,4273.34,4234.49,2.0,6974.0,-9349972.0,TP
2026-08-06 13:30,2026-08-06 13:30,M15,Fibo,BUY,42.08,7.17,-0.23,,3.61,7.22,4264.1,4260.57,4299.71,2.0,-706.0,-9350678.0,SL
2026-08-06 13:30,2026-08-06 13:30,M30,Fibo,BUY,50.66,11.55,0.33,,0.93,12.75,4259.53,4260.23,4331.11,2.0,140.0,-9350538.0,SL
2026-08-06 13:30,2026-08-06 13:30,M30,Fibo,BUY,50.66,11.55,0.33,,0.93,12.75,4259.53,4260.57,4299.71,2.0,208.0,-9350330.0,SL
2026-08-06 13:45,2026-08-06 13:45,M15,Fibo,BUY,45.73,7.35,-0.17,,2.62,9.25,4258.58,4260.23,4273.76,2.0,330.0,-9350000.0,SL
2026-08-06 13:45,2026-08-06 13:45,M15,Fibo,BUY,45.73,7.35,-0.17,,2.62,9.25,4257.56,4259.79,4300.19,2.0,446.0,-9349554.0,SL
2026-08-06 14:00,2026-08-06 14:00,M15,Fibo,SELL,34.88,7.48,-0.32,,7.23,10.24,4265.82,4263.51,4245.92,2.0,462.0,-9349092.0,SL
2026-08-06 14:00,2026-08-06 14:30,M15,Fibo,SELL,34.88,7.48,-0.32,,7.23,10.24,4265.82,4267.01,4243.76,2.0,-238.0,-9349330.0,SL
2026-08-06 14:30,2026-08-06 14:30,M15,Fibo,SELL,39.42,7.91,-0.06,,5.43,12.47,4265.82,4265.7,4244.57,2.0,24.0,-9349306.0,SL
2026-08-06 14:30,2026-08-06 14:30,M15,Fibo,SELL,39.42,7.91,-0.06,,5.43,12.47,4265.82,4262.95,4246.27,2.0,574.0,-9348732.0,SL
2026-08-06 14:30,2026-08-06 15:00,M15,Fibo,SELL,39.42,7.91,-0.06,,5.43,12.47,4269.36,4271.44,4241.02,2.0,5668.0,-9343064.0,TP
2026-08-06 14:30,2026-08-06 14:30,M30,Fibo,BUY,38.67,11.6,-0.07,,11.42,21.54,4252.02,4249.33,4337.85,2.0,-538.0,-9343602.0,SL
2026-08-06 14:30,2026-08-06 14:30,M30,Fibo,BUY,38.67,11.6,-0.07,,11.42,21.54,4252.02,4253.24,4335.43,2.0,244.0,-9343358.0,SL
2026-08-06 14:30,2026-08-06 14:30,M30,Fibo,BUY,38.67,11.6,-0.07,,11.42,21.54,4252.02,4252.64,4335.81,2.0,124.0,-9343234.0,SL
2026-08-06 14:30,2026-08-06 14:30,M30,Fibo,BUY,38.67,11.6,-0.07,,11.42,21.54,4252.02,4254.26,4303.61,2.0,448.0,-9342786.0,SL
2026-08-06 14:30,2026-08-06 14:30,M30,Fibo,SELL,38.67,11.6,-0.07,,11.42,21.54,4269.78,4267.01,4235.14,2.0,554.0,-9342232.0,SL
2026-08-06 14:30,2026-08-06 14:30,M30,Fibo,BUY,38.67,11.6,-0.07,,11.42,21.54,4252.02,4253.29,4304.21,2.0,254.0,-9341978.0,SL
2026-08-06 14:30,2026-08-06 14:30,M30,Fibo,SELL,38.67,11.6,-0.07,,11.42,21.54,4262.71,4265.7,4235.94,2.0,-598.0,-9342576.0,SL
2026-08-06 14:30,2026-08-06 15:00,M30,Naiya,SELL,38.67,11.6,-0.07,,11.42,21.54,4269.2,4271.45,4232.39,2.0,7362.0,-9335214.0,TP
2026-08-06 14:45,2026-08-06 14:45,M15,Fibo,BUY,27.47,8.78,-0.44,,16.78,18.36,4251.69,4251.07,4279.42,2.0,-124.0,-9335338.0,SL
2026-08-06 14:45,2026-08-06 14:45,M15,Fibo,BUY,27.47,8.78,-0.44,,16.78,18.36,4251.69,4253.24,4278.08,2.0,310.0,-9335028.0,SL
2026-08-06 14:45,2026-08-06 14:45,M15,Fibo,BUY,27.47,8.78,-0.44,,16.78,18.36,4251.69,4254.71,4277.17,2.0,604.0,-9334424.0,SL
2026-08-06 14:45,2026-08-06 14:45,M15,Fibo,BUY,27.47,8.78,-0.44,,16.78,18.36,4251.69,4252.64,4278.45,2.0,190.0,-9334234.0,SL
2026-08-06 14:45,2026-08-06 14:45,M15,Fibo,BUY,27.47,8.78,-0.44,,16.78,18.36,4251.34,4254.26,4303.61,2.0,584.0,-9333650.0,SL
2026-08-06 14:45,2026-08-06 14:45,M15,Fibo,BUY,27.47,8.78,-0.44,,16.78,18.36,4251.69,4255.46,4302.87,2.0,754.0,-9332896.0,SL
2026-08-06 14:45,2026-08-06 14:45,M15,Fibo,BUY,27.47,8.78,-0.44,,16.78,18.36,4251.34,4253.29,4304.21,2.0,390.0,-9332506.0,SL
2026-08-06 14:45,2026-08-06 14:45,M15,Fibo,BUY,27.47,8.78,-0.44,,16.78,18.36,4258.58,4258.26,4301.14,2.0,-64.0,-9332570.0,SL
2026-08-06 15:00,2026-08-06 15:00,M15,Inst_Gap,BUY,27.45,9.66,-0.7,,11.72,24.96,4246.05,4245.73,4246.57,2.0,-64.0,-9332634.0,SL
2026-08-06 15:00,2026-08-06 15:00,M15,Fibo,BUY,27.45,9.66,-0.7,,11.72,24.96,4245.06,4247.31,4339.1,2.0,450.0,-9332184.0,SL
2026-08-06 15:00,2026-08-06 15:00,M15,Fibo,BUY,27.45,9.66,-0.7,,11.72,24.96,4251.69,4249.19,4306.74,2.0,-500.0,-9332684.0,SL
2026-08-06 15:00,2026-08-06 15:00,M30,Inst_Gap,BUY,42.74,12.37,-0.16,,2.45,24.96,4246.05,4245.73,4246.57,2.0,-64.0,-9332748.0,SL
2026-08-06 15:00,2026-08-06 15:00,M30,Fibo,BUY,42.74,12.37,-0.16,,2.45,24.96,4252.02,4249.19,4306.74,2.0,-566.0,-9333314.0,SL
2026-08-06 15:00,2026-08-06 15:00,H1,Inst_Gap,BUY,45.81,21.98,1.99,,16.94,43.39,4246.05,4245.73,4246.57,2.0,-64.0,-9333378.0,SL
2026-08-06 15:30,2026-08-06 15:30,M15,Fibo,SELL,50.2,11.87,0.08,,22.69,28.5,4269.36,4270.73,4241.46,2.0,-274.0,-9333652.0,SL
2026-08-06 15:30,2026-08-06 15:30,M15,Fibo,SELL,50.2,11.87,0.08,,22.69,28.5,4265.82,4267.55,4243.43,2.0,-346.0,-9333998.0,SL
2026-08-06 15:30,2026-08-06 15:30,M15,Fibo,SELL,50.2,11.87,0.08,,22.69,28.5,4252.02,4255.8,4194.47,2.0,-756.0,-9334754.0,SL
2026-08-06 15:30,2026-08-06 15:30,M15,Fibo,SELL,50.2,11.87,0.08,,22.69,28.5,4251.69,4248.28,4164.45,2.0,682.0,-9334072.0,SL
2026-08-06 15:30,2026-08-06 15:30,M30,Fibo,SELL,56.39,13.79,0.26,,19.45,28.5,4269.78,4270.73,4232.84,2.0,-190.0,-9334262.0,SL
2026-08-06 15:30,2026-08-06 15:30,M30,Fibo,SELL,56.39,13.79,0.26,,19.45,28.5,4252.02,4255.8,4242.06,2.0,-756.0,-9335018.0,SL
2026-08-06 16:00,2026-08-06 16:00,M15,Fibo,SELL,51.35,12.61,0.04,,1.14,11.18,4274.15,4274.23,4239.3,2.0,-16.0,-9335034.0,SL
2026-08-06 16:00,2026-08-06 16:00,M15,Fibo,SELL,51.35,12.61,0.04,,1.14,11.18,4269.64,4270.29,4206.46,2.0,-130.0,-9335164.0,SL
2026-08-06 16:15,2026-08-06 16:15,M15,Fibo,BUY,47.21,12.77,-0.01,,2.86,8.9,4262.51,4262.32,4280.15,2.0,-38.0,-9335202.0,SL
2026-08-06 16:15,2026-08-06 16:15,M15,Fibo,BUY,47.21,12.77,-0.01,,2.86,8.9,4262.51,4264.05,4279.08,2.0,308.0,-9334894.0,SL
2026-08-06 16:30,2026-08-06 16:30,M15,Fibo,SELL,52.19,12.96,0.19,,7.98,9.25,4265.48,4269.01,4207.25,2.0,-706.0,-9335600.0,SL
2026-08-06 16:30,2026-08-06 16:45,M15,Fibo,SELL,52.19,12.96,0.19,,7.98,9.25,4274.15,4275.23,4203.41,2.0,-216.0,-9335816.0,SL
2026-08-06 16:30,2026-08-06 17:00,M30,Fibo,BUY,55.8,14.13,0.33,,7.43,12.28,4263.16,4260.11,4299.99,2.0,-610.0,-9336426.0,SL
2026-08-06 16:45,2026-08-06 16:45,M15,Fibo,SELL,54.39,13.06,0.18,,0.58,12.28,4274.15,4274.81,4203.67,2.0,-132.0,-9336558.0,SL
2026-08-06 17:00,2026-08-06 17:00,M15,Fibo,BUY,51.47,13.43,-0.02,,9.3,12.38,4262.51,4265.56,4278.15,2.0,610.0,-9335948.0,SL
2026-08-06 17:00,2026-08-06 17:00,M15,Fibo,BUY,51.47,13.43,-0.02,,9.3,12.38,4262.51,4262.81,4282.91,2.0,60.0,-9335888.0,SL
2026-08-06 17:00,2026-08-06 17:15,M15,Fibo,BUY,51.47,13.43,-0.02,,9.3,12.38,4262.51,4260.11,4281.52,2.0,-480.0,-9336368.0,SL
2026-08-06 17:00,2026-08-06 17:00,M15,Fibo,SELL,51.47,13.43,-0.02,,9.3,12.38,4274.15,4275.09,4203.49,2.0,0.0,-9336368.0,OPEN
2026-08-06 17:00,2026-08-06 17:00,M30,Fibo,BUY,43.53,15.1,-0.13,,18.24,23.72,4263.16,4262.81,4298.33,2.0,-70.0,-9336438.0,SL
2026-08-06 17:15,2026-08-06 17:15,M15,Fibo,BUY,46.23,13.72,-0.22,,9.0,13.23,4262.51,4261.93,4283.45,2.0,-116.0,-9336554.0,SL
2026-08-06 17:30,2026-08-06 17:30,M15,Fibo,BUY,47.84,13.66,-0.29,1.48,3.28,9.43,4251.69,4250.59,4290.46,2.0,-220.0,-9336774.0,SL
2026-08-06 17:30,2026-08-06 17:30,M30,Naiya,BUY,30.12,16.11,-0.64,,21.18,26.45,4250.17,4230.84,4318.08,2.0,-3866.0,-9340640.0,SL
2026-08-06 17:30,2026-08-06 17:30,M30,Fibo,BUY,30.12,16.11,-0.64,,21.18,26.45,4252.02,4250.59,4305.88,2.0,-286.0,-9340926.0,SL
2026-08-06 17:45,2026-08-06 17:45,M15,Fibo,BUY,38.54,14.58,-0.69,1.04,17.97,22.54,4238.73,4235.9,4296.48,2.0,-566.0,-9341492.0,SL
2026-08-06 17:45,2026-08-06 17:45,M15,Fibo,BUY,38.54,14.58,-0.69,1.04,17.97,22.54,4243.44,4245.73,4290.4,2.0,458.0,-9341034.0,SL
2026-08-06 17:45,2026-08-06 17:45,M15,Fibo,BUY,38.54,14.58,-0.69,1.04,17.97,22.54,4249.91,4246.11,4293.23,2.0,-760.0,-9341794.0,SL
2026-08-06 18:30,2026-08-06 18:30,M15,Fibo,SELL,47.37,12.59,-0.65,0.97,3.34,6.08,4233.17,4233.05,4229.47,2.0,24.0,-9341770.0,SL
2026-08-06 19:00,2026-08-06 19:00,M15,Fibo,SELL,29.11,10.8,-0.46,1.11,0.51,5.06,4242.96,4242.99,4223.33,2.0,-6.0,-9341776.0,SL
2026-08-06 19:00,2026-08-06 19:00,M15,Fibo,SELL,29.11,10.8,-0.46,1.11,0.51,5.06,4242.46,4242.6,4223.57,2.0,-28.0,-9341804.0,SL
2026-08-06 19:00,2026-08-06 19:00,M30,FVG/Fibo,SELL,37.31,16.82,-0.44,,0.36,6.03,4242.96,4242.99,4223.33,2.0,-6.0,-9341810.0,SL
2026-08-06 19:00,2026-08-06 19:00,M30,Fibo,SELL,37.31,16.82,-0.44,,0.36,6.03,4242.96,4242.6,4223.57,2.0,72.0,-9341738.0,SL
2026-08-06 19:15,2026-08-06 19:15,M15,Fibo,BUY,31.4,10.53,-0.43,1.11,0.83,4.22,4242.46,4239.47,4297.33,2.0,-598.0,-9342336.0,SL
2026-08-06 19:30,2026-08-06 19:30,M15,Fibo,SELL,30.5,10.09,-0.42,1.1,0.77,4.98,4242.46,4242.72,4211.51,2.0,-52.0,-9342388.0,SL
2026-08-06 19:30,2026-08-06 21:15,M15,Fibo,BUY,30.5,10.09,-0.42,1.1,0.77,4.98,4238.73,4238.5,4297.93,2.0,-46.0,-9342434.0,SL
2026-08-06 19:30,2026-08-06 19:30,M30,Fibo,SELL,39.4,17.02,-0.31,,5.94,9.6,4242.96,4244.53,4222.38,2.0,-314.0,-9342748.0,SL
2026-08-06 19:30,2026-08-06 21:00,M30,Fibo,BUY,39.4,17.02,-0.31,,5.94,9.6,4240.35,4238.5,4313.35,2.0,-370.0,-9343118.0,SL
2026-08-06 19:45,2026-08-06 19:45,M15,Fibo,SELL,36.93,10.0,-0.29,1.2,5.16,7.7,4248.28,4244.53,4210.39,2.0,750.0,-9342368.0,SL
2026-08-06 19:45,2026-08-06 19:45,M15,Fibo,SELL,36.93,10.0,-0.29,1.2,5.16,7.7,4242.46,4243.53,4211.01,2.0,-214.0,-9342582.0,SL
2026-08-06 20:30,2026-08-06 20:30,M15,Fibo/Div,BUY,30.74,8.67,-0.39,1.01,4.93,7.05,4242.46,4244.15,4294.21,2.0,338.0,-9342244.0,SL
2026-08-06 20:30,2026-08-06 20:30,M15,Fibo/Div,BUY,30.74,8.67,-0.39,1.01,4.93,7.05,4249.21,4246.22,4292.93,2.0,-598.0,-9342842.0,SL
2026-08-06 20:30,2026-08-06 20:30,M30,Fibo,BUY,40.79,16.09,-0.41,,3.34,7.05,4242.96,4244.15,4309.86,2.0,238.0,-9342604.0,SL
2026-08-06 20:45,2026-08-06 21:15,M15,Fibo/Div,BUY,38.51,8.07,-0.35,1.03,1.57,4.91,4242.46,4240.73,4296.32,2.0,-346.0,-9342950.0,SL
2026-08-06 21:00,2026-08-06 21:00,M15,Fibo,SELL,45.82,7.98,-0.25,1.11,3.86,8.2,4250.23,4248.15,4208.15,2.0,416.0,-9342534.0,SL
2026-08-06 21:00,2026-08-06 21:00,M15,Fibo,SELL,45.82,7.98,-0.25,1.11,3.86,8.2,4250.23,4249.09,4207.57,2.0,228.0,-9342306.0,SL
2026-08-06 21:00,2026-08-06 21:00,M15,Fibo,SELL,45.82,7.98,-0.25,1.11,3.86,8.2,4250.23,4249.63,4207.24,2.0,120.0,-9342186.0,SL
2026-08-06 21:00,2026-08-06 21:00,M15,Fibo,SELL,45.82,7.98,-0.25,1.11,3.86,8.2,4250.23,4247.78,4208.38,2.0,490.0,-9341696.0,SL
2026-08-06 21:00,2026-08-06 21:00,M15,Fibo,SELL,45.82,7.98,-0.25,1.11,3.86,8.2,4249.21,4245.65,4209.7,2.0,712.0,-9340984.0,SL
2026-08-06 21:00,2026-08-06 21:00,M30,Fibo,BUY,39.26,16.35,-0.54,,6.08,16.01,4240.35,4238.55,4313.32,2.0,-360.0,-9341344.0,SL
2026-08-06 21:00,2026-08-06 21:00,M30,Naiya Doji,SELL,39.26,16.35,-0.54,,6.08,16.01,4246.74,4249.63,4207.24,2.0,-578.0,-9341922.0,SL
2026-08-06 21:00,2026-08-06 21:00,M30,Fibo,BUY,39.26,16.35,-0.54,,6.08,16.01,4242.96,4240.73,4311.97,2.0,-446.0,-9342368.0,SL
2026-08-06 21:15,2026-08-06 21:15,M15,Fibo/Div,BUY,54.44,7.33,-0.48,0.85,10.0,13.33,4238.73,4238.55,4297.9,2.0,-36.0,-9342404.0,SL
2026-08-06 21:15,2026-08-06 21:15,M15,Fibo,BUY,54.44,7.33,-0.48,0.85,10.0,13.33,4238.73,4240.45,4296.5,2.0,344.0,-9342060.0,SL
2026-08-06 21:15,2026-08-06 21:15,M15,Fibo,BUY,54.44,7.33,-0.48,0.85,10.0,13.33,4238.73,4240.74,4296.32,2.0,402.0,-9341658.0,SL
2026-08-06 21:15,2026-08-06 21:15,M15,Fibo,BUY,54.44,7.33,-0.48,0.85,10.0,13.33,4243.44,4243.07,4253.68,2.0,-74.0,-9341732.0,SL
2026-08-06 21:30,2026-08-06 21:30,M30,Naiya Hidden,SELL,49.43,16.07,-0.27,,11.54,17.68,4247.18,4248.15,4208.15,2.0,-194.0,-9341926.0,SL
2026-08-06 21:45,2026-08-06 21:45,M15,Fibo,SELL,66.73,7.39,-0.19,1.09,14.38,16.13,4250.23,4248.59,4207.88,2.0,328.0,-9341598.0,SL
2026-08-06 21:45,2026-08-06 21:45,M15,Fibo,SELL,66.73,7.39,-0.19,1.09,14.38,16.13,4242.46,4239.59,4213.44,2.0,574.0,-9341024.0,SL
2026-08-06 22:15,2026-08-06 22:15,M15,Fibo,BUY,50.52,7.12,-0.34,0.88,2.79,5.73,4242.46,4242.81,4256.5,2.0,70.0,-9340954.0,SL
2026-08-06 22:30,2026-08-06 22:30,M15,Fibo,BUY,45.19,7.28,-0.48,0.71,6.54,7.34,4242.46,4239.9,4258.3,2.0,-512.0,-9341466.0,SL
2026-08-06 22:30,2026-08-06 22:30,M30,Fibo,BUY,36.36,13.54,-0.46,,1.89,7.71,4242.96,4239.9,4312.48,2.0,-612.0,-9342078.0,SL
2026-08-07 00:00,2026-08-07 00:00,M30,Fibo,SELL,38.55,13.03,-0.4,,2.28,7.96,4242.96,4242.44,4211.68,2.0,104.0,-9341974.0,SL
2026-08-07 00:15,2026-08-07 00:15,M15,Fibo,SELL,46.09,7.25,-0.26,0.82,3.38,4.5,4242.46,4242.44,4227.21,2.0,4.0,-9341970.0,SL
2026-08-07 00:15,2026-08-07 00:15,M15,Fibo,SELL,46.09,7.25,-0.26,0.82,3.38,4.5,4242.46,4242.01,4227.48,2.0,90.0,-9341880.0,SL
2026-08-07 00:15,2026-08-07 00:15,M15,Fibo,SELL,46.09,7.25,-0.26,0.82,3.38,4.5,4242.46,4240.2,4228.6,2.0,452.0,-9341428.0,SL
2026-08-07 00:15,2026-08-07 01:30,M15,Inst_Gap,BUY,46.09,7.25,-0.26,0.82,3.38,4.5,4239.96,4235.54,4247.11,2.0,1430.0,-9339998.0,TP
2026-08-07 00:30,2026-08-07 00:30,M15,Fibo,SELL,44.16,7.21,-0.32,0.74,2.97,4.29,4242.46,4243.5,4226.56,2.0,-208.0,-9340206.0,SL
2026-08-07 00:30,2026-08-07 00:30,M30,Fibo,SELL,32.89,12.47,-0.44,,1.64,4.49,4242.96,4243.5,4211.03,2.0,-108.0,-9340314.0,SL
2026-08-07 00:30,2026-08-07 01:30,M30,Inst_Gap,BUY,32.89,12.47,-0.44,,1.64,4.49,4239.96,4235.54,4247.11,2.0,1430.0,-9338884.0,TP
2026-08-07 00:45,2026-08-07 00:45,M15,Fibo,BUY,45.37,7.24,-0.26,0.75,1.34,3.92,4242.46,4239.15,4258.76,2.0,-662.0,-9339546.0,SL
2026-08-07 00:45,2026-08-07 01:00,M15,Fibo,SELL,45.37,7.24,-0.26,0.75,1.34,3.92,4242.46,4243.44,4226.6,2.0,-196.0,-9339742.0,SL
2026-08-07 01:00,2026-08-07 01:00,M15,Fibo,SELL,52.71,7.12,-0.14,0.84,4.65,5.33,4242.46,4242.87,4226.95,2.0,-82.0,-9339824.0,SL
2026-08-07 01:00,2026-08-07 01:00,M30,Fibo,SELL,44.05,11.19,-0.33,,4.56,5.78,4242.96,4243.44,4211.06,2.0,-96.0,-9339920.0,SL
2026-08-07 01:00,2026-08-07 01:00,H12,Naiya,SELL,71.28,56.75,4.65,,25.84,39.4,4249.93,4304.04,3805.5,2.0,0.0,-9339920.0,OPEN
2026-08-07 01:30,2026-08-07 01:30,M30,Fibo,SELL,64.06,9.89,-0.17,,7.16,8.25,4252.02,4248.15,4208.15,2.0,774.0,-9339146.0,SL
2026-08-07 01:30,2026-08-07 01:30,M30,Fibo,SELL,64.06,9.89,-0.17,,7.16,8.25,4252.02,4249.63,4207.24,2.0,478.0,-9338668.0,SL
2026-08-07 01:30,2026-08-07 01:30,M30,Fibo,SELL,64.06,9.89,-0.17,,7.16,8.25,4252.02,4251.27,4206.22,2.0,150.0,-9338518.0,SL
2026-08-07 01:30,2026-08-07 01:30,M30,Fibo,SELL,64.06,9.89,-0.17,,7.16,8.25,4252.02,4250.71,4206.57,2.0,262.0,-9338256.0,SL
2026-08-07 01:30,2026-08-07 01:30,M30,Fibo,SELL,64.06,9.89,-0.17,,7.16,8.25,4252.02,4250.2,4206.89,2.0,364.0,-9337892.0,SL
2026-08-07 01:30,2026-08-07 01:30,M30,Fibo,SELL,64.06,9.89,-0.17,,7.16,8.25,4242.96,4246.11,4209.41,2.0,-630.0,-9338522.0,SL
2026-08-07 01:45,2026-08-07 01:45,M15,Fibo,SELL,63.3,6.25,0.05,0.95,5.69,7.39,4251.69,4251.63,4217.99,2.0,12.0,-9338510.0,SL
2026-08-07 01:45,2026-08-07 01:45,M15,Fibo,SELL,63.3,6.25,0.05,0.95,5.69,7.39,4250.23,4250.2,4206.89,2.0,6.0,-9338504.0,SL
2026-08-07 01:45,2026-08-07 01:45,M15,Fibo,SELL,63.3,6.25,0.05,0.95,5.69,7.39,4249.21,4245.63,4225.24,2.0,716.0,-9337788.0,SL
2026-08-07 01:45,2026-08-07 01:45,M15,Fibo,SELL,63.3,6.25,0.05,0.95,5.69,7.39,4249.21,4245.66,4225.22,2.0,710.0,-9337078.0,SL
2026-08-07 01:45,2026-08-07 01:45,M15,Fibo,SELL,63.3,6.25,0.05,0.95,5.69,7.39,4249.21,4246.11,4224.95,2.0,620.0,-9336458.0,SL
2026-08-07 01:45,2026-08-07 01:45,M15,Fibo,SELL,63.3,6.25,0.05,0.95,5.69,7.39,4250.23,4248.75,4226.07,2.0,296.0,-9336162.0,SL
2026-08-07 02:00,2026-08-07 02:00,M15,Fibo,BUY,58.37,6.45,-0.12,0.75,7.33,9.34,4243.44,4244.9,4254.3,2.0,292.0,-9335870.0,SL
2026-08-07 02:00,2026-08-07 02:00,M15,Fibo,BUY,58.37,6.45,-0.12,0.75,7.33,9.34,4243.44,4245.76,4253.77,2.0,464.0,-9335406.0,SL
2026-08-07 02:00,2026-08-07 02:00,M30,Fibo,BUY,59.58,9.47,-0.36,,8.18,13.67,4240.35,4240.33,4296.8,2.0,-4.0,-9335410.0,SL
2026-08-07 02:00,2026-08-07 02:00,M30,Fibo,BUY,59.58,9.47,-0.36,,8.18,13.67,4242.96,4244.9,4293.97,2.0,388.0,-9335022.0,SL
2026-08-07 02:00,2026-08-07 02:30,M30,Naiya,BUY,59.58,9.47,-0.36,,8.18,13.67,4242.38,4238.95,4297.65,2.0,-686.0,-9335708.0,SL
2026-08-07 02:00,2026-08-07 02:00,H1,Inst_Gap,BUY,36.45,19.21,0.37,,19.32,23.02,4239.96,4235.54,4247.11,2.0,-884.0,-9336592.0,SL
2026-08-07 02:15,2026-08-07 02:15,M15,Fibo,BUY,44.64,5.8,-0.12,0.71,0.91,7.07,4242.46,4243.1,4255.41,2.0,128.0,-9336464.0,SL
2026-08-07 02:15,2026-08-07 02:15,M15,Fibo,BUY,44.64,5.8,-0.12,0.71,0.91,7.07,4242.46,4243.41,4255.22,2.0,190.0,-9336274.0,SL
2026-08-07 02:30,2026-08-07 02:30,M15,Fibo,BUY,40.63,6.25,-0.32,0.47,9.12,13.79,4232.02,4234.58,4261.58,2.0,512.0,-9335762.0,SL
2026-08-07 02:30,2026-08-07 02:30,M15,Fibo,BUY,40.63,6.25,-0.32,0.47,9.12,13.79,4232.02,4234.73,4261.49,2.0,542.0,-9335220.0,SL
2026-08-07 02:30,2026-08-07 02:30,M15,Fibo,BUY,40.63,6.25,-0.32,0.47,9.12,13.79,4238.73,4239.0,4258.85,2.0,54.0,-9335166.0,SL
2026-08-07 02:30,2026-08-07 02:30,M15,Fibo,BUY,40.63,6.25,-0.32,0.47,9.12,13.79,4238.73,4238.95,4258.88,2.0,44.0,-9335122.0,SL
2026-08-07 02:30,2026-08-07 02:30,M15,Fibo,BUY,40.63,6.25,-0.32,0.47,9.12,13.79,4238.73,4240.33,4257.12,2.0,320.0,-9334802.0,SL
2026-08-07 02:30,2026-08-07 02:30,M15,Fibo,BUY,40.63,6.25,-0.32,0.47,9.12,13.79,4242.46,4239.08,4257.9,2.0,-676.0,-9335478.0,SL
2026-08-07 02:30,2026-08-07 02:30,M30,Fibo,BUY,43.95,9.6,-0.62,,11.18,14.33,4234.33,4233.03,4316.73,2.0,-260.0,-9335738.0,SL
2026-08-07 02:30,2026-08-07 02:30,M30,Fibo,BUY,43.95,9.6,-0.62,,11.18,14.33,4234.33,4235.54,4299.76,2.0,242.0,-9335496.0,SL
2026-08-07 02:30,2026-08-07 02:30,M30,Fibo,BUY,43.95,9.6,-0.62,,11.18,14.33,4242.96,4239.08,4297.57,2.0,-776.0,-9336272.0,SL
2026-08-07 03:00,2026-08-07 03:00,M15,Fibo,SELL,57.87,6.92,-0.08,0.66,11.38,15.06,4242.46,4244.06,4228.96,2.0,-320.0,-9336592.0,SL
2026-08-07 03:00,2026-08-07 03:00,M30,Fibo,SELL,50.98,10.49,-0.36,,10.57,18.52,4242.96,4244.06,4210.68,2.0,-220.0,-9336812.0,SL
2026-08-07 03:00,2026-08-07 03:30,M30,Naiya,SELL,50.98,10.49,-0.36,,10.57,18.52,4245.21,4253.15,4205.06,2.0,-1588.0,-9338400.0,SL
2026-08-07 03:00,2026-08-07 03:00,H1,Naiya,SELL,45.86,20.54,0.85,,23.94,27.62,4240.66,4253.15,4205.06,2.0,-2498.0,-9340898.0,SL
2026-08-07 03:00,2026-08-07 03:00,H1,Fibo,SELL,45.86,20.54,0.85,,23.94,27.62,4254.0,4252.75,4205.31,2.0,250.0,-9340648.0,SL
2026-08-07 03:15,2026-08-07 03:15,M15,Fibo,SELL,53.25,7.11,-0.09,0.62,0.8,9.98,4249.21,4246.15,4227.67,2.0,612.0,-9340036.0,SL
2026-08-07 03:15,2026-08-07 03:15,M15,Fibo,SELL,53.25,7.11,-0.09,0.62,0.8,9.98,4244.12,4246.7,4227.33,2.0,-516.0,-9340552.0,SL
2026-08-07 03:30,2026-08-07 03:30,M15,Fibo,SELL,63.74,8.16,0.23,0.91,13.38,19.38,4254.62,4251.27,4206.22,2.0,670.0,-9339882.0,SL
2026-08-07 03:30,2026-08-07 03:30,M15,Fibo,SELL,63.74,8.16,0.23,0.91,13.38,19.38,4254.62,4250.71,4206.57,2.0,782.0,-9339100.0,SL
2026-08-07 03:30,2026-08-07 03:30,M15,Fibo,SELL,63.74,8.16,0.23,0.91,13.38,19.38,4254.62,4253.15,4223.35,2.0,294.0,-9338806.0,SL
2026-08-07 03:30,2026-08-07 03:30,M15,Fibo,SELL,63.74,8.16,0.23,0.91,13.38,19.38,4254.62,4252.75,4223.59,2.0,374.0,-9338432.0,SL
2026-08-07 03:30,2026-08-07 03:30,M15,Fibo,BUY,63.74,8.16,0.23,0.91,13.38,19.38,4241.24,4240.18,4261.17,2.0,-212.0,-9338644.0,SL
2026-08-07 03:30,2026-08-07 03:30,M15,Fibo,SELL,63.74,8.16,0.23,0.91,13.38,19.38,4250.23,4250.16,4225.19,2.0,14.0,-9338630.0,SL
2026-08-07 03:30,2026-08-07 03:30,M30,Fibo,SELL,55.33,11.23,-0.03,,13.34,20.05,4256.68,4255.54,4215.58,2.0,228.0,-9338402.0,SL
2026-08-07 03:30,2026-08-07 03:30,M30,Fibo,SELL,55.33,11.23,-0.03,,13.34,20.05,4256.68,4253.15,4205.06,2.0,706.0,-9337696.0,SL
2026-08-07 03:30,2026-08-07 03:30,M30,Fibo,SELL,55.33,11.23,-0.03,,13.34,20.05,4256.68,4252.75,4205.31,2.0,786.0,-9336910.0,SL
2026-08-07 03:30,2026-08-07 03:30,M30,Fibo,SELL,55.33,11.23,-0.03,,13.34,20.05,4252.02,4250.16,4206.91,2.0,372.0,-9336538.0,SL
2026-08-07 03:45,2026-08-07 03:45,M15,Fibo,SELL,61.66,8.35,0.23,0.89,0.02,7.25,4254.62,4258.59,4211.89,2.0,-794.0,-9337332.0,SL
2026-08-07 04:00,2026-08-07 04:00,M15,Fibo,SELL,66.01,8.44,0.28,0.92,2.02,5.55,4259.51,4255.54,4215.58,2.0,794.0,-9336538.0,SL
2026-08-07 04:00,2026-08-07 04:00,M15,Fibo,SELL,66.01,8.44,0.28,0.92,2.02,5.55,4259.2,4259.26,4211.48,2.0,-12.0,-9336550.0,SL
2026-08-07 04:00,2026-08-07 04:00,H1,Fibo,SELL,46.19,20.21,0.62,,6.38,14.48,4259.14,4259.26,4201.29,2.0,-24.0,-9336574.0,SL
2026-08-07 04:00,2026-08-07 04:00,H1,Naiya,BUY,46.19,20.21,0.62,,6.38,14.48,4252.06,4229.73,4303.35,2.0,0.0,-9336574.0,OPEN
2026-08-07 04:30,2026-08-07 04:30,M15,Fibo,BUY,53.27,8.9,0.06,0.66,11.03,11.96,4254.62,4252.01,4301.31,2.0,-522.0,-9337096.0,SL
2026-08-07 04:30,2026-08-07 04:30,M15,Fibo,BUY,53.27,8.9,0.06,0.66,11.03,11.96,4254.62,4256.05,4302.4,2.0,286.0,-9336810.0,SL
2026-08-07 04:30,2026-08-07 04:30,M15,Fibo,BUY,53.27,8.9,0.06,0.66,11.03,11.96,4254.62,4257.41,4306.18,2.0,558.0,-9336252.0,SL
2026-08-07 04:30,2026-08-07 04:30,M15,Fibo,SELL,53.27,8.9,0.06,0.66,11.03,11.96,4257.4,4261.09,4210.35,2.0,-738.0,-9336990.0,SL
2026-08-07 04:30,2026-08-07 04:30,M30,Fibo,BUY,53.49,11.77,-0.16,,10.35,14.48,4256.68,4256.05,4339.01,2.0,-126.0,-9337116.0,SL
2026-08-07 05:00,2026-08-07 05:00,M15,Fibo,SELL,55.77,9.74,0.18,0.74,4.38,9.73,4254.62,4256.07,4213.45,2.0,-290.0,-9337406.0,SL
2026-08-07 05:00,2026-08-07 05:45,M15,Fibo,SELL,55.77,9.74,0.18,0.74,4.38,9.73,4259.2,4261.67,4209.99,2.0,-494.0,-9337900.0,SL
2026-08-07 05:00,2026-08-07 05:30,M30,Naiya,SELL,60.38,11.32,0.05,,8.23,9.73,4256.77,4261.6,4210.03,2.0,-966.0,-9338866.0,SL
2026-08-07 05:00,2026-08-07 05:00,H1,Fibo,SELL,54.6,19.86,0.9,,15.68,16.63,4259.14,4261.67,4199.8,2.0,-506.0,-9339372.0,SL
2026-08-07 05:15,2026-08-07 05:30,M15,Fibo,SELL,54.54,9.7,0.28,0.81,3.83,6.82,4257.4,4259.39,4211.4,2.0,-398.0,-9339770.0,SL
2026-08-07 05:30,2026-08-07 05:30,M15,Fibo,SELL,62.57,9.29,0.33,0.83,2.04,3.58,4257.4,4258.73,4211.81,2.0,-266.0,-9340036.0,SL
2026-08-07 05:30,2026-08-07 05:30,M30,Fibo,SELL,58.73,10.67,0.23,,7.47,8.61,4263.16,4259.26,4201.29,2.0,780.0,-9339256.0,SL
2026-08-07 05:30,2026-08-07 05:30,M30,Fibo,SELL,58.73,10.67,0.23,,7.47,8.61,4263.16,4261.6,4210.03,2.0,312.0,-9338944.0,SL
2026-08-07 05:30,2026-08-07 05:30,M30,Fibo,SELL,58.73,10.67,0.23,,7.47,8.61,4263.16,4261.67,4209.99,2.0,298.0,-9338646.0,SL
2026-08-07 05:30,2026-08-07 05:30,M30,Fibo,SELL,58.73,10.67,0.23,,7.47,8.61,4263.16,4259.39,4211.4,2.0,754.0,-9337892.0,SL
2026-08-07 05:30,2026-08-07 05:30,M30,Naiya,SELL,58.73,10.67,0.23,,7.47,8.61,4265.56,4275.09,4203.49,2.0,0.0,-9337892.0,OPEN
2026-08-07 05:45,2026-08-07 05:45,M15,Fibo,SELL,66.34,9.29,0.46,0.94,5.42,7.11,4262.51,4263.82,4210.46,2.0,-262.0,-9338154.0,SL
2026-08-07 05:45,2026-08-07 05:45,M15,Fibo,SELL,66.34,9.29,0.46,0.94,5.42,7.11,4262.51,4261.6,4210.03,2.0,182.0,-9337972.0,SL
2026-08-07 05:45,2026-08-07 05:45,M15,Fibo,SELL,66.34,9.29,0.46,0.94,5.42,7.11,4257.4,4261.26,4210.24,2.0,-772.0,-9338744.0,SL
2026-08-07 06:00,2026-08-07 06:00,M15,Fibo,SELL,76.8,8.8,0.47,0.93,0.61,6.89,4262.51,4266.29,4207.14,2.0,-756.0,-9339500.0,SL
2026-08-07 06:00,2026-08-07 06:00,M30,Fibo,SELL,63.44,10.43,0.25,,0.46,6.89,4263.16,4266.29,4207.14,2.0,-626.0,-9340126.0,SL
2026-08-07 06:00,2026-08-07 06:00,H1,Naiya,SELL,49.8,17.26,0.82,,0.42,6.89,4267.09,4275.23,4222.76,2.0,0.0,-9340126.0,OPEN
