ticket,fill_ts,side,raw_tf,tf_used,sid,is_multitf,fill_price,eq,pd_result,actual_pl,sim_pl,diff,close_ts
531707426,2026-05-26 15:28:10,SELL,M1,M1,2,False,4524.9,4531.01,FAIL,0.2,-0.2,-0.4,2026-05-26 15:28:11
531712059,2026-05-26 15:30:35,BUY,M5,M5,14,False,4521.65,4529.62,PASS,4.39,4.39,0.0,2026-05-26 15:46:10
531712061,2026-05-26 15:30:35,BUY,M15,M15,14,False,4521.65,4534.72,PASS,4.39,4.39,0.0,2026-05-26 15:46:10
531712889,2026-05-26 15:31:15,SELL,M1,M1,2,False,4522.85,4528.99,FAIL,-1.76,-0.2,1.56,2026-05-26 15:31:15
531717307,2026-05-26 15:35:10,BUY,M1,M1,14,False,4521.11,4527.6,PASS,4.93,4.93,0.0,2026-05-26 15:46:10
531717312,2026-05-26 15:35:10,BUY,M15,M15,14,False,4521.09,4534.72,PASS,4.95,4.95,0.0,2026-05-26 15:46:10
531717386,2026-05-26 15:35:15,BUY,M1,M1,14,False,4520.64,4527.6,PASS,5.4,5.4,0.0,2026-05-26 15:46:10
531720879,2026-05-26 15:39:05,BUY,M1,M1,2,False,4522.76,4526.91,PASS,6.56,6.56,0.0,2026-05-26 15:46:10
531726424,2026-05-26 15:45:05,SELL,M1,M1,14,False,4525.5,4525.12,PASS,0.0,0.0,0.0,2026-05-26 15:46:10
531814552,2026-05-26 17:31:12,BUY,M1,M1,3,False,4534.21,4527.46,FAIL,-1.68,-0.2,1.48,2026-05-26 17:31:12
531824191,2026-05-26 17:45:12,SELL,M1,M1,3,False,4534.19,4533.15,PASS,-16.92,-16.92,0.0,2026-05-26 17:50:07
531822353,2026-05-26 17:45:52,SELL,M1,M1,2,False,4534.92,4533.15,PASS,-2.92,-2.92,0.0,2026-05-26 17:48:52
531824192,2026-05-26 17:45:57,SELL,M1,M1,11,False,4535.89,4533.15,PASS,0.72,0.72,0.0,2026-05-26 17:48:52
531828625,2026-05-26 17:48:17,SELL,M1,M1,1,False,4535.06,4533.15,PASS,-18.88,-18.88,0.0,2026-05-26 17:50:27
531825768,2026-05-26 17:49:57,SELL,M5,M5,1,False,4536.4,4525.45,PASS,0.32,0.32,0.0,2026-05-26 18:04:12
531832153,2026-05-26 17:54:12,BUY,M5,M5,1,False,4535.21,4526.32,FAIL,-2.08,-0.2,1.8800000000000001,2026-05-26 17:54:12
531830220,2026-05-26 17:54:17,BUY,M1,M1,11,False,4534.67,4536.01,PASS,-5.32,-5.32,0.0,2026-05-26 18:00:42
531839473,2026-05-26 18:07:17,BUY,M5,M5,1,False,4534.56,4526.32,FAIL,-1.04,-0.2,0.8400000000000001,2026-05-26 18:07:17
531836949,2026-05-26 18:18:52,BUY,M30,M30,2,False,4531.33,4546.13,PASS,-104.76,-104.76,0.0,2026-05-26 19:28:49
531813674,2026-05-26 18:23:12,BUY,M5,M5,2,False,4525.56,4526.32,PASS,-77.0,-77.0,0.0,2026-05-26 19:28:39
531850334,2026-05-26 18:24:12,SELL,M1,M1,2,False,4526.95,4530.78,FAIL,-1.4,-0.2,1.2,2026-05-26 18:24:12
531813679,2026-05-26 18:25:17,BUY,M30,M30,3,False,4524.83,4546.13,PASS,-77.84,-77.84,0.0,2026-05-26 19:28:44
531852330,2026-05-26 18:26:27,SELL,M1,M1,3,False,4526.19,4530.03,FAIL,1.04,-0.2,-1.24,2026-05-26 18:26:27
531836965,2026-05-26 18:26:42,BUY,H1,H1,1,False,4524.08,4541.96,PASS,-73.76,-73.76,0.0,2026-05-26 19:28:49
531812319,2026-05-26 18:30:42,BUY,M15,M15,1,False,4518.2,4522.6,PASS,-3.22,-3.22,0.0,2026-05-26 18:35:27
531812321,2026-05-26 18:30:42,BUY,M15,M15,11,False,4518.2,4522.6,PASS,-3.22,-3.22,0.0,2026-05-26 18:35:27
531895828,2026-05-26 18:57:17,SELL,M1,M1,3,False,4511.27,4514.59,FAIL,0.66,-0.2,-0.8600000000000001,2026-05-26 19:08:27
531896589,2026-05-26 18:57:17,SELL,M1,M1,2,False,4510.72,4514.59,FAIL,0.16,-0.2,-0.36,2026-05-26 19:08:27
531901055,2026-05-26 19:00:52,BUY,M15,M15,11,False,4504.69,4522.15,PASS,5.0,5.0,0.0,2026-05-26 19:03:52
531900839,2026-05-26 19:01:32,SELL,M5,M5,3,False,4510.06,4522.15,FAIL,-0.6,-0.2,0.39999999999999997,2026-05-26 19:01:32
531902475,2026-05-26 19:28:44,BUY,M1,M1,1,False,4505.55,4509.83,PASS,2.0,2.0,0.0,2026-05-26 19:32:09
531904953,2026-05-26 19:30:49,BUY,M1,M1,9,False,4503.78,4509.26,PASS,5.68,5.68,0.0,2026-05-26 19:37:54
531930984,2026-05-26 19:31:49,SELL,M1,M1,3,False,4505.68,4508.31,FAIL,0.48,-0.2,-0.6799999999999999,2026-05-26 19:31:49
531932960,2026-05-26 19:32:44,SELL,M1,M1,11,False,4506.57,4508.31,FAIL,2.88,-0.2,-3.08,2026-05-26 19:32:44
531900876,2026-05-26 19:53:39,SELL,H1,H1,3,False,4522.8,4540.4,FAIL,-1.88,-0.2,1.68,2026-05-26 19:53:39
531857511,2026-05-26 19:55:39,SELL,M1,M1,3,False,4523.76,4512.2,PASS,0.72,0.72,0.0,2026-05-26 20:00:49
531956598,2026-05-26 19:58:39,BUY,M1,M1,2,False,4520.46,4512.2,FAIL,-0.08,-0.2,-0.12000000000000001,2026-05-26 19:58:39
531962157,2026-05-26 20:00:09,SELL,M1,M1,2,False,4521.04,4512.2,PASS,6.92,6.92,0.0,2026-05-26 20:11:14
531854856,2026-05-26 20:02:39,SELL,M1,M1,3,False,4525.1,4513.95,PASS,17.2,17.2,0.0,2026-05-26 20:05:59
531968481,2026-05-26 20:09:54,SELL,M1,M1,3,False,4523.21,4514.28,PASS,11.7,11.7,0.0,2026-05-26 20:11:14
531972120,2026-05-26 20:10:08,BUY,M1,M1,3,False,4521.69,4515.07,FAIL,6.88,-0.2,-7.08,2026-05-26 20:27:39
531977346,2026-05-26 20:17:59,SELL,M5,M5,3,False,4520.2,4520.58,FAIL,4.32,-0.2,-4.5200000000000005,2026-05-26 21:01:54
531987931,2026-05-26 20:27:29,SELL,M1,M1,1,False,4526.27,4521.79,PASS,-0.42,-0.42,0.0,2026-05-26 20:30:09
531992482,2026-05-26 20:31:09,SELL,M1,M1,2,False,4523.56,4521.96,PASS,-5.85,-5.85,0.0,2026-05-26 20:37:09
532005739,2026-05-26 20:40:44,SELL,M1,M1,1,False,4527.78,4522.41,PASS,2.0,2.0,0.0,2026-05-26 20:44:59
532005740,2026-05-26 20:40:44,SELL,M1,M1,11,False,4527.78,4522.41,PASS,-6.84,-6.84,0.0,2026-05-26 20:44:04
531848346,2026-05-26 20:44:04,SELL,[M1_M5],M1,2,True,4529.35,4524.77,PASS,13.16,13.16,0.0,2026-05-26 20:46:44
531849314,2026-05-26 20:44:04,SELL,M1,M1,11,False,4529.72,4524.77,PASS,2.0,2.0,0.0,2026-05-26 20:48:29
531847562,2026-05-26 20:44:09,SELL,M1,M1,11,False,4531.08,4524.77,PASS,21.28,21.28,0.0,2026-05-26 20:49:14
532010855,2026-05-26 20:44:54,BUY,M1,M1,3,False,4528.28,4524.77,FAIL,-4.68,-0.2,4.4799999999999995,2026-05-26 20:44:54
531947948,2026-05-26 21:00:34,BUY,M1,M1,3,False,4511.82,4521.32,PASS,7.08,7.08,0.0,2026-05-26 21:05:49
532051847,2026-05-26 21:11:09,BUY,M1,M1,11,False,4513.79,4521.32,PASS,-15.44,-15.44,0.0,2026-05-26 21:12:59
532061868,2026-05-26 21:32:54,SELL,M5,M5,2,False,4521.5,4516.0,PASS,-0.98,-0.98,0.0,2026-05-26 21:36:09
532081132,2026-05-26 21:34:09,SELL,M1,M1,1,False,4519.24,4514.85,PASS,5.55,5.55,0.0,2026-05-26 22:05:29
532092081,2026-05-26 21:44:59,SELL,M1,M1,3,False,4521.3,4516.76,PASS,7.61,7.61,0.0,2026-05-26 22:05:29
532088516,2026-05-26 21:53:29,BUY,M5,M5,3,False,4517.69,4516.0,FAIL,-54.48,-0.2,54.279999999999994,2026-05-26 22:31:59
532093141,2026-05-26 21:56:04,BUY,M15,M15,1,False,4512.98,4520.58,PASS,-0.51,-0.51,0.0,2026-05-26 22:01:44
532093158,2026-05-26 21:56:04,BUY,M15,M15,11,False,4512.98,4520.58,PASS,-0.51,-0.51,0.0,2026-05-26 22:01:44
532088517,2026-05-26 22:02:19,BUY,M5,M5,11,False,4511.64,4516.43,PASS,-4.23,-4.23,0.0,2026-05-26 22:06:39
532117259,2026-05-26 22:09:34,BUY,M1,M1,1,False,4511.35,4515.99,PASS,-26.72,-26.72,0.0,2026-05-26 22:31:44
531943975,2026-05-26 22:17:54,BUY,M1,M1,2,False,4505.51,4512.89,PASS,0.62,0.62,0.0,2026-05-26 22:24:04
531962159,2026-05-26 22:17:54,BUY,M15,M15,1,False,4506.34,4520.58,PASS,-1.04,-1.04,0.0,2026-05-26 22:24:04
531962160,2026-05-26 22:17:54,BUY,M15,M15,11,False,4506.34,4520.58,PASS,-1.04,-1.04,0.0,2026-05-26 22:24:04
532137688,2026-05-26 22:34:09,BUY,M1,M1,3,False,4506.48,4509.05,PASS,-0.3,-0.3,0.0,2026-05-26 22:50:09
531942441,2026-05-26 22:37:34,BUY,M1,M1,1,False,4503.41,4507.44,PASS,5.94,5.94,0.0,2026-05-26 22:50:09
531943978,2026-05-26 22:37:34,BUY,M1,M1,11,False,4503.41,4507.44,PASS,5.94,5.94,0.0,2026-05-26 22:50:09
532140891,2026-05-26 22:39:19,SELL,M1,M1,1,False,4504.99,4507.44,FAIL,-0.88,-0.2,0.6799999999999999,2026-05-26 22:39:19
532155626,2026-05-26 22:56:04,BUY,M5,M5,1,False,4508.17,4516.83,PASS,-2.49,-2.49,0.0,2026-05-26 23:42:14
532155627,2026-05-26 22:56:04,BUY,M5,M5,3,False,4508.17,4516.83,PASS,-2.49,-2.49,0.0,2026-05-26 23:42:14
532167189,2026-05-26 23:18:19,SELL,M1,M1,1,False,4502.36,4505.5,FAIL,-0.8,-0.2,0.6000000000000001,2026-05-26 23:18:19
532169797,2026-05-26 23:18:19,SELL,M1,M1,11,False,4502.36,4505.5,FAIL,-0.8,-0.2,0.6000000000000001,2026-05-26 23:18:19
532166021,2026-05-26 23:18:24,SELL,M1,M1,3,False,4503.02,4505.5,FAIL,0.4,-0.2,-0.6000000000000001,2026-05-26 23:18:24
532164208,2026-05-26 23:19:14,SELL,M1,M1,2,False,4503.56,4505.5,FAIL,-1.36,-0.2,1.1600000000000001,2026-05-26 23:19:14
532164207,2026-05-26 23:19:24,SELL,M1,M1,3,False,4504.3,4505.5,FAIL,-0.8,-0.2,0.6000000000000001,2026-05-26 23:19:24
532171525,2026-05-26 23:21:19,BUY,M5,M5,1,False,4502.85,4512.56,PASS,4.49,4.49,0.0,2026-05-26 23:42:14
532163125,2026-05-26 23:26:59,SELL,M1,M1,11,False,4507.57,4504.34,PASS,-6.08,-6.08,0.0,2026-05-26 23:30:44
532157095,2026-05-26 23:30:44,SELL,M1,M1,11,False,4509.04,4504.85,PASS,-4.12,-4.12,0.0,2026-05-26 23:33:19
532183269,2026-05-26 23:43:44,SELL,M1,M1,3,False,4507.75,4505.74,PASS,4.36,4.36,0.0,2026-05-26 23:55:29
532187721,2026-05-26 23:58:04,SELL,M5,M5,2,False,4505.9,4512.56,FAIL,-1.0,-0.2,0.8,2026-05-27 00:01:44
532188675,2026-05-27 00:00:09,BUY,M1,M1,1,False,4504.74,4507.2,PASS,-0.48,-0.48,0.0,2026-05-27 00:05:44
532188676,2026-05-27 00:00:09,BUY,M1,M1,11,False,4504.74,4507.2,PASS,-0.48,-0.48,0.0,2026-05-27 00:05:44
532190420,2026-05-27 00:04:29,BUY,M1,M1,2,False,4506.29,4506.9,PASS,-6.84,-6.84,0.0,2026-05-27 00:28:44
532186842,2026-05-27 00:08:49,BUY,M1,M1,11,False,4503.85,4506.48,PASS,2.0,2.0,0.0,2026-05-27 00:12:24
532195984,2026-05-27 00:29:04,BUY,M5,M5,1,False,4504.02,4507.91,PASS,-27.4,-27.4,0.0,2026-05-27 00:43:24
532195985,2026-05-27 00:29:04,BUY,M5,M5,11,False,4504.02,4507.91,PASS,-4.52,-4.52,0.0,2026-05-27 00:29:09
532208450,2026-05-27 00:51:09,SELL,M1,M1,3,False,4500.43,4502.31,FAIL,-0.44,-0.2,0.24,2026-05-27 00:51:09
532208126,2026-05-27 00:54:14,BUY,M5,M5,1,False,4498.12,4503.74,PASS,-29.36,-29.36,0.0,2026-05-27 00:59:04
532217119,2026-05-27 01:04:44,SELL,M1,M1,2,False,4487.81,4493.24,FAIL,2.52,-0.2,-2.72,2026-05-27 01:04:44
532221998,2026-05-27 01:12:09,BUY,M1,M1,2,False,4490.0,4491.93,PASS,6.03,6.03,0.0,2026-05-27 01:35:29
532217790,2026-05-27 01:25:39,SELL,M5,M5,2,False,4493.41,4496.97,FAIL,-2.28,-0.2,2.0799999999999996,2026-05-27 01:25:39
532223094,2026-05-27 01:25:39,SELL,M15,M15,2,False,4493.41,4509.41,FAIL,-2.28,-0.2,2.0799999999999996,2026-05-27 01:25:39
532223095,2026-05-27 01:26:14,SELL,M15,M15,11,False,4496.05,4509.41,FAIL,0.6,-0.2,-0.8,2026-05-27 01:26:14
532226511,2026-05-27 01:29:19,SELL,M1,M1,1,False,4495.01,4489.41,PASS,-15.2,-15.2,0.0,2026-05-27 01:51:49
532226618,2026-05-27 01:31:44,SELL,M30,M30,2,False,4496.42,4512.9,FAIL,-0.28,-0.2,0.08000000000000002,2026-05-27 01:31:44
532214591,2026-05-27 01:32:59,SELL,M1,M1,2,False,4497.03,4489.86,PASS,0.64,0.64,0.0,2026-05-27 01:34:44
532228129,2026-05-27 01:34:09,BUY,M1,M1,2,False,4497.02,4490.49,FAIL,-2.2,-0.2,2.0,2026-05-27 01:34:09
532229456,2026-05-27 01:37:34,SELL,M1,M1,1,False,4496.7,4491.1,PASS,2.0,2.0,0.0,2026-05-27 01:41:19
532230121,2026-05-27 01:43:54,SELL,M1,M1,3,False,4496.0,4491.96,PASS,-11.36,-11.36,0.0,2026-05-27 01:51:49
532230849,2026-05-27 01:51:09,SELL,M1,M1,1,False,4498.1,4495.15,PASS,-6.8,-6.8,0.0,2026-05-27 02:03:09
532231248,2026-05-27 01:53:19,BUY,M1,M1,2,False,4498.9,4495.75,FAIL,-0.68,-0.2,0.48000000000000004,2026-05-27 01:53:19
532234095,2026-05-27 02:01:44,SELL,M1,M1,1,False,4499.13,4497.48,PASS,-8.32,-8.32,0.0,2026-05-27 02:10:29
532235624,2026-05-27 02:04:39,SELL,H1,H1,2,False,4499.52,4531.39,FAIL,-1.12,-0.2,0.9200000000000002,2026-05-27 02:04:39
532235932,2026-05-27 02:09:24,SELL,M1,M1,1,False,4500.07,4498.14,PASS,-4.64,-4.64,0.0,2026-05-27 02:15:49
532240294,2026-05-27 02:35:04,SELL,M1,M1,3,False,4503.74,4501.68,PASS,-5.6,-5.6,0.0,2026-05-27 02:42:04
532198422,2026-05-27 02:42:34,SELL,M1,M1,2,False,4505.41,4502.27,PASS,-2.76,-2.76,0.0,2026-05-27 02:48:04
532197469,2026-05-27 02:43:04,SELL,M1,M1,3,False,4505.68,4502.52,PASS,-1.68,-1.68,0.0,2026-05-27 02:48:04
532214616,2026-05-27 02:48:09,SELL,H1,H1,3,False,4506.46,4531.39,FAIL,-0.88,-0.2,0.6799999999999999,2026-05-27 02:48:09
532197470,2026-05-27 02:49:04,SELL,M1,M1,1,False,4507.04,4504.41,PASS,-4.76,-4.76,0.0,2026-05-27 02:56:49
532197471,2026-05-27 02:49:04,SELL,M1,M1,11,False,4507.04,4504.41,PASS,-3.48,-3.48,0.0,2026-05-27 02:49:19
532183270,2026-05-27 02:57:49,SELL,M1,M1,11,False,4509.06,4505.11,PASS,0.64,0.64,0.0,2026-05-27 02:59:59
532183848,2026-05-27 02:58:09,SELL,M5,M5,11,False,4509.47,4496.35,PASS,2.67,2.67,0.0,2026-05-27 03:15:14
532244034,2026-05-27 02:59:24,BUY,M1,M1,2,False,4508.04,4505.45,FAIL,-0.6,-0.2,0.39999999999999997,2026-05-27 02:59:24
532245041,2026-05-27 03:04:14,BUY,M1,M1,2,False,4509.02,4506.82,FAIL,-0.72,-0.2,0.52,2026-05-27 03:04:14
532244817,2026-05-27 03:04:19,BUY,M1,M1,3,False,4508.74,4506.82,FAIL,-1.64,-0.2,1.44,2026-05-27 03:04:19
532246096,2026-05-27 03:09:14,BUY,M1,M1,1,False,4508.0,4507.01,FAIL,0.64,-0.2,-0.8400000000000001,2026-05-27 03:21:34
532246580,2026-05-27 03:15:19,SELL,M1,M1,1,False,4508.65,4507.34,PASS,0.64,0.64,0.0,2026-05-27 03:22:43
532247430,2026-05-27 03:21:44,BUY,M1,M1,2,False,4507.93,4508.15,PASS,2.0,2.0,0.0,2026-05-27 03:25:24
532247875,2026-05-27 03:22:49,SELL,M1,M1,3,False,4508.7,4508.15,PASS,2.1,2.1,0.0,2026-05-27 03:39:43
532248243,2026-05-27 03:31:04,SELL,M5,M5,1,False,4507.66,4496.56,PASS,-1.36,-1.36,0.0,2026-05-27 03:39:43
532248432,2026-05-27 03:38:04,BUY,M1,M1,1,False,4506.39,4508.09,PASS,8.13,8.13,0.0,2026-05-27 03:40:59
532248079,2026-05-27 03:40:59,SELL,M1,M1,3,False,4509.12,4508.09,PASS,0.64,0.64,0.0,2026-05-27 03:44:19
532247733,2026-05-27 03:41:34,SELL,M1,M1,1,False,4509.55,4508.09,PASS,0.64,0.64,0.0,2026-05-27 03:45:04
532248884,2026-05-27 03:44:14,BUY,M1,M1,2,False,4508.75,4508.09,FAIL,0.16,-0.2,-0.36,2026-05-27 03:44:14
532249003,2026-05-27 03:45:09,SELL,M1,M1,1,False,4509.53,4508.09,PASS,6.62,6.62,0.0,2026-05-27 03:50:03
532249760,2026-05-27 03:54:44,SELL,M1,M1,2,False,4506.35,4507.03,FAIL,0.04,-0.2,-0.24000000000000002,2026-05-27 03:54:44
532251426,2026-05-27 04:46:23,SELL,M1,M1,1,False,75919.2,4507.03,PASS,0.0,0.0,0.0,2026-05-27 05:02:39
532251572,2026-05-27 05:02:13,SELL,M5,M5,2,False,75841.1,4509.0,PASS,0.0,0.0,0.0,2026-05-27 05:02:39
532248244,2026-05-27 05:02:39,BUY,M30,M30,2,False,4506.12,4511.57,PASS,0.0,0.0,0.0,2026-05-27 04:01:39
532177111,2026-05-27 05:02:39,SELL,M30,M30,11,False,4524.17,4511.57,PASS,68.44,68.44,0.0,2026-05-27 05:54:19
532250156,2026-05-27 05:02:44,BUY,M1,M1,2,False,4504.91,4509.0,PASS,-12.12,-12.12,0.0,2026-05-27 05:02:49
532240667,2026-05-27 05:02:49,BUY,M15,M15,2,False,4496.59,4505.98,PASS,90.4,90.4,0.0,2026-05-27 07:31:14
532240672,2026-05-27 05:02:49,BUY,M15,M15,3,False,4496.59,4505.98,PASS,77.52,77.52,0.0,2026-05-27 06:34:39
532253399,2026-05-27 05:02:49,BUY,H1,H1,2,False,4496.59,4531.39,PASS,23.34,23.34,0.0,2026-05-27 07:31:14
532257460,2026-05-27 05:12:09,BUY,M1,M1,1,False,4504.78,4509.0,PASS,5.84,5.84,0.0,2026-05-27 06:01:29
532260855,2026-05-27 05:37:54,SELL,M1,M1,2,False,4500.83,4504.16,FAIL,1.8,-0.2,-2.0,2026-05-27 05:37:54
532261000,2026-05-27 05:38:09,SELL,M1,M1,2,False,4500.12,4504.16,FAIL,-2.12,-0.2,1.9200000000000002,2026-05-27 05:38:09
532261793,2026-05-27 05:48:09,SELL,M1,M1,2,False,4500.36,4504.13,FAIL,-0.32,-0.2,0.12,2026-05-27 05:48:09
532261765,2026-05-27 05:48:34,SELL,M1,M1,3,False,4500.86,4504.13,FAIL,-19.36,-0.2,19.16,2026-05-27 05:52:44
532261230,2026-05-27 05:54:19,SELL,M5,M5,11,False,4507.03,4509.0,FAIL,-20.32,-0.2,20.12,2026-05-27 05:57:54
532263237,2026-05-27 06:00:09,SELL,M1,M1,1,False,4511.69,4505.91,PASS,2.0,2.0,0.0,2026-05-27 06:04:54
532263565,2026-05-27 06:01:09,BUY,M1,M1,3,False,4511.8,4505.91,FAIL,-1.4,-0.2,1.2,2026-05-27 06:01:09
532264863,2026-05-27 06:16:43,SELL,M1,M1,2,False,4510.15,4506.67,PASS,-0.6,-0.6,0.0,2026-05-27 06:28:54
532266841,2026-05-27 06:28:49,SELL,M5,M5,3,False,4508.97,4509.0,FAIL,-38.24,-0.2,38.04,2026-05-27 06:41:04
532265373,2026-05-27 06:28:54,SELL,M5,M5,11,False,4511.28,4509.0,PASS,-10.44,-10.44,0.0,2026-05-27 06:33:54
532268688,2026-05-27 06:36:14,BUY,M1,M1,2,False,4513.27,4510.59,FAIL,0.2,-0.2,-0.4,2026-05-27 06:36:14
532269082,2026-05-27 06:37:09,SELL,M1,M1,1,False,4514.71,4510.59,PASS,0.64,0.64,0.0,2026-05-27 06:39:49
532269292,2026-05-27 06:38:24,BUY,M1,M1,1,False,4514.3,4510.59,FAIL,-1.08,-0.2,0.8800000000000001,2026-05-27 06:38:24
532032671,2026-05-27 06:45:49,SELL,M5,M5,11,False,4527.61,4510.74,PASS,27.08,27.08,0.0,2026-05-27 07:00:24
532038437,2026-05-27 06:45:49,SELL,M5,M5,11,False,4527.61,4510.74,PASS,27.08,27.08,0.0,2026-05-27 07:00:24
532277134,2026-05-27 07:03:14,BUY,M1,M1,2,False,4521.61,4520.24,FAIL,0.48,-0.2,-0.6799999999999999,2026-05-27 07:10:39
532277912,2026-05-27 07:07:04,BUY,M1,M1,1,False,4521.43,4520.63,FAIL,0.48,-0.2,-0.6799999999999999,2026-05-27 07:10:39
532278211,2026-05-27 07:08:44,SELL,M1,M1,1,False,4522.01,4520.63,PASS,3.22,3.22,0.0,2026-05-27 07:28:54
532280875,2026-05-27 07:20:14,BUY,M1,M1,3,False,4520.99,4521.57,PASS,-16.72,-16.72,0.0,2026-05-27 07:22:34
532280876,2026-05-27 07:20:29,BUY,M1,M1,1,False,4520.33,4521.57,PASS,-18.24,-18.24,0.0,2026-05-27 07:26:04
532281973,2026-05-27 07:25:19,SELL,M1,M1,3,False,4517.15,4520.76,FAIL,-2.6,-0.2,2.4,2026-05-27 07:25:19
532283392,2026-05-27 07:30:54,SELL,M5,M5,2,False,4519.19,4512.9,PASS,0.0,0.0,0.0,2026-05-27 07:31:14
532283621,2026-05-27 07:40:04,BUY,M1,M1,3,False,4517.88,4518.35,PASS,-2.36,-2.36,0.0,2026-05-27 07:40:04
532285083,2026-05-27 07:41:49,SELL,M1,M1,2,False,4518.74,4518.35,PASS,0.48,0.48,0.0,2026-05-27 07:57:09
532283620,2026-05-27 07:54:24,BUY,M1,M1,1,False,4516.27,4518.13,PASS,1.08,1.08,0.0,2026-05-27 08:18:49
532287121,2026-05-27 07:54:24,BUY,M5,M5,11,False,4516.27,4512.9,FAIL,0.32,-0.2,-0.52,2026-05-27 08:27:33
532293091,2026-05-27 08:06:09,SELL,M1,M1,3,False,4515.65,4517.44,FAIL,0.6,-0.2,-0.8,2026-05-27 08:06:09
532287120,2026-05-27 08:13:59,SELL,M1,M1,2,False,4520.5,4517.44,PASS,4.18,4.18,0.0,2026-05-27 08:22:09
532296637,2026-05-27 08:19:59,BUY,M5,M5,3,False,4515.95,4514.86,FAIL,0.32,-0.2,-0.52,2026-05-27 08:27:39
532298880,2026-05-27 08:27:34,BUY,M1,M1,1,False,4516.54,4516.92,PASS,-21.24,-21.24,0.0,2026-05-27 08:41:22
532302117,2026-05-27 08:31:24,SELL,M1,M1,1,False,4515.2,4516.92,FAIL,-0.68,-0.2,0.48000000000000004,2026-05-27 08:31:24
532302761,2026-05-27 08:33:08,BUY,M1,M1,3,False,4516.07,4516.92,PASS,-23.48,-23.48,0.0,2026-05-27 08:43:33
532305380,2026-05-27 08:41:54,SELL,M1,M1,2,False,4513.51,4516.16,FAIL,-0.64,-0.2,0.44,2026-05-27 08:41:54
532306707,2026-05-27 08:42:39,BUY,M1,M1,1,False,4512.0,4516.14,PASS,-16.68,-16.68,0.0,2026-05-27 08:46:59
532309518,2026-05-27 08:48:34,SELL,M1,M1,3,False,4510.08,4514.04,FAIL,-0.2,-0.2,0.0,2026-05-27 08:48:34
532267141,2026-05-27 09:01:44,BUY,M1,M1,3,False,4505.15,4510.81,PASS,0.64,0.64,0.0,2026-05-27 09:04:04
532314902,2026-05-27 09:03:19,SELL,M1,M1,2,False,4505.82,4510.44,FAIL,-0.64,-0.2,0.44,2026-05-27 09:03:19
532316003,2026-05-27 09:06:09,SELL,M1,M1,1,False,4505.01,4510.08,FAIL,-0.16,-0.2,-0.04000000000000001,2026-05-27 09:06:09
532317367,2026-05-27 09:08:49,SELL,M1,M1,3,False,4504.57,4508.01,FAIL,-0.32,-0.2,0.12,2026-05-27 09:08:49
532319864,2026-05-27 09:13:14,BUY,M1,M1,1,False,4503.07,4506.49,PASS,3.75,3.75,0.0,2026-05-27 09:37:09
532262369,2026-05-27 09:16:04,BUY,M5,M5,3,False,4501.41,4512.53,PASS,0.32,0.32,0.0,2026-05-27 09:37:39
532262371,2026-05-27 09:16:44,BUY,M5,M5,11,False,4501.19,4512.53,PASS,0.32,0.32,0.0,2026-05-27 09:37:44
532261947,2026-05-27 09:17:14,BUY,M1,M1,2,False,4500.6,4504.82,PASS,0.64,0.64,0.0,2026-05-27 09:19:29
532261229,2026-05-27 09:17:29,BUY,M1,M1,3,False,4499.54,4504.82,PASS,0.48,0.48,0.0,2026-05-27 09:19:34
532322411,2026-05-27 09:18:09,SELL,M1,M1,4,False,4502.27,4504.82,FAIL,0.12,-0.2,-0.32,2026-05-27 09:18:09
532323412,2026-05-27 09:20:19,SELL,M1,M1,1,False,4500.35,4504.62,FAIL,-0.64,-0.2,0.44,2026-05-27 09:20:19
532323257,2026-05-27 09:24:19,SELL,M5,M5,3,False,4503.65,4512.53,FAIL,-0.44,-0.2,0.24,2026-05-27 09:24:19
532318742,2026-05-27 09:29:49,SELL,M5,M5,2,False,4505.78,4512.53,FAIL,-0.36,-0.2,0.15999999999999998,2026-05-27 09:29:49
532327398,2026-05-27 09:35:29,SELL,M15,M15,2,False,4505.8,4507.11,FAIL,4.14,-0.2,-4.34,2026-05-27 09:48:09
532329085,2026-05-27 09:36:09,BUY,M1,M1,3,False,4505.24,4502.63,FAIL,-0.16,-0.2,-0.04000000000000001,2026-05-27 09:36:09
532324081,2026-05-27 09:40:19,BUY,M1,M1,1,False,4499.77,4502.63,PASS,6.08,6.08,0.0,2026-05-27 10:09:09
532333765,2026-05-27 09:50:09,SELL,M5,M5,2,False,4502.35,4510.09,FAIL,-1.4,-0.2,1.2,2026-05-27 09:50:09
532330535,2026-05-27 09:53:14,SELL,M1,M1,2,False,4504.64,4502.07,PASS,-16.56,-16.56,0.0,2026-05-27 10:03:34
532340378,2026-05-27 10:09:39,SELL,M1,M1,1,False,4507.67,4503.91,PASS,-12.88,-12.88,0.0,2026-05-27 10:18:29
532343641,2026-05-27 10:21:09,BUY,M1,M1,2,False,4509.81,4507.51,FAIL,-0.2,-0.2,0.0,2026-05-27 10:21:09
532346684,2026-05-27 10:31:04,BUY,M1,M1,1,False,4506.73,4508.74,PASS,-14.92,-14.92,0.0,2026-05-27 10:36:49
536611496,2026-06-03 08:00:55,BUY,[M15_M30],M15,2,True,4481.05,4479.44,FAIL,-34.68,-0.2,34.48,2026-06-03 08:05:15
536611498,2026-06-03 08:01:15,BUY,[H12_M15],M15,10,True,4479.65,4479.44,FAIL,-29.16,-0.2,28.96,2026-06-03 08:05:15
536611497,2026-06-03 08:02:05,BUY,[H12_M15],M15,10,True,4474.31,4479.44,PASS,-7.8,-7.8,0.0,2026-06-03 08:05:15
