entry_time,exit_time,direction,entry,sl,tp,outcome,profit,pattern,reason
2026-07-29 22:50:00,2026-07-29 22:57:00,BUY,4012.67,4010.19,4017.62,SL,-2.68,S422 BUY FTSMA regime flip,fast=4011.83 med=4010.30 slow=4012.29 ATR=1.65
2026-07-29 22:59:00,2026-07-29 23:01:00,SELL,4009.2,4011.41,4004.78,SL,-2.41,S422 SELL FTSMA regime flip,fast=4010.15 med=4010.45 slow=4012.17 ATR=1.47
2026-07-29 23:09:00,2026-07-29 23:12:00,BUY,4015.06,4012.32,4020.54,SL,-2.94,S422 BUY FTSMA regime flip,fast=4011.93 med=4010.75 slow=4011.91 ATR=1.83
2026-07-29 23:17:00,2026-07-29 23:20:00,SELL,4008.43,4011.01,4003.27,SL,-2.78,S422 SELL FTSMA regime flip,fast=4010.65 med=4010.74 slow=4011.78 ATR=1.72
2026-07-29 23:21:00,2026-07-29 23:51:00,BUY,4013.9,4011.19,4019.32,TP,5.22,S422 BUY FTSMA regime flip,fast=4010.91 med=4010.73 slow=4011.71 ATR=1.81
2026-07-30 00:40:00,2026-07-30 01:01:00,BUY,4041.44,4037.85,4048.62,TP,6.98,S422 BUY FTSMA regime flip,fast=4040.62 med=4040.38 slow=4024.10 ATR=2.39
2026-07-30 01:01:00,2026-07-30 01:04:00,BUY,4075.81,4069.01,4089.41,SL,-7.0,S422 BUY FTSMA regime flip,fast=4053.68 med=4047.27 slow=4027.29 ATR=4.53
2026-07-30 01:27:00,2026-07-30 01:32:00,BUY,4065.5,4059.84,4076.81,SL,-5.86,S422 BUY FTSMA regime flip,fast=4069.23 med=4069.06 slow=4039.85 ATR=3.77
2026-07-30 01:42:00,2026-07-30 01:50:00,BUY,4075.99,4066.17,4095.63,TP,19.44,S422 BUY FTSMA regime flip,fast=4068.89 med=4067.84 slow=4042.46 ATR=6.55
2026-07-30 02:55:00,2026-07-30 02:59:00,SELL,4061.69,4067.66,4049.75,TP,11.74,S422 SELL FTSMA regime flip,fast=4063.04 med=4068.57 slow=4062.17 ATR=3.98
2026-07-30 03:17:00,2026-07-30 03:29:00,SELL,4049.55,4054.34,4039.97,SL,-4.99,S422 SELL FTSMA regime flip,fast=4051.82 med=4052.68 slow=4059.88 ATR=3.19
2026-07-30 03:35:00,2026-07-30 03:44:00,BUY,4059.42,4055.76,4066.74,TP,7.12,S422 BUY FTSMA regime flip,fast=4060.40 med=4053.65 slow=4059.25 ATR=2.44
2026-07-30 05:25:00,2026-07-30 05:44:00,BUY,4074.79,4072.34,4079.7,TP,4.71,S422 BUY FTSMA regime flip,fast=4074.85 med=4074.83 slow=4064.57 ATR=1.64
2026-07-30 06:20:00,2026-07-30 06:41:00,BUY,4093.59,4090.52,4099.73,SL,-3.27,S422 BUY FTSMA regime flip,fast=4092.42 med=4092.30 slow=4074.12 ATR=2.05
2026-07-30 06:49:00,2026-07-30 06:51:00,BUY,4092.07,4089.8,4096.61,SL,-2.47,S422 BUY FTSMA regime flip,fast=4091.86 med=4091.84 slow=4077.94 ATR=1.51
2026-07-30 07:20:00,2026-07-30 07:39:00,SELL,4077.44,4081.03,4070.27,TP,6.97,S422 SELL FTSMA regime flip,fast=4079.66 med=4081.82 slow=4078.85 ATR=2.39
2026-07-30 08:02:00,2026-07-30 08:03:00,BUY,4076.53,4073.49,4082.61,TP,5.88,S422 BUY FTSMA regime flip,fast=4073.52 med=4070.42 slow=4075.89 ATR=2.03
2026-07-30 08:15:00,2026-07-30 08:25:00,SELL,4075.73,4081.89,4063.42,REV,-5.08,S422 SELL FTSMA regime flip,fast=4079.46 med=4082.11 slow=4077.75 ATR=4.10
2026-07-30 08:25:00,2026-07-30 08:50:00,BUY,4080.61,4076.01,4089.81,TP,9.0,S422 BUY FTSMA regime flip,fast=4078.58 med=4076.49 slow=4078.29 ATR=3.07
2026-07-30 09:05:00,2026-07-30 09:11:00,BUY,4089.58,4086.06,4096.63,SL,-3.72,S422 BUY FTSMA regime flip,fast=4086.12 med=4086.02 slow=4080.93 ATR=2.35
2026-07-30 09:16:00,2026-07-30 09:21:00,SELL,4080.82,4083.65,4075.17,SL,-3.03,S422 SELL FTSMA regime flip,fast=4083.83 med=4086.63 slow=4081.37 ATR=1.88
2026-07-30 09:27:00,2026-07-30 09:29:00,SELL,4080.39,4082.54,4076.1,REV,-1.67,S422 SELL FTSMA regime flip,fast=4081.66 med=4082.20 slow=4080.97 ATR=1.43
2026-07-30 09:29:00,2026-07-30 09:32:00,BUY,4081.86,4079.76,4086.05,SL,-2.3,S422 BUY FTSMA regime flip,fast=4081.94 med=4081.93 slow=4080.92 ATR=1.40
2026-07-30 09:32:00,2026-07-30 09:43:00,SELL,4078.5,4080.87,4073.76,TP,4.54,S422 SELL FTSMA regime flip,fast=4080.82 med=4081.49 slow=4080.83 ATR=1.58
2026-07-30 11:04:00,2026-07-30 11:20:00,SELL,4056.98,4059.2,4052.55,TP,4.23,S422 SELL FTSMA regime flip,fast=4057.49 med=4057.76 slow=4069.16 ATR=1.48
2026-07-30 12:18:00,2026-07-30 12:28:00,SELL,4042.36,4044.86,4037.36,SL,-2.7,S422 SELL FTSMA regime flip,fast=4044.67 med=4044.81 slow=4058.30 ATR=1.67
2026-07-30 12:37:00,2026-07-30 12:39:00,SELL,4040.66,4044.54,4032.9,TP,7.56,S422 SELL FTSMA regime flip,fast=4045.38 med=4045.75 slow=4056.18 ATR=2.59
2026-07-30 12:54:00,2026-07-30 12:58:00,SELL,4030.84,4035.62,4021.27,SL,-4.98,S422 SELL FTSMA regime flip,fast=4034.38 med=4034.70 slow=4052.55 ATR=3.19
2026-07-30 12:58:00,2026-07-30 13:01:00,SELL,4033.72,4038.31,4024.53,SL,-4.79,S422 SELL FTSMA regime flip,fast=4034.56 med=4034.58 slow=4051.67 ATR=3.06
2026-07-30 13:29:00,2026-07-30 13:31:00,SELL,4030.52,4033.96,4023.65,SL,-3.64,S422 SELL FTSMA regime flip,fast=4032.96 med=4033.65 slow=4047.49 ATR=2.29
2026-07-30 13:58:00,2026-07-30 14:01:00,SELL,4035.54,4038.26,4030.11,SL,-2.92,S422 SELL FTSMA regime flip,fast=4036.38 med=4036.91 slow=4044.89 ATR=1.81
2026-07-30 14:03:00,2026-07-30 14:31:00,BUY,4045.33,4041.96,4052.08,REV,-1.38,S422 BUY FTSMA regime flip,fast=4041.26 med=4038.42 slow=4044.73 ATR=2.25
2026-07-30 14:31:00,2026-07-30 14:39:00,SELL,4044.15,4047.8,4036.86,TP,7.09,S422 SELL FTSMA regime flip,fast=4045.24 med=4045.37 slow=4045.57 ATR=2.43
2026-07-30 14:44:00,2026-07-30 14:48:00,BUY,4045.41,4042.09,4052.04,SL,-3.52,S422 BUY FTSMA regime flip,fast=4043.18 med=4042.53 slow=4044.77 ATR=2.21
2026-07-30 14:51:00,2026-07-30 14:54:00,SELL,4042.15,4045.43,4035.6,SL,-3.48,S422 SELL FTSMA regime flip,fast=4043.43 med=4043.62 slow=4044.42 ATR=2.18
2026-07-30 14:55:00,2026-07-30 15:05:00,SELL,4040.77,4044.19,4033.93,SL,-3.62,S422 SELL FTSMA regime flip,fast=4042.72 med=4043.78 slow=4044.24 ATR=2.28
2026-07-30 15:05:00,2026-07-30 15:13:00,BUY,4045.55,4041.46,4053.72,TP,7.97,S422 BUY FTSMA regime flip,fast=4041.73 med=4040.61 slow=4043.65 ATR=2.72
2026-07-30 15:47:00,2026-07-30 15:49:00,BUY,4070.27,4066.45,4077.9,SL,-4.02,S422 BUY FTSMA regime flip,fast=4066.77 med=4065.99 slow=4051.29 ATR=2.54
2026-07-30 16:05:00,2026-07-30 16:22:00,BUY,4066.44,4063.87,4071.59,TP,4.94,S422 BUY FTSMA regime flip,fast=4063.88 med=4063.30 slow=4052.44 ATR=1.71
2026-07-30 16:22:00,2026-07-30 16:24:00,BUY,4071.9,4068.84,4078.03,SL,-3.26,S422 BUY FTSMA regime flip,fast=4067.44 med=4066.25 slow=4054.20 ATR=2.04
2026-07-30 16:47:00,2026-07-30 16:51:00,BUY,4065.28,4062.6,4070.65,TP,5.17,S422 BUY FTSMA regime flip,fast=4065.90 med=4065.73 slow=4057.18 ATR=1.79
2026-07-30 17:07:00,2026-07-30 17:11:00,BUY,4067.14,4064.48,4072.46,TP,5.12,S422 BUY FTSMA regime flip,fast=4066.37 med=4066.26 slow=4058.69 ATR=1.77
2026-07-30 18:04:00,2026-07-30 18:33:00,BUY,4078.91,4076.37,4083.99,SL,-2.74,S422 BUY FTSMA regime flip,fast=4079.20 med=4079.07 slow=4067.20 ATR=1.69
2026-07-30 18:34:00,2026-07-30 19:02:00,BUY,4077.77,4075.52,4082.26,SL,-2.45,S422 BUY FTSMA regime flip,fast=4077.74 med=4077.61 slow=4069.96 ATR=1.50
2026-07-30 19:06:00,2026-07-30 19:12:00,BUY,4080.88,4078.04,4086.57,SL,-3.04,S422 BUY FTSMA regime flip,fast=4078.06 med=4077.41 slow=4072.01 ATR=1.90
2026-07-30 19:22:00,2026-07-30 19:25:00,SELL,4072.17,4075.55,4065.42,SL,-3.58,S422 SELL FTSMA regime flip,fast=4073.29 med=4076.25 slow=4072.89 ATR=2.25
2026-07-30 19:26:00,2026-07-30 19:31:00,BUY,4078.32,4074.86,4085.24,TP,6.72,S422 BUY FTSMA regime flip,fast=4075.73 med=4075.72 slow=4072.96 ATR=2.31
2026-07-30 19:33:00,2026-07-30 19:34:00,BUY,4074.5,4069.69,4084.11,REV,-1.94,S422 BUY FTSMA regime flip,fast=4076.80 med=4076.52 slow=4073.22 ATR=3.20
2026-07-30 19:34:00,2026-07-30 19:40:00,SELL,4072.76,4077.82,4062.64,SL,-5.26,S422 SELL FTSMA regime flip,fast=4075.58 med=4076.23 slow=4073.21 ATR=3.37
2026-07-30 19:46:00,2026-07-30 19:52:00,BUY,4077.51,4072.09,4088.34,SL,-5.62,S422 BUY FTSMA regime flip,fast=4077.08 med=4076.92 slow=4073.50 ATR=3.61
2026-07-30 19:52:00,2026-07-30 20:08:00,SELL,4071.7,4076.65,4061.8,REV,-4.38,S422 SELL FTSMA regime flip,fast=4074.80 med=4075.46 slow=4073.55 ATR=3.30
2026-07-30 20:08:00,2026-07-30 20:11:00,BUY,4075.88,4070.9,4085.85,SL,-5.18,S422 BUY FTSMA regime flip,fast=4072.01 med=4071.05 slow=4072.95 ATR=3.32
2026-07-30 20:14:00,2026-07-30 20:38:00,BUY,4075.41,4070.3,4085.63,TP,10.02,S422 BUY FTSMA regime flip,fast=4074.21 med=4072.80 slow=4072.92 ATR=3.41
2026-07-30 21:24:00,2026-07-30 21:25:00,BUY,4097.31,4091.57,4108.8,SL,-5.94,S422 BUY FTSMA regime flip,fast=4097.22 med=4096.31 slow=4084.38 ATR=3.83
2026-07-30 21:36:00,2026-07-30 21:46:00,BUY,4101.12,4095.77,4111.82,TP,10.5,S422 BUY FTSMA regime flip,fast=4098.21 med=4098.02 slow=4084.64 ATR=3.57
2026-07-30 22:00:00,2026-07-30 22:07:00,BUY,4100.13,4095.96,4108.48,SL,-4.37,S422 BUY FTSMA regime flip,fast=4098.96 med=4098.56 slow=4088.88 ATR=2.78
2026-07-30 22:11:00,2026-07-30 22:17:00,SELL,4088.97,4092.98,4080.96,SL,-4.21,S422 SELL FTSMA regime flip,fast=4090.62 med=4096.29 slow=4089.59 ATR=2.67
2026-07-30 22:21:00,2026-07-30 22:44:00,BUY,4095.76,4091.24,4104.81,TP,8.85,S422 BUY FTSMA regime flip,fast=4095.50 med=4094.46 slow=4089.13 ATR=3.02
2026-07-31 00:23:00,2026-07-31 00:27:00,BUY,4107.01,4104.95,4111.14,SL,-2.26,S422 BUY FTSMA regime flip,fast=4105.93 med=4105.84 slow=4102.53 ATR=1.38
2026-07-31 00:30:00,2026-07-31 00:37:00,SELL,4101.69,4104.27,4096.53,SL,-2.78,S422 SELL FTSMA regime flip,fast=4104.06 med=4105.70 slow=4102.81 ATR=1.72
2026-07-31 00:41:00,2026-07-31 00:54:00,BUY,4105.14,4101.15,4113.13,REV,-2.28,S422 BUY FTSMA regime flip,fast=4104.26 med=4104.14 slow=4102.76 ATR=2.66
2026-07-31 00:54:00,2026-07-31 01:03:00,SELL,4103.06,4105.94,4097.3,REV,-1.97,S422 SELL FTSMA regime flip,fast=4103.33 med=4105.05 slow=4103.08 ATR=1.92
2026-07-31 01:03:00,2026-07-31 01:23:00,BUY,4104.83,4102.66,4109.17,SL,-2.37,S422 BUY FTSMA regime flip,fast=4104.06 med=4103.84 slow=4103.21 ATR=1.45
2026-07-31 01:23:00,2026-07-31 01:31:00,SELL,4102.79,4104.79,4098.8,REV,-2.07,S422 SELL FTSMA regime flip,fast=4103.53 med=4105.31 slow=4103.74 ATR=1.33
2026-07-31 01:31:00,2026-07-31 01:47:00,BUY,4104.66,4102.87,4108.24,REV,-1.24,S422 BUY FTSMA regime flip,fast=4104.26 med=4103.51 slow=4103.63 ATR=1.19
2026-07-31 01:47:00,2026-07-31 01:52:00,SELL,4103.62,4105.33,4100.2,TP,3.22,S422 SELL FTSMA regime flip,fast=4103.79 med=4105.18 slow=4103.82 ATR=1.14
2026-07-31 02:05:00,2026-07-31 02:17:00,BUY,4103.51,4101.59,4107.35,TP,3.64,S422 BUY FTSMA regime flip,fast=4102.04 med=4100.65 slow=4103.14 ATR=1.28
2026-07-31 02:17:00,2026-07-31 02:26:00,BUY,4108.48,4105.94,4113.56,TP,4.88,S422 BUY FTSMA regime flip,fast=4105.61 med=4104.93 slow=4103.32 ATR=1.69
2026-07-31 03:02:00,2026-07-31 03:19:00,BUY,4115.14,4112.76,4119.89,SL,-2.58,S422 BUY FTSMA regime flip,fast=4112.28 med=4112.03 slow=4106.87 ATR=1.58
2026-07-31 03:25:00,2026-07-31 03:30:00,BUY,4113.39,4111.79,4116.59,SL,-1.8,S422 BUY FTSMA regime flip,fast=4113.26 med=4113.00 slow=4108.20 ATR=1.07
2026-07-31 03:36:00,2026-07-31 03:44:00,SELL,4107.05,4109.01,4103.12,TP,3.73,S422 SELL FTSMA regime flip,fast=4108.11 med=4110.75 slow=4108.47 ATR=1.31
2026-07-31 05:14:00,2026-07-31 06:06:00,BUY,4107.01,4104.77,4111.5,TP,4.29,S422 BUY FTSMA regime flip,fast=4106.17 med=4105.05 slow=4106.57 ATR=1.50
2026-07-31 06:12:00,2026-07-31 06:22:00,SELL,4107.66,4109.15,4104.69,TP,2.77,S422 SELL FTSMA regime flip,fast=4108.95 med=4109.82 slow=4108.36 ATR=0.99
2026-07-31 06:43:00,2026-07-31 06:46:00,SELL,4105.26,4107.06,4101.66,SL,-2.0,S422 SELL FTSMA regime flip,fast=4105.32 med=4105.34 slow=4107.16 ATR=1.20
2026-07-31 06:46:00,2026-07-31 06:51:00,BUY,4109.2,4107.21,4113.18,SL,-2.19,S422 BUY FTSMA regime flip,fast=4107.13 med=4105.86 slow=4107.15 ATR=1.33
2026-07-31 06:52:00,2026-07-31 06:55:00,BUY,4108.98,4106.82,4113.31,SL,-2.36,S422 BUY FTSMA regime flip,fast=4108.77 med=4107.19 slow=4107.28 ATR=1.44
2026-07-31 06:56:00,2026-07-31 07:01:00,SELL,4106.47,4108.51,4102.39,TP,3.88,S422 SELL FTSMA regime flip,fast=4107.01 med=4107.19 slow=4107.35 ATR=1.36
2026-07-31 07:12:00,2026-07-31 07:30:00,SELL,4102.09,4104.9,4096.47,TP,5.42,S422 SELL FTSMA regime flip,fast=4103.50 med=4103.63 slow=4107.04 ATR=1.87
2026-07-31 07:55:00,2026-07-31 08:00:00,SELL,4093.3,4095.65,4088.61,SL,-2.55,S422 SELL FTSMA regime flip,fast=4093.76 med=4094.01 slow=4102.62 ATR=1.57
2026-07-31 08:13:00,2026-07-31 08:38:00,SELL,4094.42,4098.77,4085.72,TP,8.5,S422 SELL FTSMA regime flip,fast=4095.79 med=4096.02 slow=4101.91 ATR=2.90
2026-07-31 08:51:00,2026-07-31 08:56:00,SELL,4082.76,4085.79,4076.69,SL,-3.23,S422 SELL FTSMA regime flip,fast=4085.99 med=4086.19 slow=4097.51 ATR=2.02
2026-07-31 09:16:00,2026-07-31 09:44:00,SELL,4082.66,4085.58,4076.82,TP,5.64,S422 SELL FTSMA regime flip,fast=4086.29 med=4086.50 slow=4095.05 ATR=1.95
2026-07-31 10:01:00,2026-07-31 10:39:00,SELL,4075.59,4077.81,4071.14,SL,-2.42,S422 SELL FTSMA regime flip,fast=4076.61 med=4076.78 slow=4089.26 ATR=1.48
2026-07-31 10:49:00,2026-07-31 11:25:00,SELL,4076.53,4078.33,4072.92,SL,-2.0,S422 SELL FTSMA regime flip,fast=4076.59 med=4076.59 slow=4084.26 ATR=1.20
2026-07-31 11:45:00,2026-07-31 11:50:00,SELL,4079.31,4080.56,4076.82,TP,2.29,S422 SELL FTSMA regime flip,fast=4079.49 med=4079.57 slow=4081.54 ATR=0.83
2026-07-31 12:02:00,2026-07-31 12:13:00,BUY,4081.66,4080.04,4084.9,REV,-1.08,S422 BUY FTSMA regime flip,fast=4080.79 med=4078.86 slow=4081.00 ATR=1.08
2026-07-31 12:13:00,2026-07-31 12:18:00,SELL,4080.78,4082.3,4077.74,SL,-1.72,S422 SELL FTSMA regime flip,fast=4081.00 med=4081.60 slow=4080.98 ATR=1.01
2026-07-31 12:20:00,2026-07-31 12:27:00,BUY,4081.77,4080.38,4084.55,SL,-1.59,S422 BUY FTSMA regime flip,fast=4081.28 med=4080.93 slow=4080.96 ATR=0.93
2026-07-31 12:28:00,2026-07-31 12:33:00,BUY,4081.03,4079.57,4083.96,REV,-0.62,S422 BUY FTSMA regime flip,fast=4081.75 med=4080.37 slow=4081.04 ATR=0.98
2026-07-31 12:33:00,2026-07-31 12:42:00,SELL,4080.61,4082.18,4077.46,TP,2.95,S422 SELL FTSMA regime flip,fast=4080.23 med=4080.40 slow=4081.06 ATR=1.05
2026-07-31 13:06:00,2026-07-31 13:17:00,BUY,4080.25,4077.72,4085.32,TP,4.87,S422 BUY FTSMA regime flip,fast=4076.99 med=4075.78 slow=4079.25 ATR=1.69
2026-07-31 13:34:00,2026-07-31 14:30:00,SELL,4079.61,4082.43,4073.97,TP,5.44,S422 SELL FTSMA regime flip,fast=4082.27 med=4082.47 slow=4081.00 ATR=1.88
2026-07-31 14:50:00,2026-07-31 15:01:00,SELL,4072.08,4074.4,4067.44,TP,4.44,S422 SELL FTSMA regime flip,fast=4072.64 med=4072.82 slow=4077.53 ATR=1.55
2026-07-31 15:52:00,2026-07-31 15:58:00,SELL,4061.37,4063.66,4056.79,SL,-2.49,S422 SELL FTSMA regime flip,fast=4060.32 med=4060.51 slow=4070.39 ATR=1.53
2026-07-31 16:09:00,2026-07-31 16:26:00,SELL,4058.9,4062.51,4051.69,TP,7.01,S422 SELL FTSMA regime flip,fast=4060.51 med=4060.91 slow=4069.32 ATR=2.40
2026-07-31 16:59:00,2026-07-31 17:02:00,SELL,4054.25,4055.82,4051.1,SL,-1.77,S422 SELL FTSMA regime flip,fast=4054.45 med=4054.74 slow=4063.13 ATR=1.05
2026-07-31 17:17:00,2026-07-31 17:46:00,SELL,4054.78,4056.69,4050.95,SL,-2.11,S422 SELL FTSMA regime flip,fast=4055.85 med=4055.89 slow=4062.44 ATR=1.28
2026-07-31 18:00:00,2026-07-31 18:06:00,SELL,4054.4,4055.66,4051.89,SL,-1.46,S422 SELL FTSMA regime flip,fast=4054.45 med=4054.51 slow=4059.55 ATR=0.84
2026-07-31 18:21:00,2026-07-31 18:23:00,SELL,4056.53,4058.73,4052.12,SL,-2.4,S422 SELL FTSMA regime flip,fast=4056.61 med=4056.88 slow=4058.99 ATR=1.47
2026-07-31 18:24:00,2026-07-31 18:31:00,BUY,4059.56,4057.33,4064.03,SL,-2.43,S422 BUY FTSMA regime flip,fast=4057.76 med=4057.40 slow=4058.99 ATR=1.49
2026-07-31 18:32:00,2026-07-31 19:05:00,SELL,4054.78,4057.1,4050.15,SL,-2.52,S422 SELL FTSMA regime flip,fast=4057.57 med=4057.78 slow=4059.03 ATR=1.54
2026-07-31 19:05:00,2026-07-31 19:12:00,BUY,4057.83,4055.88,4061.72,SL,-2.15,S422 BUY FTSMA regime flip,fast=4055.15 med=4054.81 slow=4057.12 ATR=1.30
2026-07-31 19:13:00,2026-07-31 19:21:00,BUY,4057.33,4055.04,4061.9,SL,-2.49,S422 BUY FTSMA regime flip,fast=4057.73 med=4056.06 slow=4057.24 ATR=1.52
2026-07-31 19:21:00,2026-07-31 19:30:00,SELL,4054.65,4057.18,4049.59,TP,4.86,S422 SELL FTSMA regime flip,fast=4055.18 med=4055.70 slow=4057.39 ATR=1.69
2026-07-31 20:31:00,2026-07-31 20:37:00,SELL,4039.83,4043.87,4031.75,TP,7.88,S422 SELL FTSMA regime flip,fast=4041.50 med=4041.70 slow=4049.59 ATR=2.69
2026-07-31 20:59:00,2026-07-31 21:02:00,SELL,4027.98,4032.44,4019.07,SL,-4.66,S422 SELL FTSMA regime flip,fast=4028.68 med=4029.27 slow=4044.41 ATR=2.97
2026-07-31 21:36:00,2026-07-31 21:54:00,BUY,4041.97,4038.89,4048.14,TP,5.97,S422 BUY FTSMA regime flip,fast=4039.93 med=4038.48 slow=4041.97 ATR=2.06
2026-07-31 22:15:00,2026-07-31 22:18:00,BUY,4046.95,4043.44,4053.97,SL,-3.71,S422 BUY FTSMA regime flip,fast=4045.56 med=4045.30 slow=4043.09 ATR=2.34
2026-07-31 22:19:00,2026-07-31 22:25:00,BUY,4044.34,4040.2,4052.62,REV,-1.67,S422 BUY FTSMA regime flip,fast=4045.94 med=4045.15 slow=4043.15 ATR=2.76
2026-07-31 22:25:00,2026-07-31 22:40:00,SELL,4042.87,4046.76,4035.09,REV,0.35,S422 SELL FTSMA regime flip,fast=4043.50 med=4044.28 slow=4043.05 ATR=2.60
2026-07-31 22:40:00,2026-07-31 22:50:00,BUY,4042.32,4039.54,4047.88,REV,-2.22,S422 BUY FTSMA regime flip,fast=4041.55 med=4041.16 slow=4042.27 ATR=1.85
2026-07-31 22:50:00,2026-07-31 22:51:00,SELL,4040.3,4042.75,4035.41,SL,-2.65,S422 SELL FTSMA regime flip,fast=4040.83 med=4041.36 slow=4042.03 ATR=1.63
2026-07-31 22:52:00,2026-07-31 23:07:00,BUY,4044.83,4042.03,4050.43,SL,-3.0,S422 BUY FTSMA regime flip,fast=4041.91 med=4041.85 slow=4042.05 ATR=1.87
2026-07-31 23:07:00,2026-07-31 23:10:00,SELL,4042.35,4044.62,4037.82,SL,-2.47,S422 SELL FTSMA regime flip,fast=4043.55 med=4043.60 slow=4042.69 ATR=1.51
2026-07-31 23:11:00,2026-07-31 23:32:00,BUY,4044.22,4042.04,4048.58,TP,4.16,S422 BUY FTSMA regime flip,fast=4043.36 med=4043.24 slow=4042.82 ATR=1.45
2026-07-31 23:42:00,2026-07-31 23:54:00,SELL,4043.29,4045.14,4039.58,REV,-1.53,S422 SELL FTSMA regime flip,fast=4046.40 med=4047.16 slow=4043.98 ATR=1.24
2026-07-31 23:54:00,2026-07-31 23:56:00,BUY,4044.62,4042.78,4048.3,SL,-2.04,S422 BUY FTSMA regime flip,fast=4044.37 med=4044.09 slow=4043.87 ATR=1.23
2026-08-01 00:02:00,2026-08-01 00:05:00,BUY,4045.12,4043.63,4048.11,SL,-1.69,S422 BUY FTSMA regime flip,fast=4044.37 med=4044.16 slow=4043.73 ATR=1.00
2026-08-01 00:05:00,2026-08-01 00:15:00,SELL,4042.96,4044.55,4039.78,SL,-1.79,S422 SELL FTSMA regime flip,fast=4043.48 med=4044.35 slow=4043.68 ATR=1.06
2026-08-01 00:15:00,2026-08-01 00:30:00,BUY,4045.56,4043.5,4049.68,TP,3.92,S422 BUY FTSMA regime flip,fast=4043.68 med=4043.62 slow=4043.49 ATR=1.37
2026-08-01 01:20:00,2026-08-01 02:12:00,BUY,4049.85,4047.82,4053.92,SL,-2.23,S422 BUY FTSMA regime flip,fast=4049.96 med=4049.86 slow=4047.13 ATR=1.36
2026-08-01 02:12:00,2026-08-01 02:20:00,SELL,4047.28,4048.86,4044.12,SL,-1.78,S422 SELL FTSMA regime flip,fast=4048.76 med=4049.49 slow=4048.17 ATR=1.05
2026-08-01 02:22:00,2026-08-01 02:44:00,BUY,4048.99,4047.66,4051.65,TP,2.46,S422 BUY FTSMA regime flip,fast=4048.39 med=4048.35 slow=4048.10 ATR=0.89
2026-08-01 03:04:00,2026-08-01 03:32:00,SELL,4048.88,4051.12,4044.41,REV,-0.69,S422 SELL FTSMA regime flip,fast=4049.94 med=4051.20 slow=4049.45 ATR=1.49
2026-08-01 03:32:00,2026-08-01 03:37:00,BUY,4049.37,4047.98,4052.15,TP,2.58,S422 BUY FTSMA regime flip,fast=4048.49 med=4048.42 slow=4048.50 ATR=0.93
2026-08-01 03:54:00,2026-08-01 03:57:00,SELL,4048.01,4050.11,4043.82,TP,3.99,S422 SELL FTSMA regime flip,fast=4049.96 med=4050.72 slow=4049.43 ATR=1.40
2026-08-03 05:06:00,2026-08-03 05:19:00,BUY,4077.07,4070.54,4090.12,SL,-6.73,S422 BUY FTSMA regime flip,fast=4055.97 med=4051.31 slow=4049.59 ATR=4.35
2026-08-03 05:30:00,2026-08-03 06:20:00,BUY,4065.71,4062.75,4071.64,TP,5.73,S422 BUY FTSMA regime flip,fast=4066.71 med=4065.71 slow=4055.10 ATR=1.98
2026-08-03 06:45:00,2026-08-03 06:46:00,BUY,4069.67,4068.39,4072.22,SL,-1.48,S422 BUY FTSMA regime flip,fast=4069.60 med=4069.32 slow=4061.50 ATR=0.85
2026-08-03 07:26:00,2026-08-03 07:31:00,SELL,4064.37,4067.07,4058.98,SL,-2.9,S422 SELL FTSMA regime flip,fast=4066.80 med=4068.85 slow=4064.98 ATR=1.80
2026-08-03 07:34:00,2026-08-03 08:01:00,SELL,4063.94,4068.13,4055.56,TP,8.18,S422 SELL FTSMA regime flip,fast=4065.27 med=4067.37 slow=4064.77 ATR=2.79
2026-08-03 08:33:00,2026-08-03 08:36:00,SELL,4051.27,4054.1,4045.6,SL,-3.03,S422 SELL FTSMA regime flip,fast=4052.60 med=4052.84 slow=4060.63 ATR=1.89
2026-08-03 08:38:00,2026-08-03 09:00:00,SELL,4053.88,4057.06,4047.52,SL,-3.38,S422 SELL FTSMA regime flip,fast=4054.18 med=4054.35 slow=4060.31 ATR=2.12
2026-08-03 09:01:00,2026-08-03 09:10:00,BUY,4059.18,4055.65,4066.25,REV,-3.31,S422 BUY FTSMA regime flip,fast=4055.86 med=4053.78 slow=4059.09 ATR=2.36
2026-08-03 09:10:00,2026-08-03 09:20:00,SELL,4056.07,4058.87,4050.47,SL,-3.0,S422 SELL FTSMA regime flip,fast=4057.93 med=4058.02 slow=4059.34 ATR=1.87
2026-08-03 09:20:00,2026-08-03 09:23:00,BUY,4060.57,4057.4,4066.91,SL,-3.37,S422 BUY FTSMA regime flip,fast=4057.51 med=4056.28 slow=4059.14 ATR=2.11
2026-08-03 09:31:00,2026-08-03 09:32:00,BUY,4059.01,4056.24,4064.56,SL,-2.98,S422 BUY FTSMA regime flip,fast=4057.97 med=4057.04 slow=4058.96 ATR=1.85
2026-08-03 09:32:00,2026-08-03 09:40:00,SELL,4055.74,4058.77,4049.68,SL,-3.23,S422 SELL FTSMA regime flip,fast=4056.98 med=4057.03 slow=4058.92 ATR=2.02
2026-08-03 09:43:00,2026-08-03 09:50:00,BUY,4059.53,4056.2,4066.19,TP,6.46,S422 BUY FTSMA regime flip,fast=4058.31 med=4057.26 slow=4058.49 ATR=2.22
2026-08-03 10:04:00,2026-08-03 10:20:00,BUY,4062.86,4060.46,4067.66,TP,4.6,S422 BUY FTSMA regime flip,fast=4062.20 med=4061.97 slow=4059.35 ATR=1.60
2026-08-03 10:33:00,2026-08-03 10:38:00,BUY,4064.32,4061.61,4069.74,SL,-2.91,S422 BUY FTSMA regime flip,fast=4064.38 med=4064.30 slow=4060.61 ATR=1.81
2026-08-03 10:41:00,2026-08-03 10:45:00,BUY,4063.27,4061.16,4067.49,SL,-2.31,S422 BUY FTSMA regime flip,fast=4062.80 med=4062.80 slow=4060.61 ATR=1.41
2026-08-03 10:46:00,2026-08-03 10:50:00,SELL,4059.51,4061.44,4055.65,SL,-2.13,S422 SELL FTSMA regime flip,fast=4060.49 med=4061.94 slow=4060.57 ATR=1.29
2026-08-03 10:52:00,2026-08-03 11:06:00,BUY,4063.69,4062.0,4067.07,TP,3.17,S422 BUY FTSMA regime flip,fast=4062.14 med=4061.98 slow=4060.55 ATR=1.13
2026-08-03 11:32:00,2026-08-03 11:37:00,BUY,4070.99,4069.53,4073.91,SL,-1.66,S422 BUY FTSMA regime flip,fast=4069.20 med=4068.99 slow=4063.16 ATR=0.97
2026-08-03 12:00:00,2026-08-03 12:11:00,SELL,4063.81,4065.69,4060.06,TP,3.55,S422 SELL FTSMA regime flip,fast=4065.57 med=4067.93 slow=4064.43 ATR=1.25
2026-08-03 12:34:00,2026-08-03 12:43:00,SELL,4059.03,4061.23,4054.63,SL,-2.4,S422 SELL FTSMA regime flip,fast=4059.79 med=4059.97 slow=4062.27 ATR=1.47
2026-08-03 12:43:00,2026-08-03 12:50:00,BUY,4063.07,4059.87,4069.48,SL,-3.4,S422 BUY FTSMA regime flip,fast=4059.45 med=4058.79 slow=4062.08 ATR=2.14
2026-08-03 12:53:00,2026-08-03 13:00:00,BUY,4062.84,4059.54,4069.44,TP,6.4,S422 BUY FTSMA regime flip,fast=4061.51 med=4060.10 slow=4062.36 ATR=2.20
2026-08-03 13:18:00,2026-08-03 13:33:00,BUY,4068.28,4066.09,4072.67,SL,-2.39,S422 BUY FTSMA regime flip,fast=4067.03 med=4066.96 slow=4064.10 ATR=1.46
2026-08-03 13:35:00,2026-08-03 13:36:00,SELL,4060.62,4063.81,4054.23,SL,-3.39,S422 SELL FTSMA regime flip,fast=4063.79 med=4067.44 slow=4064.58 ATR=2.13
2026-08-03 13:44:00,2026-08-03 13:51:00,BUY,4065.62,4062.88,4071.09,REV,-2.12,S422 BUY FTSMA regime flip,fast=4066.57 med=4066.30 slow=4064.43 ATR=1.82
2026-08-03 13:51:00,2026-08-03 13:58:00,SELL,4063.7,4065.6,4059.9,SL,-2.1,S422 SELL FTSMA regime flip,fast=4064.64 med=4065.03 slow=4064.29 ATR=1.27
2026-08-03 14:00:00,2026-08-03 14:17:00,SELL,4063.97,4066.16,4059.59,TP,4.18,S422 SELL FTSMA regime flip,fast=4063.60 med=4064.61 slow=4064.17 ATR=1.46
2026-08-03 14:38:00,2026-08-03 14:40:00,SELL,4056.65,4059.04,4051.87,SL,-2.59,S422 SELL FTSMA regime flip,fast=4058.68 med=4058.68 slow=4062.33 ATR=1.59
2026-08-03 14:55:00,2026-08-03 15:01:00,BUY,4062.62,4060.67,4066.51,SL,-2.15,S422 BUY FTSMA regime flip,fast=4062.41 med=4059.61 slow=4062.14 ATR=1.30
2026-08-03 15:03:00,2026-08-03 15:06:00,SELL,4059.18,4061.09,4055.36,SL,-2.11,S422 SELL FTSMA regime flip,fast=4059.58 med=4060.02 slow=4062.23 ATR=1.27
2026-08-03 15:20:00,2026-08-03 15:26:00,SELL,4057.98,4059.88,4054.17,SL,-2.1,S422 SELL FTSMA regime flip,fast=4059.71 med=4060.25 slow=4062.01 ATR=1.27
2026-08-03 15:46:00,2026-08-03 15:50:00,SELL,4057.69,4059.97,4053.13,SL,-2.48,S422 SELL FTSMA regime flip,fast=4058.40 med=4058.59 slow=4060.86 ATR=1.52
2026-08-03 16:05:00,2026-08-03 16:07:00,SELL,4057.57,4059.23,4054.25,SL,-1.86,S422 SELL FTSMA regime flip,fast=4058.19 med=4058.37 slow=4060.64 ATR=1.11
2026-08-03 16:13:00,2026-08-03 16:18:00,BUY,4061.25,4059.49,4064.77,SL,-1.96,S422 BUY FTSMA regime flip,fast=4059.86 med=4059.03 slow=4060.61 ATR=1.17
2026-08-03 16:20:00,2026-08-03 16:22:00,SELL,4058.87,4060.65,4055.3,TP,3.37,S422 SELL FTSMA regime flip,fast=4059.70 med=4059.94 slow=4060.61 ATR=1.19
2026-08-03 17:01:00,2026-08-03 17:04:00,SELL,4054.01,4055.99,4050.05,SL,-2.18,S422 SELL FTSMA regime flip,fast=4055.61 med=4055.68 slow=4058.01 ATR=1.32
2026-08-03 17:20:00,2026-08-03 17:33:00,SELL,4054.99,4056.85,4051.26,TP,3.53,S422 SELL FTSMA regime flip,fast=4055.22 med=4055.53 slow=4058.04 ATR=1.24
2026-08-03 18:11:00,2026-08-03 18:38:00,SELL,4049.68,4051.79,4045.45,SL,-2.31,S422 SELL FTSMA regime flip,fast=4049.91 med=4049.99 slow=4054.60 ATR=1.41
2026-08-03 18:42:00,2026-08-03 18:50:00,BUY,4053.61,4051.75,4057.33,TP,3.52,S422 BUY FTSMA regime flip,fast=4052.06 med=4051.18 slow=4053.45 ATR=1.24
2026-08-03 19:14:00,2026-08-03 19:21:00,SELL,4055.52,4058.03,4050.5,TP,4.82,S422 SELL FTSMA regime flip,fast=4057.66 med=4058.63 slow=4055.73 ATR=1.67
2026-08-03 20:03:00,2026-08-03 20:06:00,SELL,4041.91,4045.24,4035.25,SL,-3.53,S422 SELL FTSMA regime flip,fast=4045.08 med=4046.11 slow=4051.75 ATR=2.22
2026-08-03 20:48:00,2026-08-03 21:03:00,SELL,4030.12,4035.07,4020.22,SL,-5.15,S422 SELL FTSMA regime flip,fast=4031.33 med=4031.46 slow=4045.24 ATR=3.30
2026-08-03 21:04:00,2026-08-03 21:15:00,SELL,4029.05,4033.67,4019.81,SL,-4.82,S422 SELL FTSMA regime flip,fast=4030.70 med=4031.09 slow=4043.44 ATR=3.08
2026-08-03 21:40:00,2026-08-03 21:42:00,SELL,4033.04,4035.66,4027.8,SL,-2.82,S422 SELL FTSMA regime flip,fast=4033.87 med=4034.10 slow=4040.81 ATR=1.75
2026-08-03 21:53:00,2026-08-03 21:57:00,SELL,4035.05,4037.97,4029.22,SL,-3.12,S422 SELL FTSMA regime flip,fast=4035.23 med=4035.33 slow=4040.33 ATR=1.94
2026-08-03 22:02:00,2026-08-03 22:21:00,SELL,4035.09,4037.73,4029.82,SL,-2.84,S422 SELL FTSMA regime flip,fast=4036.22 med=4036.34 slow=4039.99 ATR=1.76
2026-08-03 22:27:00,2026-08-03 22:41:00,SELL,4035.1,4037.67,4029.96,SL,-2.77,S422 SELL FTSMA regime flip,fast=4036.22 med=4036.27 slow=4038.70 ATR=1.71
2026-08-03 22:44:00,2026-08-03 22:55:00,BUY,4038.42,4036.25,4042.76,REV,-0.52,S422 BUY FTSMA regime flip,fast=4038.45 med=4035.26 slow=4038.09 ATR=1.45
2026-08-03 22:55:00,2026-08-03 23:25:00,SELL,4038.1,4040.29,4033.71,REV,-0.05,S422 SELL FTSMA regime flip,fast=4037.71 med=4038.33 slow=4038.24 ATR=1.46
2026-08-03 23:25:00,2026-08-03 23:33:00,BUY,4037.95,4036.25,4041.34,SL,-1.9,S422 BUY FTSMA regime flip,fast=4037.05 med=4036.99 slow=4037.69 ATR=1.13
2026-08-03 23:35:00,2026-08-03 23:53:00,BUY,4037.77,4035.92,4041.47,REV,-1.38,S422 BUY FTSMA regime flip,fast=4037.40 med=4037.05 slow=4037.56 ATR=1.23
2026-08-03 23:53:00,2026-08-04 00:05:00,SELL,4036.59,4038.1,4033.56,TP,2.83,S422 SELL FTSMA regime flip,fast=4037.31 med=4037.47 slow=4037.72 ATR=1.01
2026-08-04 00:19:00,2026-08-04 00:21:00,BUY,4037.04,4035.81,4039.5,SL,-1.43,S422 BUY FTSMA regime flip,fast=4035.57 med=4035.24 slow=4036.97 ATR=0.82
2026-08-04 00:24:00,2026-08-04 00:27:00,SELL,4034.37,4036.1,4030.9,SL,-1.93,S422 SELL FTSMA regime flip,fast=4035.18 med=4035.38 slow=4036.84 ATR=1.15
2026-08-04 00:28:00,2026-08-04 00:54:00,SELL,4035.12,4036.97,4031.43,TP,3.49,S422 SELL FTSMA regime flip,fast=4035.42 med=4035.48 slow=4036.78 ATR=1.23
2026-08-04 01:10:00,2026-08-04 01:45:00,BUY,4036.53,4034.74,4040.11,TP,3.38,S422 BUY FTSMA regime flip,fast=4034.68 med=4032.76 slow=4035.63 ATR=1.19
2026-08-04 03:10:00,2026-08-04 03:25:00,BUY,4051.78,4050.47,4054.41,TP,2.42,S422 BUY FTSMA regime flip,fast=4052.11 med=4052.06 slow=4044.55 ATR=0.88
2026-08-04 03:26:00,2026-08-04 03:27:00,BUY,4055.54,4054.46,4057.69,SL,-1.28,S422 BUY FTSMA regime flip,fast=4053.01 med=4052.51 slow=4045.48 ATR=0.72
2026-08-04 03:52:00,2026-08-04 03:53:00,BUY,4055.96,4055.0,4057.87,SL,-1.16,S422 BUY FTSMA regime flip,fast=4056.21 med=4056.14 slow=4048.34 ATR=0.64
2026-08-04 03:56:00,2026-08-04 05:03:00,BUY,4055.17,4054.02,4057.48,SL,-1.35,S422 BUY FTSMA regime flip,fast=4055.68 med=4055.63 slow=4048.63 ATR=0.77
2026-08-04 05:23:00,2026-08-04 06:07:00,BUY,4052.2,4050.88,4054.83,TP,2.43,S422 BUY FTSMA regime flip,fast=4052.22 med=4052.17 slow=4048.77 ATR=0.88
2026-08-04 06:22:00,2026-08-04 06:25:00,BUY,4053.64,4052.26,4056.41,SL,-1.58,S422 BUY FTSMA regime flip,fast=4052.65 med=4052.19 slow=4050.50 ATR=0.92
2026-08-04 06:43:00,2026-08-04 06:48:00,BUY,4051.77,4051.03,4053.26,TP,1.29,S422 BUY FTSMA regime flip,fast=4051.85 med=4051.78 slow=4050.72 ATR=0.50
2026-08-04 06:58:00,2026-08-04 07:01:00,BUY,4053.18,4051.93,4055.67,TP,2.29,S422 BUY FTSMA regime flip,fast=4052.56 med=4052.52 slow=4051.01 ATR=0.83
2026-08-04 07:29:00,2026-08-04 07:31:00,BUY,4060.5,4058.18,4065.14,SL,-2.52,S422 BUY FTSMA regime flip,fast=4060.38 med=4060.03 slow=4054.39 ATR=1.55
2026-08-04 07:57:00,2026-08-04 08:00:00,SELL,4053.56,4055.74,4049.2,TP,4.16,S422 SELL FTSMA regime flip,fast=4055.56 med=4056.05 slow=4054.20 ATR=1.45
2026-08-04 08:24:00,2026-08-04 08:26:00,SELL,4049.97,4052.39,4045.13,SL,-2.62,S422 SELL FTSMA regime flip,fast=4049.08 med=4049.31 slow=4052.29 ATR=1.61
2026-08-04 08:37:00,2026-08-04 08:54:00,BUY,4054.9,4051.66,4061.38,TP,6.28,S422 BUY FTSMA regime flip,fast=4052.43 med=4049.91 slow=4052.25 ATR=2.16
2026-08-04 09:14:00,2026-08-04 09:40:00,BUY,4058.29,4055.66,4063.54,TP,5.05,S422 BUY FTSMA regime flip,fast=4057.33 med=4057.24 slow=4054.79 ATR=1.75
2026-08-04 10:01:00,2026-08-04 10:05:00,BUY,4060.13,4058.27,4063.85,SL,-2.06,S422 BUY FTSMA regime flip,fast=4060.35 med=4060.19 slow=4056.49 ATR=1.24
2026-08-04 10:18:00,2026-08-04 10:25:00,BUY,4060.53,4058.85,4063.89,SL,-1.88,S422 BUY FTSMA regime flip,fast=4059.58 med=4059.42 slow=4056.68 ATR=1.12
2026-08-04 10:32:00,2026-08-04 10:34:00,SELL,4056.43,4058.29,4052.71,SL,-2.06,S422 SELL FTSMA regime flip,fast=4057.03 med=4058.81 slow=4056.86 ATR=1.24
2026-08-04 10:37:00,2026-08-04 11:00:00,SELL,4056.64,4058.73,4052.45,TP,3.98,S422 SELL FTSMA regime flip,fast=4056.78 med=4057.65 slow=4056.88 ATR=1.39
2026-08-04 11:15:00,2026-08-04 11:27:00,BUY,4056.89,4055.5,4059.66,TP,2.58,S422 BUY FTSMA regime flip,fast=4055.21 med=4053.88 slow=4055.80 ATR=0.92
2026-08-04 12:13:00,2026-08-04 12:18:00,SELL,4057.91,4059.64,4054.46,SL,-1.93,S422 SELL FTSMA regime flip,fast=4059.58 med=4061.71 slow=4058.94 ATR=1.15
2026-08-04 12:20:00,2026-08-04 12:31:00,BUY,4061.94,4060.17,4065.48,TP,3.34,S422 BUY FTSMA regime flip,fast=4060.46 med=4060.19 slow=4058.75 ATR=1.18
2026-08-04 12:45:00,2026-08-04 12:54:00,BUY,4062.79,4060.32,4067.73,SL,-2.67,S422 BUY FTSMA regime flip,fast=4061.46 med=4061.18 slow=4059.44 ATR=1.65
2026-08-04 12:55:00,2026-08-04 12:58:00,SELL,4059.22,4061.17,4055.32,SL,-2.15,S422 SELL FTSMA regime flip,fast=4060.36 med=4060.74 slow=4059.74 ATR=1.30
2026-08-04 13:03:00,2026-08-04 13:20:00,BUY,4064.39,4061.78,4069.6,SL,-2.81,S422 BUY FTSMA regime flip,fast=4062.54 med=4062.23 slow=4059.89 ATR=1.74
2026-08-04 13:24:00,2026-08-04 13:25:00,BUY,4064.27,4062.42,4067.97,SL,-2.05,S422 BUY FTSMA regime flip,fast=4063.15 med=4062.95 slow=4060.67 ATR=1.23
2026-08-04 13:30:00,2026-08-04 13:37:00,SELL,4059.88,4061.76,4056.12,TP,3.56,S422 SELL FTSMA regime flip,fast=4061.80 med=4062.15 slow=4060.79 ATR=1.25
2026-08-04 13:46:00,2026-08-04 13:57:00,BUY,4060.47,4058.85,4063.71,REV,-0.93,S422 BUY FTSMA regime flip,fast=4059.95 med=4059.09 slow=4060.10 ATR=1.08
2026-08-04 13:57:00,2026-08-04 13:59:00,SELL,4059.74,4061.7,4055.82,SL,-2.16,S422 SELL FTSMA regime flip,fast=4060.04 med=4061.09 slow=4060.10 ATR=1.31
2026-08-04 14:02:00,2026-08-04 14:13:00,BUY,4065.04,4063.01,4069.1,SL,-2.23,S422 BUY FTSMA regime flip,fast=4062.30 med=4061.80 slow=4060.28 ATR=1.35
2026-08-04 14:24:00,2026-08-04 14:39:00,BUY,4064.76,4062.52,4069.25,SL,-2.44,S422 BUY FTSMA regime flip,fast=4063.24 med=4063.21 slow=4061.41 ATR=1.50
2026-08-04 14:49:00,2026-08-04 15:04:00,BUY,4064.77,4062.51,4069.28,TP,4.31,S422 BUY FTSMA regime flip,fast=4064.27 med=4063.71 slow=4061.81 ATR=1.50
2026-08-04 15:23:00,2026-08-04 15:40:00,SELL,4063.51,4065.73,4059.08,TP,4.23,S422 SELL FTSMA regime flip,fast=4065.57 med=4067.11 slow=4063.61 ATR=1.48
2026-08-04 16:22:00,2026-08-04 16:29:00,SELL,4049.79,4051.72,4045.93,SL,-2.13,S422 SELL FTSMA regime flip,fast=4051.24 med=4051.34 slow=4059.39 ATR=1.29
2026-08-04 16:53:00,2026-08-04 17:31:00,SELL,4048.65,4050.36,4045.22,SL,-1.91,S422 SELL FTSMA regime flip,fast=4049.19 med=4049.29 slow=4057.02 ATR=1.14
2026-08-04 17:39:00,2026-08-04 17:45:00,SELL,4049.21,4050.64,4046.36,SL,-1.63,S422 SELL FTSMA regime flip,fast=4049.86 med=4049.92 slow=4054.16 ATR=0.95
2026-08-04 17:46:00,2026-08-04 17:52:00,BUY,4056.87,4054.3,4062.01,SL,-2.77,S422 BUY FTSMA regime flip,fast=4052.26 med=4050.33 slow=4053.97 ATR=1.71
2026-08-04 17:55:00,2026-08-04 18:00:00,BUY,4054.96,4050.74,4063.39,REV,-1.41,S422 BUY FTSMA regime flip,fast=4055.89 med=4054.27 slow=4054.37 ATR=2.81
2026-08-04 18:00:00,2026-08-04 18:10:00,SELL,4053.75,4056.98,4047.3,REV,-1.54,S422 SELL FTSMA regime flip,fast=4053.77 med=4054.56 slow=4054.49 ATR=2.15
2026-08-04 18:10:00,2026-08-04 18:26:00,BUY,4055.09,4052.77,4059.73,TP,4.44,S422 BUY FTSMA regime flip,fast=4054.85 med=4053.78 slow=4054.53 ATR=1.55
2026-08-04 18:26:00,2026-08-04 18:33:00,BUY,4059.96,4058.09,4063.71,TP,3.55,S422 BUY FTSMA regime flip,fast=4057.89 med=4057.81 slow=4054.85 ATR=1.25
2026-08-04 18:44:00,2026-08-04 18:48:00,BUY,4065.22,4062.14,4071.38,TP,5.96,S422 BUY FTSMA regime flip,fast=4061.62 med=4061.11 slow=4056.15 ATR=2.05
2026-08-04 19:19:00,2026-08-04 19:31:00,BUY,4064.93,4061.75,4071.28,TP,6.15,S422 BUY FTSMA regime flip,fast=4064.19 med=4063.93 slow=4059.95 ATR=2.12
2026-08-04 19:31:00,2026-08-04 19:36:00,BUY,4073.08,4069.45,4080.33,TP,7.05,S422 BUY FTSMA regime flip,fast=4069.86 med=4069.25 slow=4060.28 ATR=2.42
2026-08-04 20:05:00,2026-08-04 20:21:00,SELL,4064.04,4067.36,4057.41,SL,-3.52,S422 SELL FTSMA regime flip,fast=4067.82 med=4071.18 slow=4065.36 ATR=2.21
2026-08-04 20:21:00,2026-08-04 20:23:00,BUY,4072.87,4069.38,4079.84,TP,6.77,S422 BUY FTSMA regime flip,fast=4067.73 med=4066.94 slow=4064.13 ATR=2.33
2026-08-04 21:05:00,2026-08-04 21:18:00,BUY,4088.0,4084.08,4095.83,SL,-4.12,S422 BUY FTSMA regime flip,fast=4088.46 med=4088.02 slow=4073.01 ATR=2.61
2026-08-04 21:29:00,2026-08-04 21:31:00,BUY,4085.33,4081.77,4092.45,SL,-3.76,S422 BUY FTSMA regime flip,fast=4084.54 med=4084.40 slow=4074.99 ATR=2.37
2026-08-04 21:32:00,2026-08-04 21:35:00,BUY,4084.73,4081.0,4092.19,SL,-3.93,S422 BUY FTSMA regime flip,fast=4084.35 med=4083.54 slow=4075.14 ATR=2.49
2026-08-04 21:51:00,2026-08-04 22:18:00,BUY,4082.76,4078.47,4091.34,SL,-4.49,S422 BUY FTSMA regime flip,fast=4081.47 med=4080.51 slow=4075.49 ATR=2.86
2026-08-04 22:19:00,2026-08-04 22:33:00,SELL,4077.12,4080.28,4070.8,REV,-1.82,S422 SELL FTSMA regime flip,fast=4080.24 med=4081.43 slow=4077.65 ATR=2.11
2026-08-04 22:33:00,2026-08-04 22:39:00,BUY,4078.74,4076.19,4083.84,TP,4.9,S422 BUY FTSMA regime flip,fast=4079.13 med=4078.66 slow=4077.49 ATR=1.70
2026-08-04 22:51:00,2026-08-04 23:50:00,BUY,4086.12,4082.5,4093.37,TP,7.05,S422 BUY FTSMA regime flip,fast=4083.78 med=4083.35 slow=4078.22 ATR=2.42
2026-08-05 00:24:00,2026-08-05 00:28:00,BUY,4100.01,4097.19,4105.66,SL,-3.02,S422 BUY FTSMA regime flip,fast=4098.38 med=4098.32 slow=4087.36 ATR=1.88
2026-08-05 00:47:00,2026-08-05 00:48:00,BUY,4096.06,4094.68,4098.82,SL,-1.58,S422 BUY FTSMA regime flip,fast=4096.14 med=4095.91 slow=4088.40 ATR=0.92
2026-08-05 00:58:00,2026-08-05 01:07:00,SELL,4088.23,4090.1,4084.49,REV,-0.53,S422 SELL FTSMA regime flip,fast=4088.19 med=4091.73 slow=4088.36 ATR=1.25
2026-08-05 01:07:00,2026-08-05 01:16:00,BUY,4088.56,4086.0,4093.68,REV,-1.16,S422 BUY FTSMA regime flip,fast=4088.26 med=4088.12 slow=4088.13 ATR=1.71
2026-08-05 01:16:00,2026-08-05 01:34:00,SELL,4087.6,4089.86,4083.08,TP,4.32,S422 SELL FTSMA regime flip,fast=4087.51 med=4088.16 slow=4088.05 ATR=1.51
2026-08-05 02:00:00,2026-08-05 02:03:00,SELL,4079.93,4081.84,4076.1,SL,-2.11,S422 SELL FTSMA regime flip,fast=4080.54 med=4080.82 slow=4085.77 ATR=1.28
2026-08-05 02:25:00,2026-08-05 02:42:00,SELL,4080.28,4082.33,4076.18,SL,-2.25,S422 SELL FTSMA regime flip,fast=4081.55 med=4082.23 slow=4085.55 ATR=1.37
2026-08-05 02:47:00,2026-08-05 02:53:00,SELL,4081.42,4082.75,4078.76,TP,2.46,S422 SELL FTSMA regime flip,fast=4081.43 med=4081.64 slow=4084.54 ATR=0.89
2026-08-05 03:14:00,2026-08-05 03:19:00,SELL,4078.91,4080.04,4076.65,TP,2.06,S422 SELL FTSMA regime flip,fast=4078.92 med=4079.17 slow=4083.08 ATR=0.75
2026-08-05 03:43:00,2026-08-05 05:06:00,SELL,4077.6,4078.57,4075.66,SL,-1.17,S422 SELL FTSMA regime flip,fast=4077.19 med=4077.40 slow=4081.40 ATR=0.65
2026-08-05 05:10:00,2026-08-05 05:26:00,SELL,4076.84,4078.31,4073.9,SL,-1.67,S422 SELL FTSMA regime flip,fast=4076.76 med=4076.82 slow=4080.70 ATR=0.98
2026-08-05 05:33:00,2026-08-05 05:38:00,BUY,4080.31,4078.84,4083.26,TP,2.75,S422 BUY FTSMA regime flip,fast=4080.00 med=4078.43 slow=4080.10 ATR=0.98
2026-08-05 05:50:00,2026-08-05 05:54:00,BUY,4082.8,4080.67,4087.06,SL,-2.33,S422 BUY FTSMA regime flip,fast=4082.47 med=4082.43 slow=4080.78 ATR=1.42
2026-08-05 05:54:00,2026-08-05 06:00:00,SELL,4080.73,4083.03,4076.13,TP,4.4,S422 SELL FTSMA regime flip,fast=4081.86 med=4082.11 slow=4080.91 ATR=1.53
2026-08-05 06:20:00,2026-08-05 06:27:00,SELL,4072.02,4074.86,4066.33,TP,5.49,S422 SELL FTSMA regime flip,fast=4073.35 med=4073.78 slow=4078.42 ATR=1.90
2026-08-05 06:46:00,2026-08-05 06:50:00,SELL,4069.83,4071.33,4066.82,SL,-1.7,S422 SELL FTSMA regime flip,fast=4068.56 med=4068.70 slow=4076.21 ATR=1.00
2026-08-05 07:11:00,2026-08-05 07:19:00,SELL,4071.84,4073.87,4067.78,SL,-2.23,S422 SELL FTSMA regime flip,fast=4071.86 med=4072.25 slow=4075.84 ATR=1.35
2026-08-05 07:23:00,2026-08-05 07:36:00,BUY,4076.72,4074.55,4081.07,TP,4.15,S422 BUY FTSMA regime flip,fast=4075.93 med=4073.89 slow=4075.72 ATR=1.45
2026-08-05 07:49:00,2026-08-05 07:55:00,BUY,4079.42,4077.44,4083.39,TP,3.77,S422 BUY FTSMA regime flip,fast=4078.99 med=4078.79 slow=4076.78 ATR=1.32
2026-08-05 08:11:00,2026-08-05 08:34:00,BUY,4084.56,4081.02,4091.64,SL,-3.74,S422 BUY FTSMA regime flip,fast=4082.52 med=4081.95 slow=4077.61 ATR=2.36
2026-08-05 08:36:00,2026-08-05 08:46:00,BUY,4087.26,4084.01,4093.77,TP,6.31,S422 BUY FTSMA regime flip,fast=4084.71 med=4084.13 slow=4079.38 ATR=2.17
2026-08-05 09:20:00,2026-08-05 09:26:00,BUY,4098.53,4095.9,4103.78,TP,5.05,S422 BUY FTSMA regime flip,fast=4098.27 med=4098.17 slow=4085.95 ATR=1.75
2026-08-05 10:57:00,2026-08-05 11:03:00,BUY,4128.59,4127.12,4131.54,TP,2.75,S422 BUY FTSMA regime flip,fast=4128.67 med=4128.55 slow=4110.58 ATR=0.98
2026-08-05 11:57:00,2026-08-05 12:21:00,BUY,4135.37,4133.56,4138.99,TP,3.42,S422 BUY FTSMA regime flip,fast=4135.05 med=4135.01 slow=4122.15 ATR=1.21
2026-08-05 13:07:00,2026-08-05 13:13:00,BUY,4163.86,4159.32,4172.94,TP,8.88,S422 BUY FTSMA regime flip,fast=4162.52 med=4161.76 slow=4138.11 ATR=3.03
2026-08-05 13:32:00,2026-08-05 13:37:00,BUY,4169.96,4166.04,4177.81,TP,7.65,S422 BUY FTSMA regime flip,fast=4168.88 med=4167.44 slow=4143.94 ATR=2.62
2026-08-05 13:53:00,2026-08-05 14:05:00,BUY,4174.51,4171.72,4180.09,SL,-2.99,S422 BUY FTSMA regime flip,fast=4174.19 med=4174.17 slow=4149.59 ATR=1.86
2026-08-05 14:21:00,2026-08-05 14:27:00,BUY,4168.51,4165.79,4173.96,SL,-2.92,S422 BUY FTSMA regime flip,fast=4169.97 med=4169.73 slow=4154.70 ATR=1.82
2026-08-05 14:41:00,2026-08-05 14:57:00,BUY,4165.13,4162.83,4169.72,TP,4.39,S422 BUY FTSMA regime flip,fast=4165.05 med=4165.01 slow=4155.95 ATR=1.53
2026-08-05 14:57:00,2026-08-05 15:15:00,BUY,4169.95,4167.33,4175.2,SL,-2.82,S422 BUY FTSMA regime flip,fast=4166.65 med=4166.49 slow=4157.71 ATR=1.75
2026-08-05 15:51:00,2026-08-05 16:01:00,SELL,4160.45,4163.4,4154.54,REV,-2.32,S422 SELL FTSMA regime flip,fast=4161.75 med=4163.53 slow=4160.95 ATR=1.97
2026-08-05 16:01:00,2026-08-05 16:09:00,BUY,4162.57,4160.3,4167.11,TP,4.34,S422 BUY FTSMA regime flip,fast=4161.08 med=4161.06 slow=4160.97 ATR=1.51
2026-08-05 16:16:00,2026-08-05 16:22:00,SELL,4161.41,4163.55,4157.13,TP,4.08,S422 SELL FTSMA regime flip,fast=4162.50 med=4164.11 slow=4161.53 ATR=1.43
2026-08-05 16:57:00,2026-08-05 16:58:00,SELL,4153.34,4155.55,4148.91,SL,-2.41,S422 SELL FTSMA regime flip,fast=4156.01 med=4156.83 slow=4159.88 ATR=1.48
2026-08-05 17:02:00,2026-08-05 17:17:00,SELL,4155.66,4158.33,4150.32,TP,5.14,S422 SELL FTSMA regime flip,fast=4156.25 med=4156.37 slow=4159.81 ATR=1.78
2026-08-05 17:35:00,2026-08-05 17:56:00,SELL,4155.35,4157.56,4150.93,SL,-2.41,S422 SELL FTSMA regime flip,fast=4156.24 med=4156.72 slow=4158.47 ATR=1.47
2026-08-05 17:56:00,2026-08-05 18:05:00,BUY,4159.8,4157.83,4163.73,TP,3.73,S422 BUY FTSMA regime flip,fast=4156.44 med=4155.73 slow=4158.19 ATR=1.31
2026-08-05 20:05:00,2026-08-05 20:13:00,BUY,4194.02,4189.7,4202.66,SL,-4.52,S422 BUY FTSMA regime flip,fast=4192.23 med=4190.87 slow=4180.46 ATR=2.88
2026-08-05 20:23:00,2026-08-05 20:49:00,BUY,4196.51,4192.41,4204.71,SL,-4.3,S422 BUY FTSMA regime flip,fast=4191.57 med=4190.29 slow=4182.35 ATR=2.73
2026-08-05 20:53:00,2026-08-05 21:06:00,BUY,4198.46,4192.15,4211.09,TP,12.43,S422 BUY FTSMA regime flip,fast=4196.08 med=4195.39 slow=4186.99 ATR=4.21
2026-08-05 21:43:00,2026-08-05 22:01:00,BUY,4237.45,4231.44,4249.47,TP,11.82,S422 BUY FTSMA regime flip,fast=4234.18 med=4233.94 slow=4204.33 ATR=4.01
2026-08-05 22:21:00,2026-08-05 22:31:00,BUY,4259.66,4255.02,4268.94,SL,-4.84,S422 BUY FTSMA regime flip,fast=4254.74 med=4254.58 slow=4218.41 ATR=3.09
2026-08-05 23:04:00,2026-08-05 23:07:00,SELL,4225.69,4231.04,4214.98,SL,-5.55,S422 SELL FTSMA regime flip,fast=4228.65 med=4237.42 slow=4227.77 ATR=3.57
2026-08-05 23:11:00,2026-08-05 23:39:00,BUY,4234.86,4229.56,4245.45,TP,10.39,S422 BUY FTSMA regime flip,fast=4234.47 med=4234.39 slow=4227.51 ATR=3.53
2026-08-05 23:53:00,2026-08-05 23:56:00,BUY,4244.63,4242.05,4249.78,SL,-2.78,S422 BUY FTSMA regime flip,fast=4244.14 med=4244.03 slow=4233.51 ATR=1.72
2026-08-06 00:06:00,2026-08-06 00:16:00,BUY,4244.27,4240.72,4251.37,SL,-3.75,S422 BUY FTSMA regime flip,fast=4242.70 med=4242.56 slow=4234.43 ATR=2.37
2026-08-06 00:28:00,2026-08-06 00:35:00,BUY,4242.13,4239.13,4248.13,TP,5.8,S422 BUY FTSMA regime flip,fast=4239.98 med=4239.70 slow=4235.14 ATR=2.00
2026-08-06 01:18:00,2026-08-06 01:22:00,BUY,4255.41,4253.11,4260.01,TP,4.4,S422 BUY FTSMA regime flip,fast=4255.44 med=4255.23 slow=4242.00 ATR=1.53
2026-08-06 01:43:00,2026-08-06 02:11:00,BUY,4260.12,4257.05,4266.27,SL,-3.27,S422 BUY FTSMA regime flip,fast=4258.53 med=4258.35 slow=4246.06 ATR=2.05
2026-08-06 02:35:00,2026-08-06 02:41:00,SELL,4249.74,4252.39,4244.43,SL,-2.85,S422 SELL FTSMA regime flip,fast=4251.12 med=4253.76 slow=4249.86 ATR=1.77
2026-08-06 02:45:00,2026-08-06 02:48:00,BUY,4253.28,4250.59,4258.67,SL,-2.89,S422 BUY FTSMA regime flip,fast=4252.31 med=4252.03 slow=4249.75 ATR=1.80
2026-08-06 02:49:00,2026-08-06 03:35:00,SELL,4248.87,4251.26,4244.08,REV,-0.6,S422 SELL FTSMA regime flip,fast=4250.78 med=4251.33 slow=4249.77 ATR=1.60
2026-08-06 03:35:00,2026-08-06 03:37:00,BUY,4249.27,4247.91,4251.99,SL,-1.56,S422 BUY FTSMA regime flip,fast=4248.07 med=4246.97 slow=4249.15 ATR=0.91
2026-08-06 03:40:00,2026-08-06 03:48:00,SELL,4246.81,4248.2,4244.03,TP,2.58,S422 SELL FTSMA regime flip,fast=4247.00 med=4247.30 slow=4249.10 ATR=0.93
2026-08-06 05:03:00,2026-08-06 05:05:00,BUY,4250.79,4248.68,4255.01,SL,-2.31,S422 BUY FTSMA regime flip,fast=4247.45 med=4245.45 slow=4248.49 ATR=1.41
2026-08-06 05:13:00,2026-08-06 05:31:00,SELL,4247.08,4250.45,4240.33,REV,-2.93,S422 SELL FTSMA regime flip,fast=4247.09 med=4247.41 slow=4248.45 ATR=2.25
2026-08-06 05:31:00,2026-08-06 05:44:00,BUY,4249.81,4248.4,4252.64,SL,-1.61,S422 BUY FTSMA regime flip,fast=4248.72 med=4247.38 slow=4248.49 ATR=0.94
2026-08-06 05:44:00,2026-08-06 05:53:00,SELL,4248.6,4249.83,4246.14,REV,-0.81,S422 SELL FTSMA regime flip,fast=4248.99 med=4249.35 slow=4248.68 ATR=0.82
2026-08-06 05:53:00,2026-08-06 05:57:00,BUY,4249.21,4248.1,4251.44,SL,-1.31,S422 BUY FTSMA regime flip,fast=4249.12 med=4248.86 slow=4248.64 ATR=0.74
2026-08-06 05:58:00,2026-08-06 06:03:00,BUY,4248.91,4247.79,4251.15,TP,2.04,S422 BUY FTSMA regime flip,fast=4248.69 med=4248.44 slow=4248.60 ATR=0.75
2026-08-06 06:57:00,2026-08-06 07:01:00,BUY,4276.31,4272.28,4284.37,SL,-4.23,S422 BUY FTSMA regime flip,fast=4275.28 med=4274.87 slow=4257.54 ATR=2.69
2026-08-06 07:09:00,2026-08-06 07:11:00,BUY,4277.05,4270.98,4289.18,SL,-6.27,S422 BUY FTSMA regime flip,fast=4271.72 med=4271.05 slow=4258.83 ATR=4.04
2026-08-06 07:18:00,2026-08-06 07:35:00,BUY,4274.6,4268.71,4286.37,TP,11.57,S422 BUY FTSMA regime flip,fast=4272.16 med=4272.06 slow=4259.28 ATR=3.92
2026-08-06 08:09:00,2026-08-06 08:12:00,BUY,4296.8,4289.21,4311.99,SL,-7.79,S422 BUY FTSMA regime flip,fast=4294.44 med=4293.99 slow=4271.74 ATR=5.06
2026-08-06 08:37:00,2026-08-06 09:06:00,BUY,4285.87,4279.01,4299.59,TP,13.52,S422 BUY FTSMA regime flip,fast=4284.05 med=4283.73 slow=4273.07 ATR=4.57
2026-08-06 09:29:00,2026-08-06 09:31:00,BUY,4292.58,4289.66,4298.41,SL,-3.12,S422 BUY FTSMA regime flip,fast=4293.99 med=4293.81 slow=4282.10 ATR=1.94
2026-08-06 09:41:00,2026-08-06 09:46:00,SELL,4281.71,4286.21,4272.71,SL,-4.7,S422 SELL FTSMA regime flip,fast=4282.77 med=4286.66 slow=4282.04 ATR=3.00
2026-08-06 09:47:00,2026-08-06 10:16:00,SELL,4281.28,4285.44,4272.96,TP,8.12,S422 SELL FTSMA regime flip,fast=4282.20 med=4285.59 slow=4281.77 ATR=2.77
2026-08-06 11:04:00,2026-08-06 11:06:00,SELL,4263.31,4265.72,4258.49,SL,-2.61,S422 SELL FTSMA regime flip,fast=4262.64 med=4262.89 slow=4274.19 ATR=1.61
2026-08-06 11:14:00,2026-08-06 11:29:00,SELL,4263.47,4266.51,4257.39,TP,5.88,S422 SELL FTSMA regime flip,fast=4265.32 med=4265.44 slow=4273.69 ATR=2.03
2026-08-06 11:41:00,2026-08-06 11:51:00,SELL,4258.89,4261.9,4252.88,SL,-3.21,S422 SELL FTSMA regime flip,fast=4259.87 med=4259.98 slow=4270.41 ATR=2.00
2026-08-06 11:54:00,2026-08-06 11:55:00,SELL,4259.36,4261.63,4254.82,SL,-2.47,S422 SELL FTSMA regime flip,fast=4260.21 med=4260.51 slow=4269.01 ATR=1.51
2026-08-06 12:07:00,2026-08-06 12:22:00,SELL,4259.69,4262.16,4254.75,TP,4.74,S422 SELL FTSMA regime flip,fast=4260.96 med=4261.14 slow=4268.39 ATR=1.65
2026-08-06 12:46:00,2026-08-06 13:11:00,BUY,4265.52,4261.01,4274.54,SL,-4.71,S422 BUY FTSMA regime flip,fast=4264.96 med=4260.90 slow=4264.76 ATR=3.01
2026-08-06 13:11:00,2026-08-06 13:19:00,SELL,4261.5,4264.44,4255.63,TP,5.67,S422 SELL FTSMA regime flip,fast=4263.92 med=4264.89 slow=4265.93 ATR=1.96
2026-08-06 13:55:00,2026-08-06 13:59:00,SELL,4252.38,4255.33,4246.47,SL,-3.15,S422 SELL FTSMA regime flip,fast=4253.29 med=4253.75 slow=4261.28 ATR=1.97
2026-08-06 14:12:00,2026-08-06 14:22:00,BUY,4261.6,4258.95,4266.89,SL,-2.85,S422 BUY FTSMA regime flip,fast=4261.26 med=4257.41 slow=4260.91 ATR=1.76
2026-08-06 14:22:00,2026-08-06 14:25:00,SELL,4260.46,4263.39,4254.61,SL,-3.13,S422 SELL FTSMA regime flip,fast=4261.01 med=4261.20 slow=4261.36 ATR=1.95
2026-08-06 14:27:00,2026-08-06 14:32:00,BUY,4262.94,4260.25,4268.32,SL,-2.89,S422 BUY FTSMA regime flip,fast=4261.68 med=4261.53 slow=4261.53 ATR=1.80
2026-08-06 14:37:00,2026-08-06 14:46:00,SELL,4257.69,4259.86,4253.35,TP,4.14,S422 SELL FTSMA regime flip,fast=4259.98 med=4260.17 slow=4261.60 ATR=1.45
2026-08-06 14:56:00,2026-08-06 15:12:00,BUY,4260.31,4257.2,4266.53,TP,6.02,S422 BUY FTSMA regime flip,fast=4258.96 med=4257.55 slow=4260.23 ATR=2.07
2026-08-06 15:28:00,2026-08-06 15:35:00,BUY,4267.95,4264.83,4274.19,TP,6.04,S422 BUY FTSMA regime flip,fast=4265.81 med=4265.81 slow=4262.26 ATR=2.08
2026-08-06 15:53:00,2026-08-06 16:02:00,BUY,4275.03,4271.94,4281.2,TP,5.97,S422 BUY FTSMA regime flip,fast=4273.48 med=4272.98 slow=4264.58 ATR=2.06
2026-08-06 16:16:00,2026-08-06 16:28:00,BUY,4282.12,4278.75,4288.85,SL,-3.57,S422 BUY FTSMA regime flip,fast=4279.34 med=4278.35 slow=4267.41 ATR=2.24
2026-08-06 17:08:00,2026-08-06 17:26:00,SELL,4270.0,4272.21,4265.58,REV,-0.99,S422 SELL FTSMA regime flip,fast=4270.89 med=4272.53 slow=4270.11 ATR=1.47
2026-08-06 17:26:00,2026-08-06 17:27:00,BUY,4270.79,4268.84,4274.69,SL,-2.15,S422 BUY FTSMA regime flip,fast=4269.59 med=4269.35 slow=4269.96 ATR=1.30
2026-08-06 17:27:00,2026-08-06 17:45:00,SELL,4268.73,4270.73,4264.72,TP,3.81,S422 SELL FTSMA regime flip,fast=4269.24 med=4269.33 slow=4269.96 ATR=1.34
2026-08-06 17:50:00,2026-08-06 18:05:00,BUY,4270.19,4268.07,4274.43,REV,-1.83,S422 BUY FTSMA regime flip,fast=4268.50 med=4267.75 slow=4269.75 ATR=1.41
2026-08-06 18:05:00,2026-08-06 18:16:00,SELL,4268.56,4270.99,4263.71,REV,-2.28,S422 SELL FTSMA regime flip,fast=4270.33 med=4270.78 slow=4270.02 ATR=1.62
2026-08-06 18:16:00,2026-08-06 18:19:00,BUY,4270.64,4267.78,4276.36,SL,-3.06,S422 BUY FTSMA regime flip,fast=4269.30 med=4268.84 slow=4269.97 ATR=1.91
2026-08-06 18:20:00,2026-08-06 18:42:00,SELL,4265.84,4268.84,4259.83,TP,5.81,S422 SELL FTSMA regime flip,fast=4267.95 med=4268.14 slow=4269.90 ATR=2.00
2026-08-06 19:08:00,2026-08-06 19:12:00,SELL,4262.51,4265.9,4255.73,TP,6.58,S422 SELL FTSMA regime flip,fast=4261.99 med=4261.99 slow=4266.32 ATR=2.26
2026-08-06 19:32:00,2026-08-06 19:47:00,BUY,4267.72,4262.89,4277.38,REV,-3.6,S422 BUY FTSMA regime flip,fast=4263.12 med=4260.57 slow=4265.05 ATR=3.22
2026-08-06 19:47:00,2026-08-06 19:50:00,SELL,4264.32,4267.84,4257.27,TP,6.85,S422 SELL FTSMA regime flip,fast=4267.28 med=4267.38 slow=4265.89 ATR=2.35
2026-08-06 20:38:00,2026-08-06 20:43:00,BUY,4260.09,4255.7,4268.87,TP,8.58,S422 BUY FTSMA regime flip,fast=4252.98 med=4249.60 slow=4257.52 ATR=2.93
2026-08-06 20:59:00,2026-08-06 21:18:00,BUY,4268.2,4262.92,4278.75,SL,-5.48,S422 BUY FTSMA regime flip,fast=4265.64 med=4265.08 slow=4261.34 ATR=3.52
2026-08-06 21:29:00,2026-08-06 22:12:00,BUY,4266.77,4262.15,4276.0,REV,-2.42,S422 BUY FTSMA regime flip,fast=4265.90 med=4264.81 slow=4261.85 ATR=3.08
2026-08-06 22:12:00,2026-08-06 22:18:00,SELL,4264.55,4268.58,4256.49,TP,7.86,S422 SELL FTSMA regime flip,fast=4265.69 med=4269.61 slow=4264.61 ATR=2.69
2026-08-06 23:14:00,2026-08-06 23:51:00,SELL,4231.94,4237.2,4221.43,SL,-5.46,S422 SELL FTSMA regime flip,fast=4237.84 med=4239.46 slow=4255.37 ATR=3.50
2026-08-07 00:08:00,2026-08-07 00:11:00,SELL,4241.27,4243.97,4235.87,SL,-2.9,S422 SELL FTSMA regime flip,fast=4240.23 med=4240.27 slow=4247.92 ATR=1.80
2026-08-07 00:16:00,2026-08-07 00:21:00,SELL,4239.43,4241.97,4234.35,SL,-2.74,S422 SELL FTSMA regime flip,fast=4242.30 med=4242.33 slow=4247.69 ATR=1.69
2026-08-07 00:25:00,2026-08-07 00:26:00,SELL,4239.88,4242.05,4235.53,SL,-2.37,S422 SELL FTSMA regime flip,fast=4240.29 med=4240.33 slow=4246.97 ATR=1.45
2026-08-07 00:32:00,2026-08-07 00:52:00,SELL,4240.95,4243.53,4235.79,SL,-2.78,S422 SELL FTSMA regime flip,fast=4240.69 med=4240.81 slow=4246.46 ATR=1.72
2026-08-07 00:53:00,2026-08-07 01:03:00,BUY,4247.37,4245.38,4251.35,SL,-2.19,S422 BUY FTSMA regime flip,fast=4244.20 med=4242.15 slow=4245.28 ATR=1.33
2026-08-07 01:05:00,2026-08-07 01:33:00,BUY,4245.72,4243.44,4250.28,REV,-1.16,S422 BUY FTSMA regime flip,fast=4245.08 med=4244.97 slow=4245.54 ATR=1.52
2026-08-07 01:33:00,2026-08-07 01:43:00,SELL,4244.76,4246.55,4241.19,TP,3.37,S422 SELL FTSMA regime flip,fast=4245.96 med=4247.29 slow=4246.16 ATR=1.19
2026-08-07 01:55:00,2026-08-07 02:01:00,SELL,4241.89,4243.64,4238.4,SL,-1.95,S422 SELL FTSMA regime flip,fast=4243.14 med=4243.49 slow=4245.11 ATR=1.16
2026-08-07 02:03:00,2026-08-07 02:20:00,BUY,4247.56,4245.53,4251.62,SL,-2.23,S422 BUY FTSMA regime flip,fast=4244.82 med=4244.00 slow=4244.90 ATR=1.35
2026-08-07 02:20:00,2026-08-07 02:25:00,SELL,4245.52,4247.5,4241.55,TP,3.77,S422 SELL FTSMA regime flip,fast=4245.90 med=4246.96 slow=4245.73 ATR=1.32
2026-08-07 02:54:00,2026-08-07 02:56:00,BUY,4249.23,4245.9,4255.89,SL,-3.53,S422 BUY FTSMA regime flip,fast=4243.12 med=4239.97 slow=4243.03 ATR=2.22
2026-08-07 03:14:00,2026-08-07 03:16:00,SELL,4243.5,4245.37,4239.76,SL,-2.07,S422 SELL FTSMA regime flip,fast=4244.17 med=4244.69 slow=4244.52 ATR=1.25
2026-08-07 03:16:00,2026-08-07 03:21:00,BUY,4245.47,4243.61,4249.18,SL,-2.06,S422 BUY FTSMA regime flip,fast=4244.88 med=4244.49 slow=4244.64 ATR=1.24
2026-08-07 03:26:00,2026-08-07 03:41:00,SELL,4242.42,4244.31,4238.64,TP,3.58,S422 SELL FTSMA regime flip,fast=4243.49 med=4243.97 slow=4244.76 ATR=1.26
2026-08-07 05:05:00,2026-08-07 05:14:00,SELL,4236.39,4238.38,4232.41,SL,-2.19,S422 SELL FTSMA regime flip,fast=4237.83 med=4238.38 slow=4242.29 ATR=1.33
2026-08-07 05:25:00,2026-08-07 05:35:00,BUY,4241.89,4240.44,4244.78,REV,-0.25,S422 BUY FTSMA regime flip,fast=4242.09 med=4239.88 slow=4242.03 ATR=0.96
2026-08-07 05:35:00,2026-08-07 05:52:00,SELL,4241.84,4243.34,4238.84,REV,-0.65,S422 SELL FTSMA regime flip,fast=4241.59 med=4242.02 slow=4242.29 ATR=1.00
2026-08-07 05:52:00,2026-08-07 05:57:00,BUY,4242.29,4240.95,4244.96,SL,-1.54,S422 BUY FTSMA regime flip,fast=4241.73 med=4240.92 slow=4242.15 ATR=0.89
2026-08-07 05:58:00,2026-08-07 06:03:00,SELL,4241.29,4242.36,4239.15,SL,-1.27,S422 SELL FTSMA regime flip,fast=4241.60 med=4241.79 slow=4242.11 ATR=0.71
2026-08-07 06:04:00,2026-08-07 06:05:00,SELL,4240.76,4241.91,4238.45,SL,-1.35,S422 SELL FTSMA regime flip,fast=4241.22 med=4241.99 slow=4242.01 ATR=0.77
2026-08-07 06:07:00,2026-08-07 06:33:00,BUY,4243.69,4242.16,4246.76,TP,2.87,S422 BUY FTSMA regime flip,fast=4242.71 med=4242.33 slow=4242.01 ATR=1.02
2026-08-07 06:49:00,2026-08-07 06:53:00,BUY,4248.62,4246.86,4252.14,TP,3.32,S422 BUY FTSMA regime flip,fast=4247.31 med=4246.95 slow=4243.58 ATR=1.17
2026-08-07 07:14:00,2026-08-07 07:37:00,SELL,4243.79,4246.44,4238.49,TP,5.1,S422 SELL FTSMA regime flip,fast=4246.06 med=4248.04 slow=4244.94 ATR=1.77
2026-08-07 07:56:00,2026-08-07 08:01:00,SELL,4231.99,4235.04,4225.88,SL,-3.25,S422 SELL FTSMA regime flip,fast=4233.68 med=4233.93 slow=4241.78 ATR=2.04
2026-08-07 08:05:00,2026-08-07 08:26:00,BUY,4241.85,4237.65,4250.26,REV,-1.81,S422 BUY FTSMA regime flip,fast=4238.63 med=4236.40 slow=4241.32 ATR=2.80
2026-08-07 08:26:00,2026-08-07 08:28:00,SELL,4240.24,4244.09,4232.53,SL,-4.05,S422 SELL FTSMA regime flip,fast=4242.31 med=4242.51 slow=4242.60 ATR=2.57
2026-08-07 08:28:00,2026-08-07 08:31:00,BUY,4245.3,4241.21,4253.48,SL,-4.29,S422 BUY FTSMA regime flip,fast=4243.04 med=4242.45 slow=4242.72 ATR=2.73
2026-08-07 08:33:00,2026-08-07 08:44:00,BUY,4244.03,4239.32,4253.45,TP,9.22,S422 BUY FTSMA regime flip,fast=4243.16 med=4242.35 slow=4242.89 ATR=3.14
2026-08-07 09:25:00,2026-08-07 09:31:00,BUY,4260.54,4258.55,4264.53,SL,-2.19,S422 BUY FTSMA regime flip,fast=4260.25 med=4259.56 slow=4248.52 ATR=1.33
2026-08-07 09:46:00,2026-08-07 09:48:00,SELL,4247.59,4250.78,4241.21,SL,-3.39,S422 SELL FTSMA regime flip,fast=4249.98 med=4253.26 slow=4249.10 ATR=2.13
2026-08-07 09:52:00,2026-08-07 09:59:00,BUY,4254.11,4250.74,4260.86,SL,-3.57,S422 BUY FTSMA regime flip,fast=4252.69 med=4251.95 slow=4249.00 ATR=2.25
2026-08-07 10:05:00,2026-08-07 10:12:00,BUY,4258.46,4255.14,4265.11,SL,-3.52,S422 BUY FTSMA regime flip,fast=4254.78 med=4253.95 slow=4249.31 ATR=2.22
2026-08-07 10:26:00,2026-08-07 10:31:00,BUY,4255.52,4253.08,4260.4,TP,4.68,S422 BUY FTSMA regime flip,fast=4254.19 med=4254.17 slow=4250.96 ATR=1.63
2026-08-07 10:49:00,2026-08-07 10:59:00,BUY,4259.93,4258.2,4263.4,TP,3.27,S422 BUY FTSMA regime flip,fast=4260.18 med=4260.14 slow=4252.94 ATR=1.16
2026-08-07 11:23:00,2026-08-07 11:27:00,BUY,4267.32,4264.74,4272.48,SL,-2.78,S422 BUY FTSMA regime flip,fast=4264.84 med=4264.37 slow=4256.27 ATR=1.72
2026-08-07 11:51:00,2026-08-07 12:02:00,BUY,4265.9,4263.68,4270.34,SL,-2.42,S422 BUY FTSMA regime flip,fast=4265.06 med=4264.53 slow=4258.23 ATR=1.48
2026-08-07 12:11:00,2026-08-07 12:24:00,BUY,4269.76,4266.85,4275.59,SL,-3.11,S422 BUY FTSMA regime flip,fast=4266.13 med=4265.48 slow=4259.45 ATR=1.94
2026-08-07 12:33:00,2026-08-07 12:36:00,BUY,4271.45,4268.54,4277.27,TP,5.62,S422 BUY FTSMA regime flip,fast=4268.40 med=4267.48 slow=4261.33 ATR=1.94
2026-08-07 12:51:00,2026-08-07 12:53:00,BUY,4278.67,4275.67,4284.67,SL,-3.2,S422 BUY FTSMA regime flip,fast=4274.46 med=4273.73 slow=4263.60 ATR=2.00
2026-08-07 13:35:00,2026-08-07 13:39:00,BUY,4286.3,4283.01,4292.87,TP,6.37,S422 BUY FTSMA regime flip,fast=4284.92 med=4284.90 slow=4271.23 ATR=2.19
2026-08-07 13:57:00,2026-08-07 14:06:00,BUY,4295.49,4292.45,4301.57,SL,-3.24,S422 BUY FTSMA regime flip,fast=4293.75 med=4293.13 slow=4275.26 ATR=2.03
2026-08-07 14:22:00,2026-08-07 14:25:00,BUY,4291.4,4288.89,4296.41,SL,-2.71,S422 BUY FTSMA regime flip,fast=4292.34 med=4291.98 slow=4279.00 ATR=1.67
2026-08-07 14:41:00,2026-08-07 14:46:00,BUY,4286.37,4283.85,4291.41,SL,-2.72,S422 BUY FTSMA regime flip,fast=4287.23 med=4287.12 slow=4279.79 ATR=1.68
2026-08-07 14:46:00,2026-08-07 14:48:00,BUY,4286.75,4284.27,4291.7,SL,-2.68,S422 BUY FTSMA regime flip,fast=4286.64 med=4286.58 slow=4280.02 ATR=1.65
2026-08-07 14:56:00,2026-08-07 15:08:00,BUY,4290.15,4287.2,4296.05,TP,5.7,S422 BUY FTSMA regime flip,fast=4286.67 med=4286.10 slow=4280.54 ATR=1.97
2026-08-07 15:32:00,2026-08-07 15:34:00,BUY,4299.93,4296.92,4305.94,TP,5.81,S422 BUY FTSMA regime flip,fast=4296.20 med=4295.20 slow=4285.87 ATR=2.00
2026-08-07 15:56:00,2026-08-07 15:58:00,BUY,4307.7,4304.68,4313.73,SL,-3.22,S422 BUY FTSMA regime flip,fast=4306.69 med=4306.08 slow=4290.55 ATR=2.01
2026-08-07 16:19:00,2026-08-07 16:31:00,BUY,4307.3,4305.01,4311.88,SL,-2.49,S422 BUY FTSMA regime flip,fast=4307.34 med=4307.27 slow=4293.37 ATR=1.53
2026-08-07 16:40:00,2026-08-07 16:44:00,BUY,4308.77,4305.77,4314.76,TP,5.79,S422 BUY FTSMA regime flip,fast=4306.04 med=4305.36 slow=4295.68 ATR=2.00
2026-08-07 17:04:00,2026-08-07 17:09:00,BUY,4316.16,4312.95,4322.58,SL,-3.41,S422 BUY FTSMA regime flip,fast=4316.28 med=4315.93 slow=4300.66 ATR=2.14
2026-08-07 17:26:00,2026-08-07 17:49:00,BUY,4314.1,4311.48,4319.35,TP,5.05,S422 BUY FTSMA regime flip,fast=4313.88 med=4313.34 slow=4302.59 ATR=1.75
2026-08-07 18:02:00,2026-08-07 18:09:00,BUY,4319.59,4317.2,4324.38,TP,4.59,S422 BUY FTSMA regime flip,fast=4317.95 med=4317.67 slow=4307.20 ATR=1.60
2026-08-07 18:24:00,2026-08-07 18:39:00,BUY,4324.7,4321.31,4331.48,SL,-3.59,S422 BUY FTSMA regime flip,fast=4322.14 med=4321.57 slow=4310.19 ATR=2.26
2026-08-07 18:49:00,2026-08-07 18:53:00,BUY,4324.43,4322.02,4329.25,SL,-2.61,S422 BUY FTSMA regime flip,fast=4324.51 med=4323.81 slow=4313.29 ATR=1.61
2026-08-07 19:13:00,2026-08-07 19:15:00,BUY,4320.75,4316.67,4328.92,SL,-4.28,S422 BUY FTSMA regime flip,fast=4321.15 med=4320.78 slow=4314.81 ATR=2.72
2026-08-07 19:16:00,2026-08-07 19:19:00,SELL,4312.11,4316.55,4303.23,SL,-4.64,S422 SELL FTSMA regime flip,fast=4316.82 med=4318.84 slow=4314.74 ATR=2.96
2026-08-07 19:20:00,2026-08-07 19:30:00,SELL,4314.59,4318.74,4306.3,TP,8.09,S422 SELL FTSMA regime flip,fast=4314.64 med=4316.82 slow=4314.61 ATR=2.76
2026-08-07 19:30:00,2026-08-07 19:31:00,SELL,4309.8,4314.85,4299.7,SL,-5.25,S422 SELL FTSMA regime flip,fast=4311.10 med=4313.80 slow=4314.15 ATR=3.37
2026-08-07 19:31:00,2026-08-07 20:18:00,BUY,4352.69,4343.08,4371.9,SL,-9.81,S422 BUY FTSMA regime flip,fast=4325.33 med=4317.66 slow=4314.52 ATR=6.40
2026-08-07 20:27:00,2026-08-07 20:43:00,BUY,4355.39,4349.56,4367.05,TP,11.46,S422 BUY FTSMA regime flip,fast=4350.89 med=4350.23 slow=4331.57 ATR=3.89
2026-08-07 21:04:00,2026-08-07 21:19:00,SELL,4339.45,4346.18,4325.98,REV,-6.56,S422 SELL FTSMA regime flip,fast=4342.74 med=4348.95 slow=4339.53 ATR=4.49
2026-08-07 21:19:00,2026-08-07 22:00:00,BUY,4345.81,4337.78,4361.88,REV,-4.53,S422 BUY FTSMA regime flip,fast=4339.92 med=4339.89 slow=4337.77 ATR=5.36
2026-08-07 22:00:00,2026-08-07 22:01:00,SELL,4341.48,4345.89,4332.66,SL,-4.61,S422 SELL FTSMA regime flip,fast=4342.74 med=4346.47 slow=4341.69 ATR=2.94
2026-08-07 22:07:00,2026-08-07 22:24:00,BUY,4347.7,4342.63,4357.85,TP,9.95,S422 BUY FTSMA regime flip,fast=4347.86 med=4347.17 slow=4341.72 ATR=3.38
2026-08-07 22:38:00,2026-08-07 22:42:00,BUY,4353.3,4349.66,4360.59,SL,-3.84,S422 BUY FTSMA regime flip,fast=4351.51 med=4351.28 slow=4345.12 ATR=2.43
2026-08-07 22:52:00,2026-08-07 23:01:00,SELL,4345.18,4348.37,4338.79,TP,6.19,S422 SELL FTSMA regime flip,fast=4347.60 med=4350.69 slow=4345.51 ATR=2.13
2026-08-07 23:06:00,2026-08-07 23:20:00,BUY,4345.14,4341.36,4352.7,REV,-3.08,S422 BUY FTSMA regime flip,fast=4343.63 med=4343.30 slow=4344.39 ATR=2.52
2026-08-07 23:20:00,2026-08-07 23:21:00,SELL,4342.26,4345.42,4335.94,SL,-3.36,S422 SELL FTSMA regime flip,fast=4343.26 med=4345.77 slow=4344.52 ATR=2.11
2026-08-07 23:22:00,2026-08-07 23:26:00,SELL,4343.14,4347.13,4335.16,TP,7.78,S422 SELL FTSMA regime flip,fast=4342.92 med=4345.62 slow=4344.56 ATR=2.66
2026-08-07 23:44:00,2026-08-07 23:56:00,SELL,4338.95,4342.86,4331.13,TP,7.62,S422 SELL FTSMA regime flip,fast=4338.85 med=4339.46 slow=4343.41 ATR=2.61
2026-08-08 00:15:00,2026-08-08 00:24:00,SELL,4335.48,4338.22,4329.99,SL,-2.94,S422 SELL FTSMA regime flip,fast=4335.21 med=4335.71 slow=4341.14 ATR=1.83
2026-08-08 00:29:00,2026-08-08 00:31:00,BUY,4341.28,4338.52,4346.8,SL,-2.96,S422 BUY FTSMA regime flip,fast=4341.09 med=4337.65 slow=4340.82 ATR=1.84
2026-08-08 00:36:00,2026-08-08 00:43:00,SELL,4332.97,4336.82,4325.26,SL,-4.05,S422 SELL FTSMA regime flip,fast=4335.85 med=4336.26 slow=4340.71 ATR=2.57
2026-08-08 00:53:00,2026-08-08 01:04:00,BUY,4341.13,4338.66,4346.08,REV,-1.72,S422 BUY FTSMA regime flip,fast=4341.19 med=4337.97 slow=4340.18 ATR=1.65
2026-08-08 01:04:00,2026-08-08 01:07:00,SELL,4339.61,4341.73,4335.37,SL,-2.32,S422 SELL FTSMA regime flip,fast=4339.04 med=4340.28 slow=4340.21 ATR=1.41
2026-08-08 01:07:00,2026-08-08 01:08:00,BUY,4342.63,4340.66,4346.56,SL,-2.17,S422 BUY FTSMA regime flip,fast=4340.72 med=4340.56 slow=4340.27 ATR=1.31
2026-08-08 01:15:00,2026-08-08 01:17:00,SELL,4334.94,4337.35,4330.12,SL,-2.61,S422 SELL FTSMA regime flip,fast=4338.81 med=4339.19 slow=4340.33 ATR=1.61
2026-08-08 01:42:00,2026-08-08 02:02:00,SELL,4336.88,4339.29,4332.07,SL,-2.61,S422 SELL FTSMA regime flip,fast=4337.28 med=4337.31 slow=4338.82 ATR=1.60
2026-08-08 02:02:00,2026-08-08 02:04:00,BUY,4341.94,4339.37,4347.08,SL,-2.77,S422 BUY FTSMA regime flip,fast=4338.20 med=4335.53 slow=4338.48 ATR=1.71
2026-08-08 02:43:00,2026-08-08 02:54:00,BUY,4347.51,4345.05,4352.44,SL,-2.66,S422 BUY FTSMA regime flip,fast=4346.52 med=4346.21 slow=4341.61 ATR=1.64
2026-08-08 02:57:00,2026-08-08 02:59:00,SELL,4340.48,4342.99,4335.46,SL,-2.71,S422 SELL FTSMA regime flip,fast=4342.76 med=4346.52 slow=4341.91 ATR=1.67
2026-08-08 03:06:00,2026-08-08 03:11:00,BUY,4344.25,4341.44,4349.87,SL,-3.01,S422 BUY FTSMA regime flip,fast=4344.14 med=4344.07 slow=4341.80 ATR=1.87
2026-08-08 03:11:00,2026-08-08 03:15:00,SELL,4339.93,4342.25,4335.29,SL,-2.52,S422 SELL FTSMA regime flip,fast=4342.57 med=4342.69 slow=4341.70 ATR=1.55
2026-08-08 03:16:00,2026-08-08 03:17:00,SELL,4340.8,4342.95,4336.5,SL,-2.35,S422 SELL FTSMA regime flip,fast=4340.78 med=4341.83 slow=4341.59 ATR=1.43
2026-08-08 03:18:00,2026-08-08 03:31:00,SELL,4341.06,4343.34,4336.49,TP,4.37,S422 SELL FTSMA regime flip,fast=4340.37 med=4341.80 slow=4341.56 ATR=1.52
2026-08-08 03:40:00,2026-08-08 03:50:00,BUY,4340.94,4338.99,4344.85,REV,-1.3,S422 BUY FTSMA regime flip,fast=4339.58 med=4338.78 slow=4340.84 ATR=1.30
2026-08-08 03:50:00,2026-08-08 03:55:00,SELL,4339.84,4341.27,4336.98,SL,-1.63,S422 SELL FTSMA regime flip,fast=4340.43 med=4340.66 slow=4340.98 ATR=0.95
2026-08-08 03:56:00,2026-08-10 05:05:00,SELL,4340.25,4341.83,4337.09,SL,-1.78,S422 SELL FTSMA regime flip,fast=4340.32 med=4340.71 slow=4341.06 ATR=1.05
2026-08-10 05:05:00,2026-08-10 05:06:00,BUY,4339.93,4338.24,4343.3,SL,-1.89,S422 BUY FTSMA regime flip,fast=4340.81 med=4340.71 slow=4341.11 ATR=1.12
2026-08-10 05:06:00,2026-08-10 05:10:00,SELL,4337.72,4339.82,4333.52,SL,-2.3,S422 SELL FTSMA regime flip,fast=4339.82 med=4340.36 slow=4341.09 ATR=1.40
2026-08-10 05:12:00,2026-08-10 05:20:00,BUY,4344.04,4340.3,4351.51,SL,-3.94,S422 BUY FTSMA regime flip,fast=4340.92 med=4339.52 slow=4341.06 ATR=2.49
2026-08-10 05:21:00,2026-08-10 05:27:00,SELL,4339.7,4343.38,4332.34,SL,-3.88,S422 SELL FTSMA regime flip,fast=4340.96 med=4341.58 slow=4341.30 ATR=2.45
2026-08-10 05:30:00,2026-08-10 05:35:00,BUY,4343.78,4341.32,4348.7,SL,-2.66,S422 BUY FTSMA regime flip,fast=4342.44 med=4342.07 slow=4341.32 ATR=1.64
2026-08-10 05:45:00,2026-08-10 05:49:00,SELL,4340.47,4342.43,4336.56,SL,-2.16,S422 SELL FTSMA regime flip,fast=4340.63 med=4341.54 slow=4341.42 ATR=1.30
2026-08-10 05:50:00,2026-08-10 05:53:00,BUY,4343.76,4342.18,4346.92,SL,-1.78,S422 BUY FTSMA regime flip,fast=4342.04 med=4341.87 slow=4341.45 ATR=1.05
2026-08-10 06:23:00,2026-08-10 06:32:00,BUY,4347.19,4345.75,4350.07,SL,-1.64,S422 BUY FTSMA regime flip,fast=4345.85 med=4345.77 slow=4342.60 ATR=0.96
2026-08-10 06:33:00,2026-08-10 06:57:00,SELL,4343.24,4345.36,4339.0,TP,4.04,S422 SELL FTSMA regime flip,fast=4345.65 med=4346.17 slow=4343.09 ATR=1.41
2026-08-10 07:06:00,2026-08-10 07:18:00,BUY,4341.93,4338.82,4348.16,REV,-0.68,S422 BUY FTSMA regime flip,fast=4339.53 med=4338.97 slow=4341.68 ATR=2.08
2026-08-10 07:18:00,2026-08-10 07:20:00,SELL,4341.45,4345.41,4333.53,SL,-4.16,S422 SELL FTSMA regime flip,fast=4341.40 med=4341.48 slow=4341.80 ATR=2.64
2026-08-10 07:22:00,2026-08-10 07:57:00,SELL,4339.8,4344.01,4331.39,TP,8.21,S422 SELL FTSMA regime flip,fast=4339.76 med=4341.86 slow=4341.89 ATR=2.80
2026-08-10 08:05:00,2026-08-10 08:30:00,SELL,4327.26,4332.61,4316.55,TP,10.51,S422 SELL FTSMA regime flip,fast=4332.00 med=4333.38 slow=4339.40 ATR=3.57
2026-08-10 08:56:00,2026-08-10 09:00:00,SELL,4320.01,4323.35,4313.34,SL,-3.54,S422 SELL FTSMA regime flip,fast=4319.46 med=4319.88 slow=4331.69 ATR=2.22
2026-08-10 09:29:00,2026-08-10 09:31:00,BUY,4330.47,4328.01,4335.4,SL,-2.66,S422 BUY FTSMA regime flip,fast=4329.08 med=4327.09 slow=4330.41 ATR=1.64
2026-08-10 09:39:00,2026-08-10 09:44:00,SELL,4325.52,4328.86,4318.84,SL,-3.54,S422 SELL FTSMA regime flip,fast=4327.44 med=4327.59 slow=4330.26 ATR=2.23
2026-08-10 09:45:00,2026-08-10 09:54:00,SELL,4326.5,4329.86,4319.77,TP,6.53,S422 SELL FTSMA regime flip,fast=4326.56 med=4326.74 slow=4330.03 ATR=2.24
2026-08-10 10:29:00,2026-08-10 10:41:00,BUY,4327.85,4325.22,4333.1,SL,-2.83,S422 BUY FTSMA regime flip,fast=4325.85 med=4323.67 slow=4326.53 ATR=1.75
2026-08-10 10:46:00,2026-08-10 10:48:00,SELL,4324.73,4326.5,4321.18,SL,-1.97,S422 SELL FTSMA regime flip,fast=4325.36 med=4325.44 slow=4327.14 ATR=1.18
2026-08-10 10:51:00,2026-08-10 11:00:00,BUY,4327.54,4325.71,4331.2,REV,-1.07,S422 BUY FTSMA regime flip,fast=4326.88 med=4325.95 slow=4327.20 ATR=1.22
2026-08-10 11:00:00,2026-08-10 11:04:00,SELL,4326.67,4328.36,4323.29,TP,3.18,S422 SELL FTSMA regime flip,fast=4327.19 med=4327.24 slow=4327.16 ATR=1.13
2026-08-10 11:11:00,2026-08-10 11:22:00,BUY,4330.01,4327.47,4335.09,TP,4.88,S422 BUY FTSMA regime flip,fast=4327.56 med=4326.81 slow=4326.84 ATR=1.69
2026-08-10 11:34:00,2026-08-10 11:41:00,BUY,4334.36,4332.31,4338.46,SL,-2.25,S422 BUY FTSMA regime flip,fast=4334.01 med=4334.01 slow=4328.63 ATR=1.37
2026-08-10 11:48:00,2026-08-10 12:32:00,BUY,4335.2,4332.6,4340.4,SL,-2.8,S422 BUY FTSMA regime flip,fast=4333.09 med=4332.63 slow=4329.32 ATR=1.73
2026-08-10 12:34:00,2026-08-10 12:48:00,BUY,4338.75,4335.93,4344.39,TP,5.44,S422 BUY FTSMA regime flip,fast=4336.07 med=4335.67 slow=4331.38 ATR=1.88
2026-08-10 13:11:00,2026-08-10 13:19:00,BUY,4347.77,4344.88,4353.55,SL,-3.09,S422 BUY FTSMA regime flip,fast=4346.08 med=4345.43 slow=4336.26 ATR=1.93
2026-08-10 13:32:00,2026-08-10 13:44:00,BUY,4347.78,4345.35,4352.63,TP,4.65,S422 BUY FTSMA regime flip,fast=4346.99 med=4346.46 slow=4337.69 ATR=1.62
2026-08-10 14:09:00,2026-08-10 14:11:00,BUY,4355.62,4353.29,4360.29,SL,-2.53,S422 BUY FTSMA regime flip,fast=4354.80 med=4354.80 slow=4343.24 ATR=1.56
2026-08-10 14:12:00,2026-08-10 14:14:00,BUY,4353.13,4350.7,4357.99,SL,-2.63,S422 BUY FTSMA regime flip,fast=4354.24 med=4354.24 slow=4343.57 ATR=1.62
2026-08-10 14:18:00,2026-08-10 14:21:00,BUY,4356.02,4353.37,4361.32,SL,-2.85,S422 BUY FTSMA regime flip,fast=4353.86 med=4353.44 slow=4344.01 ATR=1.77
2026-08-10 14:24:00,2026-08-10 14:27:00,BUY,4356.57,4353.75,4362.2,SL,-3.02,S422 BUY FTSMA regime flip,fast=4354.89 med=4354.67 slow=4344.46 ATR=1.88
2026-08-10 14:38:00,2026-08-10 14:46:00,BUY,4355.41,4352.52,4361.19,TP,5.58,S422 BUY FTSMA regime flip,fast=4354.64 med=4354.63 slow=4345.39 ATR=1.93
2026-08-10 15:05:00,2026-08-10 15:07:00,BUY,4355.5,4353.63,4359.24,SL,-2.07,S422 BUY FTSMA regime flip,fast=4356.01 med=4355.73 slow=4348.36 ATR=1.25
2026-08-10 15:28:00,2026-08-10 15:33:00,BUY,4354.45,4352.73,4357.88,SL,-1.92,S422 BUY FTSMA regime flip,fast=4354.73 med=4354.52 slow=4349.20 ATR=1.14
2026-08-10 15:40:00,2026-08-10 16:12:00,SELL,4348.29,4350.62,4343.64,REV,-1.42,S422 SELL FTSMA regime flip,fast=4348.61 med=4351.28 slow=4349.43 ATR=1.55
2026-08-10 16:12:00,2026-08-10 16:20:00,BUY,4349.51,4347.11,4354.3,SL,-2.6,S422 BUY FTSMA regime flip,fast=4348.32 med=4347.72 slow=4348.54 ATR=1.60
2026-08-10 16:21:00,2026-08-10 16:32:00,SELL,4347.0,4349.07,4342.86,TP,3.94,S422 SELL FTSMA regime flip,fast=4347.43 med=4347.60 slow=4348.69 ATR=1.38
2026-08-10 16:50:00,2026-08-10 17:42:00,SELL,4342.31,4344.29,4338.35,TP,3.76,S422 SELL FTSMA regime flip,fast=4344.02 med=4344.33 slow=4347.70 ATR=1.32
2026-08-10 17:54:00,2026-08-10 18:05:00,SELL,4338.07,4339.83,4334.56,TP,3.31,S422 SELL FTSMA regime flip,fast=4338.98 med=4339.04 slow=4344.45 ATR=1.17
2026-08-10 18:43:00,2026-08-10 18:50:00,SELL,4336.88,4339.0,4332.63,TP,4.05,S422 SELL FTSMA regime flip,fast=4336.89 med=4336.90 slow=4340.65 ATR=1.42
2026-08-10 19:01:00,2026-08-10 19:08:00,SELL,4332.92,4335.29,4328.17,SL,-2.57,S422 SELL FTSMA regime flip,fast=4334.08 med=4334.77 slow=4340.14 ATR=1.58
2026-08-10 19:45:00,2026-08-10 19:48:00,SELL,4329.08,4331.89,4323.46,SL,-3.01,S422 SELL FTSMA regime flip,fast=4330.28 med=4330.76 slow=4336.25 ATR=1.87
2026-08-10 19:51:00,2026-08-10 19:54:00,SELL,4330.01,4332.72,4324.59,SL,-2.91,S422 SELL FTSMA regime flip,fast=4330.84 med=4331.11 slow=4336.04 ATR=1.81
2026-08-10 20:03:00,2026-08-10 20:06:00,SELL,4326.78,4330.26,4319.81,SL,-3.68,S422 SELL FTSMA regime flip,fast=4330.41 med=4331.08 slow=4335.88 ATR=2.32
2026-08-10 20:12:00,2026-08-10 20:23:00,BUY,4336.84,4332.88,4344.76,SL,-4.16,S422 BUY FTSMA regime flip,fast=4333.99 med=4332.15 slow=4335.68 ATR=2.64
2026-08-10 20:23:00,2026-08-10 20:27:00,SELL,4330.28,4333.73,4323.39,SL,-3.65,S422 SELL FTSMA regime flip,fast=4334.07 med=4335.10 slow=4335.73 ATR=2.30
2026-08-10 20:32:00,2026-08-10 20:33:00,SELL,4333.42,4337.28,4325.69,REV,-2.85,S422 SELL FTSMA regime flip,fast=4333.64 med=4333.64 slow=4335.49 ATR=2.58
2026-08-10 20:33:00,2026-08-10 20:44:00,BUY,4336.07,4332.12,4343.98,REV,-3.77,S422 BUY FTSMA regime flip,fast=4334.73 med=4333.78 slow=4335.50 ATR=2.64
2026-08-10 20:44:00,2026-08-10 20:53:00,SELL,4332.5,4336.94,4323.61,TP,8.69,S422 SELL FTSMA regime flip,fast=4335.19 med=4335.72 slow=4335.65 ATR=2.96
2026-08-10 21:05:00,2026-08-10 21:13:00,SELL,4323.34,4327.67,4314.68,SL,-4.53,S422 SELL FTSMA regime flip,fast=4323.55 med=4323.69 slow=4333.03 ATR=2.89
2026-08-10 21:18:00,2026-08-10 21:24:00,BUY,4333.19,4329.73,4340.12,TP,6.73,S422 BUY FTSMA regime flip,fast=4331.35 med=4329.02 slow=4332.04 ATR=2.31
2026-08-10 22:05:00,2026-08-10 22:10:00,BUY,4347.53,4344.78,4353.03,SL,-2.95,S422 BUY FTSMA regime flip,fast=4346.82 med=4346.33 slow=4338.08 ATR=1.83
2026-08-10 22:16:00,2026-08-10 22:52:00,BUY,4348.73,4344.96,4356.26,TP,7.33,S422 BUY FTSMA regime flip,fast=4347.28 med=4347.01 slow=4338.42 ATR=2.51
2026-08-11 00:00:00,2026-08-11 00:05:00,BUY,4357.02,4354.72,4361.61,SL,-2.5,S422 BUY FTSMA regime flip,fast=4354.98 med=4354.71 slow=4349.24 ATR=1.53
2026-08-11 00:11:00,2026-08-11 00:30:00,BUY,4356.77,4354.59,4361.14,TP,4.17,S422 BUY FTSMA regime flip,fast=4355.28 med=4354.91 slow=4349.81 ATR=1.46
2026-08-11 01:00:00,2026-08-11 01:02:00,BUY,4360.29,4358.6,4363.68,TP,3.19,S422 BUY FTSMA regime flip,fast=4359.92 med=4359.50 slow=4354.29 ATR=1.13
2026-08-11 01:21:00,2026-08-11 01:26:00,BUY,4363.18,4361.72,4366.1,TP,2.72,S422 BUY FTSMA regime flip,fast=4363.24 med=4363.10 slow=4355.88 ATR=0.97
2026-08-11 01:54:00,2026-08-11 02:06:00,BUY,4375.52,4372.4,4381.77,TP,6.05,S422 BUY FTSMA regime flip,fast=4376.36 med=4376.27 slow=4361.97 ATR=2.08
2026-08-11 02:19:00,2026-08-11 02:25:00,BUY,4382.62,4381.0,4385.86,TP,3.04,S422 BUY FTSMA regime flip,fast=4383.40 med=4383.04 slow=4365.89 ATR=1.08
2026-08-11 02:42:00,2026-08-11 03:10:00,BUY,4389.46,4386.04,4396.31,SL,-3.62,S422 BUY FTSMA regime flip,fast=4388.05 med=4387.74 slow=4370.48 ATR=2.28
2026-08-11 03:12:00,2026-08-11 03:19:00,BUY,4387.73,4385.94,4391.32,TP,3.39,S422 BUY FTSMA regime flip,fast=4388.52 med=4388.12 slow=4375.21 ATR=1.20
2026-08-11 03:30:00,2026-08-11 03:48:00,BUY,4391.21,4389.69,4394.24,SL,-1.72,S422 BUY FTSMA regime flip,fast=4389.99 med=4389.81 slow=4377.31 ATR=1.01
2026-08-11 03:54:00,2026-08-11 03:55:00,BUY,4390.1,4389.04,4392.22,SL,-1.26,S422 BUY FTSMA regime flip,fast=4390.08 med=4389.96 slow=4380.25 ATR=0.71
2026-08-11 06:36:00,2026-08-11 06:51:00,BUY,4397.49,4396.54,4399.39,SL,-1.15,S422 BUY FTSMA regime flip,fast=4396.35 med=4396.25 slow=4389.55 ATR=0.63
2026-08-11 07:45:00,2026-08-11 07:49:00,BUY,4414.13,4411.35,4419.69,SL,-2.98,S422 BUY FTSMA regime flip,fast=4411.49 med=4411.17 slow=4398.53 ATR=1.85
2026-08-11 08:02:00,2026-08-11 08:07:00,SELL,4399.21,4403.02,4391.59,SL,-4.01,S422 SELL FTSMA regime flip,fast=4404.92 med=4410.05 slow=4400.16 ATR=2.54
2026-08-11 08:10:00,2026-08-11 08:34:00,BUY,4408.67,4402.39,4421.23,TP,12.36,S422 BUY FTSMA regime flip,fast=4406.18 med=4405.75 slow=4400.01 ATR=4.19
2026-08-11 08:49:00,2026-08-11 08:56:00,BUY,4423.96,4419.59,4432.71,TP,8.55,S422 BUY FTSMA regime flip,fast=4419.28 med=4418.98 slow=4406.42 ATR=2.92
2026-08-11 09:13:00,2026-08-11 09:34:00,BUY,4429.03,4424.8,4437.5,SL,-4.43,S422 BUY FTSMA regime flip,fast=4426.38 med=4425.54 slow=4410.94 ATR=2.82
2026-08-11 09:51:00,2026-08-11 10:14:00,SELL,4413.76,4417.39,4406.49,REV,-0.14,S422 SELL FTSMA regime flip,fast=4413.62 med=4418.09 slow=4414.29 ATR=2.42
2026-08-11 10:14:00,2026-08-11 10:27:00,BUY,4413.7,4410.83,4419.45,TP,5.55,S422 BUY FTSMA regime flip,fast=4413.20 med=4413.18 slow=4413.30 ATR=1.92
2026-08-11 10:47:00,2026-08-11 10:54:00,SELL,4415.68,4417.83,4411.37,SL,-2.35,S422 SELL FTSMA regime flip,fast=4417.01 med=4418.30 slow=4415.65 ATR=1.44
2026-08-11 10:56:00,2026-08-11 11:08:00,BUY,4417.39,4414.74,4422.7,SL,-2.85,S422 BUY FTSMA regime flip,fast=4417.09 med=4416.85 slow=4415.63 ATR=1.77
2026-08-11 11:08:00,2026-08-11 11:22:00,SELL,4415.17,4417.23,4411.06,TP,3.91,S422 SELL FTSMA regime flip,fast=4416.68 med=4417.87 slow=4415.60 ATR=1.37
2026-08-11 11:27:00,2026-08-11 11:29:00,SELL,4411.84,4414.13,4407.26,SL,-2.49,S422 SELL FTSMA regime flip,fast=4412.47 med=4412.60 slow=4414.92 ATR=1.53
2026-08-11 11:29:00,2026-08-11 11:31:00,BUY,4415.23,4412.71,4420.27,SL,-2.72,S422 BUY FTSMA regime flip,fast=4412.99 med=4412.78 slow=4414.89 ATR=1.68
2026-08-11 11:31:00,2026-08-11 11:32:00,SELL,4412.77,4415.34,4407.63,SL,-2.77,S422 SELL FTSMA regime flip,fast=4413.04 med=4413.10 slow=4414.86 ATR=1.71
2026-08-11 11:32:00,2026-08-11 11:36:00,BUY,4416.16,4413.08,4422.31,SL,-3.28,S422 BUY FTSMA regime flip,fast=4413.86 med=4413.49 slow=4414.88 ATR=2.05
2026-08-11 11:37:00,2026-08-11 11:56:00,SELL,4412.66,4416.53,4404.92,TP,7.54,S422 SELL FTSMA regime flip,fast=4414.43 med=4415.04 slow=4414.95 ATR=2.58
2026-08-11 13:15:00,2026-08-11 13:30:00,SELL,4372.86,4376.95,4364.68,TP,7.98,S422 SELL FTSMA regime flip,fast=4376.09 med=4378.21 slow=4397.59 ATR=2.73
2026-08-11 13:30:00,2026-08-11 13:41:00,SELL,4363.55,4368.51,4353.63,SL,-5.16,S422 SELL FTSMA regime flip,fast=4369.94 med=4371.18 slow=4394.68 ATR=3.31
2026-08-11 14:04:00,2026-08-11 14:05:00,SELL,4362.11,4365.43,4355.46,SL,-3.52,S422 SELL FTSMA regime flip,fast=4363.64 med=4363.87 slow=4385.65 ATR=2.22
2026-08-11 14:11:00,2026-08-11 14:27:00,SELL,4362.38,4365.86,4355.43,SL,-3.68,S422 SELL FTSMA regime flip,fast=4362.89 med=4362.98 slow=4384.30 ATR=2.32
2026-08-11 14:33:00,2026-08-11 15:06:00,SELL,4361.42,4364.79,4354.67,SL,-3.57,S422 SELL FTSMA regime flip,fast=4362.30 med=4362.39 slow=4379.98 ATR=2.25
2026-08-11 15:18:00,2026-08-11 15:21:00,SELL,4361.52,4363.78,4356.99,SL,-2.46,S422 SELL FTSMA regime flip,fast=4363.73 med=4363.86 slow=4373.50 ATR=1.51
2026-08-11 15:38:00,2026-08-11 15:59:00,BUY,4373.05,4370.44,4378.27,SL,-2.81,S422 BUY FTSMA regime flip,fast=4372.74 med=4369.44 slow=4372.75 ATR=1.74
2026-08-11 15:59:00,2026-08-11 16:12:00,SELL,4370.36,4372.54,4366.0,SL,-2.38,S422 SELL FTSMA regime flip,fast=4371.48 med=4371.65 slow=4373.20 ATR=1.45
2026-08-11 16:16:00,2026-08-11 16:26:00,BUY,4372.54,4370.38,4376.86,REV,-0.8,S422 BUY FTSMA regime flip,fast=4373.13 med=4372.48 slow=4372.51 ATR=1.44
2026-08-11 16:26:00,2026-08-11 16:28:00,SELL,4371.94,4374.29,4367.23,SL,-2.55,S422 SELL FTSMA regime flip,fast=4372.44 med=4372.90 slow=4372.29 ATR=1.57
2026-08-11 16:28:00,2026-08-11 16:30:00,BUY,4374.9,4372.25,4380.2,SL,-2.85,S422 BUY FTSMA regime flip,fast=4373.16 med=4372.84 slow=4372.30 ATR=1.77
2026-08-11 16:32:00,2026-08-11 16:44:00,BUY,4373.94,4370.65,4380.52,REV,-2.1,S422 BUY FTSMA regime flip,fast=4373.04 med=4372.33 slow=4372.31 ATR=2.19
2026-08-11 16:44:00,2026-08-11 17:01:00,SELL,4372.04,4374.82,4366.48,REV,-1.58,S422 SELL FTSMA regime flip,fast=4372.47 med=4372.63 slow=4372.60 ATR=1.85
2026-08-11 17:01:00,2026-08-11 17:03:00,BUY,4373.42,4371.61,4377.05,SL,-2.01,S422 BUY FTSMA regime flip,fast=4372.94 med=4372.65 slow=4372.52 ATR=1.21
2026-08-11 17:04:00,2026-08-11 17:05:00,BUY,4372.59,4370.65,4376.47,REV,-0.5,S422 BUY FTSMA regime flip,fast=4372.62 med=4372.58 slow=4372.48 ATR=1.29
2026-08-11 17:05:00,2026-08-11 17:06:00,SELL,4372.29,4374.14,4368.59,REV,-1.35,S422 SELL FTSMA regime flip,fast=4372.52 med=4372.55 slow=4372.47 ATR=1.23
2026-08-11 17:06:00,2026-08-11 17:20:00,BUY,4373.44,4371.5,4377.32,REV,-1.19,S422 BUY FTSMA regime flip,fast=4372.78 med=4372.63 slow=4372.47 ATR=1.29
2026-08-11 17:20:00,2026-08-11 17:23:00,SELL,4372.45,4374.4,4368.54,SL,-2.15,S422 SELL FTSMA regime flip,fast=4373.54 med=4373.55 slow=4372.64 ATR=1.30
2026-08-11 17:23:00,2026-08-11 17:26:00,BUY,4375.97,4373.97,4379.98,TP,3.81,S422 BUY FTSMA regime flip,fast=4374.24 med=4373.65 slow=4372.70 ATR=1.33
2026-08-11 17:47:00,2026-08-11 18:02:00,BUY,4379.74,4378.17,4382.88,TP,2.94,S422 BUY FTSMA regime flip,fast=4378.35 med=4378.14 slow=4374.30 ATR=1.05
2026-08-11 18:28:00,2026-08-11 18:40:00,BUY,4386.86,4384.25,4392.08,SL,-2.81,S422 BUY FTSMA regime flip,fast=4387.01 med=4386.88 slow=4378.91 ATR=1.74
2026-08-11 18:49:00,2026-08-11 19:03:00,BUY,4386.74,4384.37,4391.48,SL,-2.57,S422 BUY FTSMA regime flip,fast=4387.31 med=4387.20 slow=4379.70 ATR=1.58
2026-08-11 19:06:00,2026-08-11 19:14:00,BUY,4389.87,4386.54,4396.53,TP,6.46,S422 BUY FTSMA regime flip,fast=4386.14 med=4386.11 slow=4380.70 ATR=2.22
2026-08-11 19:33:00,2026-08-11 19:35:00,BUY,4394.64,4389.89,4404.13,SL,-4.95,S422 BUY FTSMA regime flip,fast=4393.29 med=4392.15 slow=4384.27 ATR=3.16
2026-08-11 20:01:00,2026-08-11 20:05:00,BUY,4396.96,4393.86,4403.16,SL,-3.3,S422 BUY FTSMA regime flip,fast=4394.90 med=4394.68 slow=4386.43 ATR=2.07
2026-08-11 20:23:00,2026-08-11 20:26:00,BUY,4400.54,4396.4,4408.83,SL,-4.34,S422 BUY FTSMA regime flip,fast=4397.39 med=4396.72 slow=4388.47 ATR=2.76
2026-08-11 20:41:00,2026-08-11 20:49:00,BUY,4401.28,4396.12,4411.6,SL,-5.36,S422 BUY FTSMA regime flip,fast=4396.94 med=4396.33 slow=4389.76 ATR=3.44
2026-08-11 20:54:00,2026-08-11 20:57:00,SELL,4388.93,4394.2,4378.39,SL,-5.47,S422 SELL FTSMA regime flip,fast=4391.67 med=4395.77 slow=4390.61 ATR=3.51
2026-08-11 20:59:00,2026-08-11 21:35:00,SELL,4389.04,4394.98,4377.15,REV,-1.86,S422 SELL FTSMA regime flip,fast=4389.05 med=4393.16 slow=4390.54 ATR=3.96
2026-08-11 21:35:00,2026-08-11 22:09:00,BUY,4390.7,4386.6,4398.91,REV,-0.09,S422 BUY FTSMA regime flip,fast=4387.89 med=4385.84 slow=4388.58 ATR=2.74
2026-08-11 22:09:00,2026-08-11 22:14:00,SELL,4390.81,4393.87,4384.69,SL,-3.26,S422 SELL FTSMA regime flip,fast=4393.68 med=4394.73 slow=4391.22 ATR=2.04
2026-08-11 22:16:00,2026-08-11 22:19:00,SELL,4390.46,4393.52,4384.34,TP,5.92,S422 SELL FTSMA regime flip,fast=4391.11 med=4393.54 slow=4391.21 ATR=2.04
2026-08-11 23:05:00,2026-08-11 23:36:00,SELL,4380.79,4383.71,4374.96,SL,-3.12,S422 SELL FTSMA regime flip,fast=4381.34 med=4381.49 slow=4386.17 ATR=1.94
2026-08-11 23:51:00,2026-08-11 23:58:00,SELL,4382.33,4384.02,4378.96,SL,-1.89,S422 SELL FTSMA regime flip,fast=4382.88 med=4382.99 slow=4385.24 ATR=1.12
2026-08-12 00:13:00,2026-08-12 00:33:00,SELL,4382.43,4384.68,4377.94,TP,4.29,S422 SELL FTSMA regime flip,fast=4383.16 med=4383.64 slow=4384.83 ATR=1.50
2026-08-12 01:21:00,2026-08-12 01:35:00,SELL,4363.86,4366.74,4358.1,SL,-3.08,S422 SELL FTSMA regime flip,fast=4364.99 med=4365.52 slow=4377.98 ATR=1.92
2026-08-12 01:56:00,2026-08-12 02:01:00,SELL,4370.39,4371.86,4367.45,SL,-1.67,S422 SELL FTSMA regime flip,fast=4371.04 med=4371.18 slow=4376.07 ATR=0.98
2026-08-12 02:05:00,2026-08-12 02:17:00,SELL,4367.03,4368.84,4363.41,TP,3.42,S422 SELL FTSMA regime flip,fast=4370.46 med=4370.51 slow=4375.78 ATR=1.21
2026-08-12 02:33:00,2026-08-12 02:36:00,BUY,4372.93,4370.3,4378.19,SL,-2.83,S422 BUY FTSMA regime flip,fast=4371.46 med=4369.03 slow=4372.84 ATR=1.75
2026-08-12 02:38:00,2026-08-12 02:57:00,SELL,4368.64,4371.21,4363.5,SL,-2.77,S422 SELL FTSMA regime flip,fast=4369.36 med=4369.49 slow=4372.73 ATR=1.71
2026-08-12 02:59:00,2026-08-12 03:00:00,BUY,4372.85,4370.5,4377.55,SL,-2.55,S422 BUY FTSMA regime flip,fast=4371.89 med=4369.38 slow=4372.52 ATR=1.57
2026-08-12 03:03:00,2026-08-12 05:03:00,SELL,4368.88,4371.35,4363.95,SL,-2.67,S422 SELL FTSMA regime flip,fast=4369.96 med=4370.36 slow=4372.45 ATR=1.64
2026-08-12 05:03:00,2026-08-12 05:04:00,BUY,4371.76,4370.58,4374.13,SL,-1.38,S422 BUY FTSMA regime flip,fast=4369.49 med=4368.13 slow=4370.72 ATR=0.79
2026-08-12 05:48:00,2026-08-12 05:50:00,BUY,4377.19,4375.88,4379.81,SL,-1.51,S422 BUY FTSMA regime flip,fast=4377.21 med=4377.06 slow=4372.96 ATR=0.87
2026-08-12 05:52:00,2026-08-12 05:53:00,SELL,4371.41,4373.24,4367.76,SL,-2.03,S422 SELL FTSMA regime flip,fast=4374.72 med=4376.07 slow=4372.94 ATR=1.22
2026-08-12 05:56:00,2026-08-12 06:03:00,SELL,4371.87,4374.52,4366.58,TP,5.09,S422 SELL FTSMA regime flip,fast=4373.31 med=4374.76 slow=4372.84 ATR=1.76
2026-08-12 06:19:00,2026-08-12 06:28:00,BUY,4371.32,4367.28,4379.39,REV,-1.38,S422 BUY FTSMA regime flip,fast=4369.61 med=4368.45 slow=4371.07 ATR=2.69
2026-08-12 06:28:00,2026-08-12 06:29:00,SELL,4370.14,4373.34,4363.75,REV,-2.83,S422 SELL FTSMA regime flip,fast=4370.91 med=4371.00 slow=4371.12 ATR=2.13
2026-08-12 06:29:00,2026-08-12 06:33:00,BUY,4372.77,4369.4,4379.51,SL,-3.57,S422 BUY FTSMA regime flip,fast=4371.41 med=4371.19 slow=4371.16 ATR=2.25
2026-08-12 06:33:00,2026-08-12 06:59:00,SELL,4368.46,4371.46,4362.46,SL,-3.2,S422 SELL FTSMA regime flip,fast=4370.43 med=4370.98 slow=4371.27 ATR=2.00
2026-08-12 07:01:00,2026-08-12 07:04:00,SELL,4368.85,4370.39,4365.77,SL,-1.74,S422 SELL FTSMA regime flip,fast=4370.34 med=4371.05 slow=4371.06 ATR=1.03
2026-08-12 07:10:00,2026-08-12 07:14:00,BUY,4370.93,4368.31,4376.16,TP,5.03,S422 BUY FTSMA regime flip,fast=4370.69 med=4369.92 slow=4370.85 ATR=1.75
2026-08-12 08:02:00,2026-08-12 08:04:00,BUY,4379.89,4377.26,4385.15,TP,5.06,S422 BUY FTSMA regime flip,fast=4380.41 med=4380.31 slow=4374.84 ATR=1.75
2026-08-12 08:43:00,2026-08-12 08:51:00,BUY,4390.56,4387.6,4396.48,TP,5.72,S422 BUY FTSMA regime flip,fast=4388.13 med=4388.06 slow=4379.67 ATR=1.97
2026-08-12 09:02:00,2026-08-12 09:14:00,BUY,4396.25,4393.78,4401.2,TP,4.75,S422 BUY FTSMA regime flip,fast=4394.92 med=4394.84 slow=4382.03 ATR=1.65
2026-08-12 09:41:00,2026-08-12 09:43:00,BUY,4401.6,4399.41,4405.98,TP,4.18,S422 BUY FTSMA regime flip,fast=4399.97 med=4399.35 slow=4388.03 ATR=1.46
2026-08-12 10:32:00,2026-08-12 10:38:00,BUY,4407.01,4404.89,4411.25,SL,-2.32,S422 BUY FTSMA regime flip,fast=4408.72 med=4408.41 slow=4396.49 ATR=1.41
2026-08-12 10:53:00,2026-08-12 10:55:00,BUY,4403.36,4401.71,4406.66,SL,-1.85,S422 BUY FTSMA regime flip,fast=4403.30 med=4403.06 slow=4397.25 ATR=1.10
2026-08-12 11:13:00,2026-08-12 11:27:00,SELL,4397.38,4398.86,4394.43,REV,-1.06,S422 SELL FTSMA regime flip,fast=4398.90 med=4401.05 slow=4398.05 ATR=0.98
2026-08-12 11:27:00,2026-08-12 11:32:00,BUY,4398.24,4396.8,4401.12,REV,-0.6,S422 BUY FTSMA regime flip,fast=4397.80 med=4397.69 slow=4397.89 ATR=0.96
2026-08-12 11:32:00,2026-08-12 11:35:00,SELL,4397.84,4399.11,4395.29,SL,-1.47,S422 SELL FTSMA regime flip,fast=4398.21 med=4398.30 slow=4397.90 ATR=0.85
2026-08-12 11:41:00,2026-08-12 11:43:00,SELL,4396.22,4397.96,4392.73,SL,-1.94,S422 SELL FTSMA regime flip,fast=4397.81 med=4398.96 slow=4397.98 ATR=1.16
2026-08-12 11:45:00,2026-08-12 12:10:00,BUY,4400.06,4398.13,4403.93,TP,3.67,S422 BUY FTSMA regime flip,fast=4398.87 med=4398.77 slow=4398.04 ATR=1.29
2026-08-12 12:16:00,2026-08-12 12:23:00,SELL,4399.27,4401.32,4395.17,TP,3.9,S422 SELL FTSMA regime flip,fast=4401.98 med=4402.29 slow=4399.39 ATR=1.37
2026-08-12 13:05:00,2026-08-12 13:38:00,SELL,4387.97,4391.05,4381.81,SL,-3.28,S422 SELL FTSMA regime flip,fast=4388.72 med=4389.17 slow=4395.59 ATR=2.05
2026-08-12 13:41:00,2026-08-12 13:45:00,BUY,4396.81,4394.16,4402.1,SL,-2.85,S422 BUY FTSMA regime flip,fast=4395.05 med=4391.62 slow=4394.17 ATR=1.76
2026-08-12 14:29:00,2026-08-12 14:35:00,BUY,4401.94,4400.34,4405.13,TP,2.99,S422 BUY FTSMA regime flip,fast=4401.29 med=4401.18 slow=4397.11 ATR=1.06
2026-08-12 15:25:00,2026-08-12 15:27:00,BUY,4408.21,4406.57,4411.48,SL,-1.84,S422 BUY FTSMA regime flip,fast=4408.44 med=4408.42 slow=4401.41 ATR=1.09
2026-08-12 15:32:00,2026-08-12 15:42:00,BUY,4406.58,4404.69,4410.36,SL,-2.09,S422 BUY FTSMA regime flip,fast=4407.25 med=4407.24 slow=4401.68 ATR=1.26
2026-08-12 15:58:00,2026-08-12 16:03:00,SELL,4402.04,4403.64,4398.83,SL,-1.8,S422 SELL FTSMA regime flip,fast=4402.63 med=4404.06 slow=4402.11 ATR=1.07
2026-08-12 16:04:00,2026-08-12 16:11:00,BUY,4407.45,4405.63,4411.08,TP,3.43,S422 BUY FTSMA regime flip,fast=4404.77 med=4403.93 slow=4402.16 ATR=1.21
2026-08-12 16:38:00,2026-08-12 16:53:00,BUY,4415.98,4412.27,4423.4,SL,-3.91,S422 BUY FTSMA regime flip,fast=4414.30 med=4413.90 slow=4406.43 ATR=2.47
2026-08-12 17:00:00,2026-08-12 17:40:00,BUY,4416.01,4413.49,4421.05,SL,-2.72,S422 BUY FTSMA regime flip,fast=4414.68 med=4414.59 slow=4407.46 ATR=1.68
2026-08-12 17:50:00,2026-08-12 17:56:00,SELL,4409.41,4411.71,4404.81,SL,-2.5,S422 SELL FTSMA regime flip,fast=4413.30 med=4414.91 slow=4411.14 ATR=1.53
2026-08-12 18:03:00,2026-08-12 18:06:00,BUY,4413.07,4410.32,4418.57,SL,-2.95,S422 BUY FTSMA regime flip,fast=4412.79 med=4412.72 slow=4410.75 ATR=1.83
2026-08-12 18:06:00,2026-08-12 18:24:00,SELL,4410.4,4412.56,4406.07,REV,-0.81,S422 SELL FTSMA regime flip,fast=4411.64 med=4412.38 slow=4410.71 ATR=1.44
2026-08-12 18:24:00,2026-08-12 18:30:00,BUY,4411.01,4409.33,4414.37,TP,3.16,S422 BUY FTSMA regime flip,fast=4410.46 med=4409.68 slow=4410.59 ATR=1.12
2026-08-12 18:38:00,2026-08-12 18:41:00,SELL,4410.86,4413.19,4406.2,SL,-2.53,S422 SELL FTSMA regime flip,fast=4412.00 med=4413.16 slow=4411.18 ATR=1.55
2026-08-12 18:46:00,2026-08-12 19:02:00,BUY,4413.99,4412.01,4417.96,SL,-2.18,S422 BUY FTSMA regime flip,fast=4413.59 med=4413.04 slow=4411.45 ATR=1.32
2026-08-12 19:02:00,2026-08-12 19:05:00,SELL,4411.27,4412.89,4408.02,TP,3.05,S422 SELL FTSMA regime flip,fast=4412.00 med=4413.34 slow=4411.86 ATR=1.08
2026-08-12 19:22:00,2026-08-12 19:28:00,SELL,4407.84,4410.48,4402.57,SL,-2.84,S422 SELL FTSMA regime flip,fast=4408.18 med=4408.37 slow=4410.83 ATR=1.76
2026-08-12 19:29:00,2026-08-12 19:30:00,BUY,4415.43,4411.76,4422.77,TP,7.14,S422 BUY FTSMA regime flip,fast=4410.74 med=4409.49 slow=4410.63 ATR=2.45
2026-08-12 19:31:00,2026-08-12 19:32:00,SELL,4394.75,4404.65,4374.96,SL,-10.1,S422 SELL FTSMA regime flip,fast=4408.36 med=4409.61 slow=4410.60 ATR=6.60
2026-08-12 19:33:00,2026-08-12 20:25:00,BUY,4417.33,4404.17,4443.64,REV,-0.3,S422 BUY FTSMA regime flip,fast=4411.50 med=4410.41 slow=4410.64 ATR=8.77
2026-08-12 20:25:00,2026-08-12 20:46:00,SELL,4417.23,4422.51,4406.67,REV,-2.93,S422 SELL FTSMA regime flip,fast=4422.31 med=4423.96 slow=4417.66 ATR=3.52
2026-08-12 20:46:00,2026-08-12 20:55:00,BUY,4419.96,4413.05,4433.78,TP,13.62,S422 BUY FTSMA regime flip,fast=4418.17 med=4417.13 slow=4416.29 ATR=4.61
2026-08-12 21:08:00,2026-08-12 21:22:00,BUY,4428.38,4423.4,4438.34,TP,9.76,S422 BUY FTSMA regime flip,fast=4426.49 med=4426.16 slow=4419.42 ATR=3.32
2026-08-12 21:35:00,2026-08-12 21:46:00,SELL,4420.75,4426.52,4409.21,SL,-5.97,S422 SELL FTSMA regime flip,fast=4427.17 med=4431.72 slow=4422.99 ATR=3.85
2026-08-12 21:46:00,2026-08-12 21:48:00,BUY,4428.54,4423.25,4439.12,SL,-5.49,S422 BUY FTSMA regime flip,fast=4423.35 med=4422.39 slow=4422.19 ATR=3.53
2026-08-12 21:51:00,2026-08-12 22:10:00,SELL,4421.74,4426.62,4411.97,REV,-0.03,S422 SELL FTSMA regime flip,fast=4422.49 med=4423.24 slow=4421.98 ATR=3.25
2026-08-12 22:10:00,2026-08-12 22:29:00,BUY,4421.57,4417.26,4430.18,REV,-0.21,S422 BUY FTSMA regime flip,fast=4421.05 med=4419.35 slow=4421.12 ATR=2.87
2026-08-12 22:29:00,2026-08-12 22:31:00,SELL,4421.56,4424.99,4414.7,SL,-3.63,S422 SELL FTSMA regime flip,fast=4423.31 med=4424.90 slow=4422.49 ATR=2.29
