Pattern,TF,Time (BKK),Type,Limit_Price,Entry,SL,TP,be_trig,be_act,RSI,ATR,Lot,dist_sma50,dist_sma200,body,range,Bars_Waited,Reason,P&L,CloseTime (BKK),Balance,Date,Month
FollowDiv,H1,2025-03-19 04:00,SELL,3038.25,3038.25,3050.91,2978.46,3014.33,False,52.96,5.46,0.01,0.85,,2.96,6.74,4,SL,-12.66,2025-03-19 20:00,9987.34,2025-03-19,2025-03
FollowDiv,H1,2025-03-27 15:00,SELL,3057.4,3057.4,3071.6,2997.72,3033.53,False,72.27,9.05,0.01,1.03,1.12,16.89,18.87,124,SL,-14.2,2025-03-28 02:00,9973.14,2025-03-28,2025-03
FollowDiv,H1,2025-03-27 15:00,SELL,3055.77,3055.77,3069.68,2976.82,3024.19,False,72.27,9.05,0.01,1.03,1.12,16.89,18.87,2,SL,-13.91,2025-03-28 02:00,9959.23,2025-03-28,2025-03
Div,H1,2025-03-28 15:00,SELL,3085.97,3085.97,3103.25,3023.72,3061.07,False,56.52,9.38,0.01,0.75,1.25,13.12,18.72,1,SL,-17.28,2025-03-31 04:00,9941.95,2025-03-31,2025-03
FollowDiv,H1,2025-04-07 18:00,BUY,2971.11,2971.11,2904.39,3280.29,3094.78,False,28.04,20.06,0.01,-2.92,-3.55,17.01,17.86,15,TP,309.18,2025-04-16 04:00,10251.13,2025-04-16,2025-04
FollowDiv,H1,2025-04-07 18:00,BUY,2971.11,2971.11,2910.65,3276.42,3093.23,False,28.04,20.06,0.01,-2.92,-3.55,17.01,17.86,12,TP,305.31,2025-04-16 04:00,10556.44,2025-04-16,2025-04
FollowDiv,H1,2025-04-09 21:00,SELL,3094.81,3094.81,3137.35,2914.73,3022.78,False,70.09,23.48,0.01,2.65,0.57,26.72,35.34,2,SL,-42.54,2025-04-10 16:00,10513.9,2025-04-10,2025-04
Div,H1,2025-04-10 14:00,SELL,3132.43,3132.43,3168.74,2974.23,3069.15,False,73.14,15.03,0.01,2.32,1.41,1.53,17.3,4,SL,-36.31,2025-04-10 17:00,10477.59,2025-04-10,2025-04
Div,H1,2025-04-10 14:00,SELL,3132.43,3132.43,3167.26,2975.14,3069.51,False,73.14,15.03,0.01,2.32,1.41,1.53,17.3,3,SL,-34.83,2025-04-10 17:00,10442.76,2025-04-10,2025-04
Div,H1,2025-04-10 14:00,SELL,3132.43,3132.43,3162.7,2977.95,3070.64,False,73.14,15.03,0.01,2.32,1.41,1.53,17.3,1,SL,-30.27,2025-04-10 17:00,10412.49,2025-04-10,2025-04
Div,H1,2025-04-10 15:00,SELL,3132.43,3132.43,3162.48,3026.63,3090.11,False,66.39,15.81,0.01,2.05,1.21,6.06,20.41,1,SL,-30.05,2025-04-10 17:00,10382.44,2025-04-10,2025-04
Div,H1,2025-04-10 16:00,SELL,3133.68,3133.68,3165.31,3024.88,3090.16,False,74.06,17.09,0.01,3.18,2.41,37.56,37.82,1,SL,-31.63,2025-04-10 17:00,10350.81,2025-04-10,2025-04
Div,H1,2025-04-10 17:00,SELL,3136.59,3136.59,3170.77,3021.51,3090.56,False,76.66,16.98,0.01,3.19,2.52,3.52,20.47,1,SL,-34.18,2025-04-10 17:00,10316.630000000001,2025-04-10,2025-04
Div,H1,2025-04-10 18:00,SELL,3154.7,3154.7,3188.65,3010.46,3097.0,False,70.47,16.02,0.01,3.11,2.52,0.36,13.07,1,SL,-33.95,2025-04-11 00:00,10282.68,2025-04-11,2025-04
Div,H1,2025-04-10 20:00,SELL,3174.93,3174.93,3206.96,2999.14,3104.61,False,73.08,16.48,0.01,3.38,2.97,10.6,17.54,2,SL,-32.03,2025-04-11 02:00,10250.65,2025-04-11,2025-04
Div,H1,2025-04-10 20:00,SELL,3174.93,3174.93,3206.56,2999.39,3104.71,False,73.08,16.48,0.01,3.38,2.97,10.6,17.54,1,SL,-31.63,2025-04-11 02:00,10219.02,2025-04-11,2025-04
Div,H1,2025-04-10 21:00,SELL,3174.93,3174.93,3207.89,2998.57,3104.38,False,73.41,15.68,0.01,3.19,2.87,2.44,8.38,1,SL,-32.96,2025-04-11 02:00,10186.06,2025-04-11,2025-04
Div,H1,2025-04-10 22:00,SELL,3175.59,3175.59,3206.95,2999.15,3105.01,False,74.84,15.71,0.01,3.23,3.02,4.96,7.87,1,SL,-31.36,2025-04-11 02:00,10154.7,2025-04-11,2025-04
Div,H1,2025-04-11 00:00,SELL,3176.34,3176.34,3207.75,3038.89,3121.36,False,87.21,15.52,0.01,3.52,3.43,9.57,13.07,1,SL,-31.41,2025-04-11 02:00,10123.29,2025-04-11,2025-04
Div,H1,2025-04-11 01:00,SELL,3176.39,3176.39,3207.42,3039.1,3121.47,False,90.33,15.33,0.01,3.39,3.41,0.11,8.32,1,SL,-31.03,2025-04-11 02:00,10092.26,2025-04-11,2025-04
Div/FollowDiv,H1,2025-04-11 10:00,SELL,3219.92,3219.92,3251.65,3011.76,3136.66,False,76.17,16.17,0.01,2.96,4.13,3.52,18.99,4,SL,-31.73,2025-04-16 00:00,10060.53,2025-04-16,2025-04
Div,H1,2025-04-11 10:00,SELL,3219.92,3219.92,3250.85,3012.26,3136.86,False,76.17,16.17,0.01,2.96,4.13,3.52,18.99,3,SL,-30.93,2025-04-16 00:00,10029.6,2025-04-16,2025-04
Div,H1,2025-04-11 10:00,SELL,3219.92,3219.92,3250.69,3012.36,3136.9,False,76.17,16.17,0.01,2.96,4.13,3.52,18.99,2,SL,-30.77,2025-04-16 00:00,9998.83,2025-04-16,2025-04
Div,H1,2025-04-11 10:00,SELL,3219.92,3219.92,3251.55,3011.83,3136.68,False,76.17,16.17,0.01,2.96,4.13,3.52,18.99,1,SL,-31.63,2025-04-16 00:00,9967.2,2025-04-16,2025-04
FollowDiv,H1,2025-04-11 14:00,SELL,3230.02,3230.02,3265.23,3081.41,3170.57,False,68.89,18.62,0.01,3.04,4.64,19.91,22.96,2,SL,-35.21,2025-04-16 01:00,9931.99,2025-04-16,2025-04
FollowDiv,H1,2025-04-21 20:00,SELL,3430.28,3430.28,3457.46,3315.19,3384.24,False,73.0,14.19,0.01,2.0,6.86,2.99,13.02,3,SL,-27.18,2025-04-22 03:00,9904.81,2025-04-22,2025-04
FollowDiv,H1,2025-04-23 14:00,BUY,3291.59,3291.59,3240.45,3660.55,3439.17,False,36.92,25.92,0.01,-3.58,0.01,33.2,42.38,3,SL,-51.14,2025-05-01 02:00,9853.67,2025-05-01,2025-05
Div,H1,2025-04-23 16:00,BUY,3271.28,3271.28,3219.47,3489.92,3358.74,False,25.4,25.71,0.01,-3.37,0.04,7.05,25.22,1,SL,-51.81,2025-05-01 10:00,9801.86,2025-05-01,2025-05
Div,H1,2025-05-01 01:00,BUY,3260.14,3260.14,3208.72,3496.56,3354.71,False,34.03,16.95,0.01,-1.91,-2.72,26.43,34.97,117,SL,-51.42,2025-05-01 12:00,9750.44,2025-05-01,2025-05
FollowDiv,H1,2025-05-01 10:00,BUY,3221.24,3221.24,3190.52,3399.52,3292.55,False,14.48,15.01,0.01,-2.21,-3.42,16.54,20.39,4,TP,178.28,2025-05-06 16:00,9928.72,2025-05-06,2025-05
Div,H1,2025-05-05 09:00,SELL,3272.33,3272.33,3295.55,3177.92,3234.57,False,78.36,12.06,0.01,1.26,-0.58,17.85,19.81,1,SL,-23.22,2025-05-05 10:00,9905.5,2025-05-05,2025-05
Div,H1,2025-05-05 10:00,SELL,3272.33,3272.33,3296.45,3177.37,3234.35,False,81.86,12.81,0.01,2.02,0.23,26.13,26.73,1,SL,-24.12,2025-05-05 10:00,9881.38,2025-05-05,2025-05
Div,H1,2025-05-05 11:00,SELL,3282.95,3282.95,3308.58,3169.87,3237.72,False,86.02,12.96,0.01,2.1,0.39,4.47,10.04,1,SL,-25.63,2025-05-05 11:00,9855.75,2025-05-05,2025-05
Div,H1,2025-05-05 12:00,SELL,3308.96,3308.96,3334.88,3153.62,3246.82,False,84.81,12.92,0.01,2.04,0.4,0.34,7.66,1,SL,-25.92,2025-05-05 20:00,9829.83,2025-05-05,2025-05
Div,H1,2025-05-05 13:00,SELL,3318.58,3318.58,3344.42,3147.72,3250.24,False,84.69,13.01,0.01,2.2,0.62,6.86,9.87,1,SL,-25.84,2025-05-06 02:00,9803.99,2025-05-06,2025-05
Div,H1,2025-05-05 14:00,SELL,3318.97,3318.97,3344.99,3147.37,3250.33,False,80.61,12.71,0.01,2.02,0.52,4.1,9.27,1,SL,-26.02,2025-05-06 02:00,9777.97,2025-05-06,2025-05
Div,H1,2025-05-05 15:00,SELL,3322.55,3322.55,3347.96,3145.53,3251.74,False,79.54,13.53,0.01,1.88,0.45,2.86,18.94,1,SL,-25.41,2025-05-06 02:00,9752.56,2025-05-06,2025-05
Div,H1,2025-05-05 19:00,SELL,3322.55,3322.55,3349.61,3144.51,3251.33,False,88.3,11.68,0.01,1.96,0.83,6.07,9.65,4,SL,-27.06,2025-05-06 02:00,9725.5,2025-05-06,2025-05
Div,H1,2025-05-05 20:00,SELL,3328.84,3328.84,3353.64,3142.02,3254.11,False,88.6,12.17,0.01,2.07,1.01,5.54,14.75,4,SL,-24.8,2025-05-06 02:00,9700.7,2025-05-06,2025-05
Div,H1,2025-05-05 20:00,SELL,3328.84,3328.84,3352.94,3142.45,3254.29,False,88.6,12.17,0.01,2.07,1.01,5.54,14.75,3,SL,-24.1,2025-05-06 02:00,9676.6,2025-05-06,2025-05
FollowDiv,H1,2025-05-06 16:00,SELL,3397.57,3397.57,3432.41,3256.1,3340.98,False,59.74,14.73,0.01,2.63,2.94,8.84,14.51,1,SL,-34.84,2025-05-06 21:00,9641.76,2025-05-06,2025-05
Div,H1,2025-05-08 03:00,SELL,3398.05,3398.05,3428.65,3323.62,3368.28,False,55.49,14.49,0.01,0.6,2.82,6.69,12.8,1,TP,74.43,2025-05-08 07:00,9716.19,2025-05-08,2025-05
FollowDiv,H1,2025-05-14 13:00,BUY,3207.78,3207.78,3166.83,3459.02,3308.28,False,22.57,13.21,0.01,-1.61,-3.47,35.36,38.35,45,SL,-40.95,2025-05-15 03:00,9675.24,2025-05-15,2025-05
Div,H1,2025-05-15 03:00,BUY,3167.98,3167.98,3138.39,3308.98,3224.38,False,21.87,16.13,0.01,-2.21,-4.32,18.34,25.57,1,SL,-29.59,2025-05-15 05:00,9645.65,2025-05-15,2025-05
Div,H1,2025-05-15 04:00,BUY,3167.98,3167.98,3135.72,3310.62,3225.04,False,23.82,15.34,0.01,-2.27,-4.42,3.47,8.72,1,SL,-32.26,2025-05-15 05:00,9613.39,2025-05-15,2025-05
Div,H1,2025-05-15 05:00,BUY,3150.01,3150.01,3119.33,3320.76,3218.31,False,28.96,13.82,0.01,-2.58,-4.76,11.59,17.1,1,TP,170.75,2025-05-21 20:00,9784.14,2025-05-21,2025-05
Div,H1,2025-05-15 06:00,BUY,3148.29,3148.29,3120.64,3312.4,3213.94,False,22.27,13.55,0.01,-2.82,-5.03,9.74,19.45,1,TP,164.11,2025-05-21 02:00,9948.25,2025-05-21,2025-05
Div,H1,2025-05-15 07:00,BUY,3135.6,3135.6,3108.5,3319.91,3209.32,False,37.07,14.85,0.01,-2.12,-4.39,20.78,33.16,1,TP,184.31,2025-05-21 07:00,10132.56,2025-05-21,2025-05
Div,H1,2025-05-20 13:00,SELL,3249.79,3249.79,3280.47,3076.28,3180.38,False,58.02,11.39,0.01,0.79,-0.36,1.68,15.99,28,SL,-30.68,2025-05-20 15:00,10101.88,2025-05-20,2025-05
Div,H1,2025-05-20 13:00,SELL,3249.79,3249.79,3280.2,3076.44,3180.45,False,58.02,11.39,0.01,0.79,-0.36,1.68,15.99,27,SL,-30.41,2025-05-20 15:00,10071.47,2025-05-20,2025-05
Div,H1,2025-05-20 13:00,SELL,3249.79,3249.79,3281.0,3075.95,3180.25,False,58.02,11.39,0.01,0.79,-0.36,1.68,15.99,26,SL,-31.21,2025-05-20 15:00,10040.26,2025-05-20,2025-05
Div,H1,2025-05-20 13:00,SELL,3249.79,3249.79,3281.76,3075.48,3180.07,False,58.02,11.39,0.01,0.79,-0.36,1.68,15.99,25,SL,-31.97,2025-05-20 15:00,10008.29,2025-05-20,2025-05
Div,H1,2025-05-20 13:00,SELL,3249.79,3249.79,3282.43,3075.07,3179.9,False,58.02,11.39,0.01,0.79,-0.36,1.68,15.99,24,SL,-32.64,2025-05-20 15:00,9975.65,2025-05-20,2025-05
Div,H1,2025-05-20 13:00,SELL,3249.79,3249.79,3282.58,3074.98,3179.86,False,58.02,11.39,0.01,0.79,-0.36,1.68,15.99,23,SL,-32.79,2025-05-20 15:00,9942.86,2025-05-20,2025-05
Div,H1,2025-05-22 03:00,SELL,3326.18,3326.18,3349.64,3254.29,3297.42,False,69.6,11.63,0.01,1.88,2.94,2.96,8.19,1,SL,-23.46,2025-05-23 12:00,9919.4,2025-05-23,2025-05
Div,H1,2025-05-22 04:00,SELL,3342.99,3342.99,3366.24,3244.03,3303.41,False,65.15,11.67,0.01,1.65,2.76,5.76,10.54,1,SL,-23.25,2025-06-02 14:00,9896.15,2025-06-02,2025-06
Div,H1,2025-05-23 07:00,SELL,3331.19,3331.19,3356.4,3244.26,3296.42,False,71.95,11.44,0.01,0.62,2.66,7.39,8.91,1,SL,-25.21,2025-05-23 13:00,9870.94,2025-05-23,2025-05
Div,H1,2025-05-23 08:00,SELL,3329.91,3329.91,3352.8,3246.48,3296.54,False,72.23,10.76,0.01,0.54,2.6,1.89,7.65,1,SL,-22.89,2025-05-23 13:00,9848.05,2025-05-23,2025-05
Div,H1,2025-05-23 10:00,SELL,3332.01,3332.01,3353.53,3246.03,3297.62,False,72.7,10.09,0.01,0.5,2.56,2.39,9.1,2,SL,-21.52,2025-05-23 13:00,9826.53,2025-05-23,2025-05
Div,H1,2025-05-23 12:00,SELL,3334.38,3334.38,3354.9,3245.18,3298.7,False,84.37,11.46,0.01,1.05,3.12,19.43,25.28,3,SL,-20.52,2025-05-23 13:00,9806.01,2025-05-23,2025-05
Div,H1,2025-05-23 12:00,SELL,3334.38,3334.38,3354.56,3245.39,3298.79,False,84.37,11.46,0.01,1.05,3.12,19.43,25.28,2,SL,-20.18,2025-05-23 13:00,9785.83,2025-05-23,2025-05
Div,H1,2025-05-23 12:00,SELL,3334.38,3334.38,3354.85,3245.21,3298.71,False,84.37,11.46,0.01,1.05,3.12,19.43,25.28,1,SL,-20.47,2025-05-23 13:00,9765.36,2025-05-23,2025-05
Div,H1,2025-05-23 12:00,SELL,3345.42,3345.42,3366.54,3243.85,3304.79,False,84.37,11.46,0.01,1.05,3.12,19.43,25.28,29,SL,-21.12,2025-06-02 14:00,9744.24,2025-06-02,2025-06
Div,H1,2025-05-23 12:00,SELL,3345.42,3345.42,3366.42,3243.92,3304.82,False,84.37,11.46,0.01,1.05,3.12,19.43,25.28,28,SL,-21.0,2025-06-02 14:00,9723.24,2025-06-02,2025-06
Div,H1,2025-05-23 13:00,SELL,3334.38,3334.38,3357.3,3243.7,3298.11,False,85.16,12.15,0.01,1.3,3.37,8.95,15.57,1,SL,-22.92,2025-05-23 13:00,9700.32,2025-05-23,2025-05
Div,H1,2025-05-23 14:00,SELL,3349.82,3349.82,3374.11,3233.31,3303.22,False,69.92,13.57,0.01,0.77,2.83,17.0,27.35,1,SL,-24.29,2025-06-02 14:00,9676.03,2025-06-02,2025-06
Div,H1,2025-05-23 16:00,SELL,3360.46,3360.46,3387.59,3224.98,3306.27,False,74.2,13.63,0.01,1.36,3.45,2.34,10.2,2,SL,-27.13,2025-06-03 00:00,9648.9,2025-06-03,2025-06
Div,H1,2025-05-23 18:00,SELL,3364.64,3364.64,3391.95,3222.29,3307.7,False,77.66,13.31,0.01,1.33,3.45,3.71,9.41,3,SL,-27.31,2025-06-03 00:00,9621.59,2025-06-03,2025-06
Div,H1,2025-05-23 18:00,SELL,3364.64,3364.64,3391.9,3222.32,3307.71,False,77.66,13.31,0.01,1.33,3.45,3.71,9.41,2,SL,-27.26,2025-06-03 00:00,9594.33,2025-06-03,2025-06
Div,H1,2025-05-23 18:00,SELL,3364.64,3364.64,3390.9,3222.93,3307.96,False,77.66,13.31,0.01,1.33,3.45,3.71,9.41,1,SL,-26.26,2025-06-03 00:00,9568.07,2025-06-03,2025-06
Div,H1,2025-05-23 19:00,SELL,3364.64,3364.64,3391.26,3280.23,3330.88,False,74.54,12.63,0.01,1.27,3.41,0.63,4.78,1,TP,84.41,2025-05-28 21:00,9652.48,2025-05-28,2025-05
Div,H1,2025-05-23 20:00,SELL,3365.88,3365.88,3391.15,3280.3,3331.65,False,70.57,12.23,0.01,1.2,3.34,1.25,7.47,1,TP,85.58,2025-05-28 21:00,9738.06,2025-05-28,2025-05
FollowDiv,H1,2025-05-27 15:00,BUY,3287.82,3287.82,3262.92,3403.79,3334.21,False,23.56,13.63,0.01,-1.03,0.97,4.61,17.95,2,SL,-24.9,2025-05-29 00:00,9713.16,2025-05-29,2025-05
FollowDiv,H1,2025-06-02 07:00,SELL,3330.73,3330.73,3353.7,3178.57,3269.87,False,83.4,11.02,0.01,1.36,1.14,20.66,21.66,32,SL,-22.97,2025-06-02 08:00,9690.19,2025-06-02,2025-06
FollowDiv,H1,2025-06-02 07:00,SELL,3330.73,3330.73,3350.97,3180.26,3270.54,False,83.4,11.02,0.01,1.36,1.14,20.66,21.66,28,SL,-20.24,2025-06-02 08:00,9669.95,2025-06-02,2025-06
Div,H1,2025-06-02 14:00,SELL,3365.89,3365.89,3390.34,3280.8,3331.85,False,85.08,11.94,0.01,1.81,1.79,15.38,25.75,124,SL,-24.45,2025-06-03 00:00,9645.5,2025-06-03,2025-06
FollowDiv,H1,2025-06-02 14:00,SELL,3365.89,3365.89,3386.01,3297.85,3338.67,False,85.08,11.94,0.01,1.81,1.79,15.38,25.75,116,SL,-20.12,2025-06-03 00:00,9625.38,2025-06-03,2025-06
FollowDiv,H1,2025-06-05 11:00,SELL,3392.1,3392.1,3411.58,3212.89,3320.42,False,69.59,8.71,0.01,1.09,2.06,10.36,12.19,48,SL,-19.48,2025-06-13 01:00,9605.9,2025-06-13,2025-06
Div,H1,2025-06-05 12:00,SELL,3391.33,3391.33,3408.74,3331.82,3367.53,False,64.18,9.23,0.01,0.84,1.82,7.72,11.73,1,TP,59.51,2025-06-06 15:00,9665.41,2025-06-06,2025-06
Div,H1,2025-06-13 01:00,SELL,3398.91,3398.91,3422.61,3286.76,3354.05,False,81.84,12.79,0.01,1.79,1.97,20.33,28.12,1,SL,-23.7,2025-06-13 02:00,9641.71,2025-06-13,2025-06
Div,H1,2025-06-13 02:00,SELL,3398.91,3398.91,3424.5,3285.6,3353.58,False,82.39,13.29,0.01,2.07,2.3,11.11,19.42,1,SL,-25.59,2025-06-13 02:00,9616.12,2025-06-13,2025-06
Div,H1,2025-06-13 03:00,SELL,3419.92,3419.92,3446.49,3272.0,3360.75,False,81.75,13.0,0.01,2.41,2.69,13.82,19.32,1,SL,-26.57,2025-06-13 14:00,9589.55,2025-06-13,2025-06
Div,H1,2025-06-13 04:00,SELL,3433.33,3433.33,3459.32,3327.56,3391.02,False,71.99,13.36,0.01,1.88,2.2,15.82,20.56,1,TP,105.77,2025-06-24 06:00,9695.32,2025-06-24,2025-06
Div,H1,2025-06-13 14:00,SELL,3444.12,3444.12,3470.85,3320.44,3394.65,False,68.22,15.09,0.01,1.68,2.4,0.24,12.76,10,TP,123.68,2025-06-24 07:00,9819.0,2025-06-24,2025-06
Div,H1,2025-06-13 14:00,SELL,3444.44,3444.44,3470.25,3320.81,3394.99,False,68.22,15.09,0.01,1.68,2.4,0.24,12.76,9,TP,123.63,2025-06-24 07:00,9942.63,2025-06-24,2025-06
Div,H1,2025-06-13 14:00,SELL,3444.44,3444.44,3469.03,3321.57,3395.29,False,68.22,15.09,0.01,1.68,2.4,0.24,12.76,8,TP,122.87,2025-06-24 07:00,10065.5,2025-06-24,2025-06
Div/FollowDiv,H1,2025-06-13 14:00,SELL,3444.44,3444.44,3470.46,3320.68,3394.94,False,68.22,15.09,0.01,1.68,2.4,0.24,12.76,7,TP,123.76,2025-06-24 07:00,10189.26,2025-06-24,2025-06
Div,H1,2025-06-16 01:00,SELL,3446.76,3446.76,3469.09,3376.11,3418.5,False,58.05,11.54,0.01,1.13,2.3,7.84,16.98,1,TP,70.65,2025-06-17 04:00,10259.91,2025-06-17,2025-06
FollowDiv,H1,2025-06-27 04:00,BUY,3295.49,3295.49,3272.1,3410.89,3341.65,False,22.46,10.29,0.01,-1.03,-2.02,14.48,18.3,50,SL,-23.39,2025-06-27 13:00,10236.52,2025-06-27,2025-06
FollowDiv,H1,2025-06-27 04:00,BUY,3295.49,3295.49,3275.94,3408.52,3340.7,False,22.46,10.29,0.01,-1.03,-2.02,14.48,18.3,48,SL,-19.55,2025-06-27 13:00,10216.97,2025-06-27,2025-06
FollowDiv,H1,2025-07-07 12:00,BUY,3300.66,3300.66,3283.29,3377.88,3331.55,False,27.28,9.66,0.01,-0.9,-0.62,6.87,14.29,2,SL,-17.37,2025-07-09 10:00,10199.6,2025-07-09,2025-07
FollowDiv,H1,2025-07-08 16:00,BUY,3296.42,3296.42,3276.09,3382.33,3330.78,False,20.2,8.26,0.01,-0.86,-0.8,18.66,21.47,25,TP,85.91,2025-07-21 14:00,10285.51,2025-07-21,2025-07
Div,H1,2025-07-09 04:00,BUY,3287.16,3287.16,3269.3,3367.29,3319.21,False,25.37,9.05,0.01,-0.87,-0.99,13.18,16.49,5,TP,80.13,2025-07-11 17:00,10365.64,2025-07-11,2025-07
Div,H1,2025-07-09 04:00,BUY,3287.16,3287.16,3270.06,3366.82,3319.02,False,25.37,9.05,0.01,-0.87,-0.99,13.18,16.49,4,TP,79.66,2025-07-11 17:00,10445.3,2025-07-11,2025-07
Div,H1,2025-07-09 04:00,BUY,3287.16,3287.16,3270.62,3366.47,3318.88,False,25.37,9.05,0.01,-0.87,-0.99,13.18,16.49,3,TP,79.31,2025-07-11 17:00,10524.61,2025-07-11,2025-07
Div,H1,2025-07-09 04:00,BUY,3287.16,3287.16,3270.35,3366.64,3318.95,False,25.37,9.05,0.01,-0.87,-0.99,13.18,16.49,1,TP,79.48,2025-07-11 17:00,10604.09,2025-07-11,2025-07
Div,H1,2025-07-09 04:00,BUY,3287.16,3287.16,3269.18,3382.88,3325.45,False,25.37,9.05,0.01,-0.87,-0.99,13.18,16.49,6,TP,95.72,2025-07-21 14:00,10699.81,2025-07-21,2025-07
Div,H1,2025-07-09 05:00,BUY,3287.16,3287.16,3269.05,3367.44,3319.27,False,26.94,9.38,0.01,-0.71,-0.84,4.81,9.73,1,TP,80.28,2025-07-11 17:00,10780.09,2025-07-11,2025-07
Div,H1,2025-07-09 08:00,BUY,3286.42,3286.42,3267.65,3336.79,3306.57,False,44.22,7.42,0.01,-0.69,-0.85,2.9,7.04,3,TP,50.37,2025-07-11 07:00,10830.460000000001,2025-07-11,2025-07
Div,H1,2025-07-09 10:00,BUY,3285.0,3285.0,3267.47,3336.9,3305.76,False,28.56,7.48,0.01,-0.89,-1.06,6.75,9.93,4,TP,51.9,2025-07-11 07:00,10882.36,2025-07-11,2025-07
Div,H1,2025-07-17 15:00,BUY,3322.39,3322.39,3306.12,3380.71,3345.72,False,24.89,8.55,0.01,-0.54,-0.36,5.99,10.7,1,TP,58.32,2025-07-21 14:00,10940.68,2025-07-21,2025-07
FollowDiv,H1,2025-07-22 14:00,SELL,3401.43,3401.43,3415.44,3330.28,3372.97,False,57.36,6.62,0.01,1.0,1.76,16.31,16.71,13,SL,-14.01,2025-07-22 15:00,10926.67,2025-07-22,2025-07
Div,H1,2025-07-23 11:00,SELL,3433.52,3433.52,3449.9,3342.09,3396.95,False,51.75,6.51,0.01,0.82,2.14,2.65,5.53,9,TP,91.43,2025-07-25 12:00,11018.1,2025-07-25,2025-07
FollowDiv,H1,2025-07-25 16:00,BUY,3336.5,3336.5,3322.47,3411.26,3366.41,False,11.63,7.67,0.01,-1.23,-1.01,12.2,14.21,1,SL,-14.03,2025-07-28 15:00,11004.07,2025-07-28,2025-07
FollowDiv,H1,2025-07-28 15:00,BUY,3323.83,3323.83,3310.13,3370.48,3342.49,False,26.97,8.66,0.01,-1.38,-1.85,26.09,28.72,8,SL,-13.7,2025-07-28 15:00,10990.37,2025-07-28,2025-07
Div,H1,2025-07-28 15:00,BUY,3309.83,3309.83,3292.73,3388.98,3341.49,False,26.97,8.66,0.01,-1.38,-1.85,26.09,28.72,161,SL,-17.1,2025-07-30 17:00,10973.27,2025-07-30,2025-07
Div,H1,2025-07-28 16:00,BUY,3323.83,3323.83,3306.51,3369.39,3342.05,False,32.63,9.0,0.01,-1.17,-1.68,5.65,12.99,1,SL,-17.32,2025-07-28 16:00,10955.95,2025-07-28,2025-07
Div,H1,2025-07-30 15:00,BUY,3301.89,3301.89,3283.89,3383.36,3334.48,False,29.82,8.2,0.01,-0.55,-1.72,10.07,17.65,45,SL,-18.0,2025-07-30 20:00,10937.95,2025-07-30,2025-07
Div,H1,2025-07-30 15:00,BUY,3301.81,3301.81,3284.55,3382.95,3334.27,False,29.82,8.2,0.01,-0.55,-1.72,10.07,17.65,42,SL,-17.26,2025-07-30 20:00,10920.69,2025-07-30,2025-07
Div/FollowDiv,H1,2025-07-30 15:00,BUY,3301.81,3301.81,3284.43,3383.03,3334.3,False,29.82,8.2,0.01,-0.55,-1.72,10.07,17.65,41,SL,-17.38,2025-07-30 20:00,10903.31,2025-07-30,2025-07
Div,H1,2025-07-30 15:00,BUY,3301.81,3301.81,3284.48,3383.0,3334.29,False,29.82,8.2,0.01,-0.55,-1.72,10.07,17.65,40,SL,-17.33,2025-07-30 20:00,10885.98,2025-07-30,2025-07
Div,H1,2025-07-30 15:00,BUY,3301.81,3301.81,3285.26,3382.52,3334.09,False,29.82,8.2,0.01,-0.55,-1.72,10.07,17.65,39,SL,-16.55,2025-07-30 20:00,10869.43,2025-07-30,2025-07
Div,H1,2025-07-30 15:00,BUY,3301.81,3301.81,3285.74,3382.22,3333.97,False,29.82,8.2,0.01,-0.55,-1.72,10.07,17.65,36,SL,-16.07,2025-07-30 20:00,10853.36,2025-07-30,2025-07
FollowDiv,H1,2025-08-26 02:00,SELL,3378.8,3378.8,3396.43,3275.1,3337.32,False,61.36,7.46,0.01,0.8,1.15,28.38,35.16,26,SL,-17.63,2025-08-27 18:00,10835.73,2025-08-27,2025-08
FollowDiv,H1,2025-08-29 21:00,SELL,3449.33,3449.33,3463.91,3367.46,3416.58,False,81.08,7.97,0.01,1.26,2.54,9.89,12.41,2,SL,-14.58,2025-09-01 04:00,10821.15,2025-09-01,2025-09
Div,H1,2025-09-02 03:00,SELL,3489.82,3489.82,3513.41,3389.73,3449.78,False,72.35,7.97,0.01,1.46,3.29,18.52,31.71,15,SL,-23.59,2025-09-02 16:00,10797.56,2025-09-02,2025-09
Div,H1,2025-09-02 03:00,SELL,3489.82,3489.82,3512.86,3390.07,3449.92,False,72.35,7.97,0.01,1.46,3.29,18.52,31.71,14,SL,-23.04,2025-09-02 16:00,10774.52,2025-09-02,2025-09
Div,H1,2025-09-02 03:00,SELL,3489.82,3489.82,3512.48,3390.3,3450.01,False,72.35,7.97,0.01,1.46,3.29,18.52,31.71,9,SL,-22.66,2025-09-02 16:00,10751.86,2025-09-02,2025-09
Div,H1,2025-09-02 03:00,SELL,3489.82,3489.82,3512.84,3390.08,3449.92,False,72.35,7.97,0.01,1.46,3.29,18.52,31.71,8,SL,-23.02,2025-09-02 16:00,10728.84,2025-09-02,2025-09
FollowDiv,H1,2025-09-02 16:00,SELL,3508.79,3508.79,3526.68,3438.77,3480.78,False,66.95,13.12,0.01,1.27,3.39,21.8,24.98,5,SL,-17.89,2025-09-02 18:00,10710.95,2025-09-02,2025-09
Div,H1,2025-09-02 17:00,SELL,3508.79,3508.79,3535.03,3430.0,3477.28,False,63.35,11.63,0.01,1.47,3.63,9.28,10.79,1,SL,-26.24,2025-09-02 21:00,10684.71,2025-09-02,2025-09
Div,H1,2025-09-02 19:00,SELL,3520.45,3520.45,3543.89,3424.53,3482.08,False,68.72,11.87,0.01,1.58,3.84,1.49,8.26,1,SL,-23.44,2025-09-03 02:00,10661.27,2025-09-03,2025-09
Div,H1,2025-09-02 20:00,SELL,3528.78,3528.78,3552.51,3419.2,3484.95,False,67.45,12.0,0.01,1.49,3.78,1.0,6.8,1,SL,-23.73,2025-09-03 15:00,10637.54,2025-09-03,2025-09
Div,H1,2025-09-02 21:00,SELL,3530.14,3530.14,3554.14,3418.2,3485.36,False,72.85,12.42,0.01,1.68,4.01,8.69,11.68,1,SL,-24.0,2025-09-03 15:00,10613.54,2025-09-03,2025-09
Div,H1,2025-09-02 22:00,SELL,3532.14,3532.14,3556.98,3416.44,3485.86,False,76.29,11.84,0.01,1.53,3.88,3.29,4.41,1,SL,-24.84,2025-09-03 15:00,10588.7,2025-09-03,2025-09
Div,H1,2025-09-03 02:00,SELL,3540.04,3540.04,3563.72,3412.28,3488.93,False,82.16,11.81,0.01,1.45,3.86,6.05,18.82,3,SL,-23.68,2025-09-03 16:00,10565.02,2025-09-03,2025-09
Div,H1,2025-09-03 02:00,SELL,3540.04,3540.04,3562.24,3413.19,3489.3,False,82.16,11.81,0.01,1.45,3.86,6.05,18.82,2,SL,-22.2,2025-09-03 16:00,10542.82,2025-09-03,2025-09
Div,H1,2025-09-03 02:00,SELL,3540.04,3540.04,3561.61,3413.58,3489.46,False,82.16,11.81,0.01,1.45,3.86,6.05,18.82,1,SL,-21.57,2025-09-03 16:00,10521.25,2025-09-03,2025-09
Div,H1,2025-09-03 03:00,SELL,3540.04,3540.04,3563.66,3412.31,3488.95,False,80.88,11.8,0.01,1.47,3.91,2.74,9.8,1,SL,-23.62,2025-09-03 16:00,10497.63,2025-09-03,2025-09
FollowDiv,H1,2025-09-03 13:00,SELL,3546.89,3546.89,3570.94,3414.79,3494.05,False,60.36,9.17,0.01,1.28,3.87,7.59,9.74,9,SL,-24.05,2025-09-03 18:00,10473.58,2025-09-03,2025-09
FollowDiv,H1,2025-09-05 14:00,SELL,3576.05,3576.05,3595.54,3484.45,3539.41,False,78.21,9.64,0.01,0.84,3.42,27.02,37.94,40,SL,-19.49,2025-09-05 16:00,10454.09,2025-09-05,2025-09
FollowDiv,H1,2025-09-05 14:00,SELL,3578.47,3578.47,3599.22,3482.18,3539.95,False,78.21,9.64,0.01,0.84,3.42,27.02,37.94,34,SL,-20.75,2025-09-05 18:00,10433.34,2025-09-05,2025-09
FollowDiv,H1,2025-09-09 06:00,SELL,3654.55,3654.55,3672.19,3601.21,3633.21,False,69.09,8.43,0.01,1.52,4.23,8.99,11.37,1,SL,-17.64,2025-09-09 16:00,10415.7,2025-09-09,2025-09
FollowDiv,H1,2025-09-09 15:00,SELL,3659.34,3659.34,3676.38,3598.62,3635.05,False,72.66,10.78,0.01,1.33,4.19,18.63,21.9,7,SL,-17.04,2025-09-15 17:00,10398.66,2025-09-15,2025-09
Div,H1,2025-09-09 15:00,SELL,3659.34,3659.34,3678.88,3597.07,3634.43,False,72.66,10.78,0.01,1.33,4.19,18.63,21.9,1,SL,-19.54,2025-09-15 17:00,10379.119999999999,2025-09-15,2025-09
Div,H1,2025-09-09 16:00,SELL,3659.34,3659.34,3680.89,3595.83,3633.94,False,53.74,12.99,0.01,0.7,3.56,21.16,38.46,1,SL,-21.55,2025-09-15 17:00,10357.57,2025-09-15,2025-09
Div,H1,2025-09-15 15:00,SELL,3657.57,3657.57,3675.01,3586.59,3629.18,False,66.31,8.81,0.01,0.43,1.37,6.82,17.34,68,SL,-17.44,2025-09-15 17:00,10340.13,2025-09-15,2025-09
Div,H1,2025-09-15 17:00,SELL,3674.58,3674.58,3690.73,3576.87,3635.5,False,80.38,9.52,0.01,1.01,1.98,17.05,18.8,74,SL,-16.15,2025-09-16 08:00,10323.98,2025-09-16,2025-09
Div,H1,2025-09-15 17:00,SELL,3674.58,3674.58,3690.99,3576.71,3635.43,False,80.38,9.52,0.01,1.01,1.98,17.05,18.8,73,SL,-16.41,2025-09-16 08:00,10307.57,2025-09-16,2025-09
FollowDiv,H1,2025-09-15 17:00,SELL,3668.28,3668.28,3694.26,3587.57,3636.0,False,80.38,9.52,0.01,1.01,1.98,17.05,18.8,93,SL,-25.98,2025-09-16 10:00,10281.59,2025-09-16,2025-09
FollowDiv,H1,2025-09-16 02:00,SELL,3685.63,3685.63,3704.75,3589.87,3647.33,False,82.96,8.88,0.01,0.96,1.97,9.43,10.55,5,SL,-19.12,2025-09-17 20:00,10262.47,2025-09-17,2025-09
FollowDiv,H1,2025-09-23 10:00,SELL,3759.23,3759.23,3778.2,3671.14,3723.99,False,68.61,9.64,0.01,1.81,2.85,21.0,22.08,6,SL,-18.97,2025-09-23 11:00,10243.5,2025-09-23,2025-09
Div,H1,2025-09-29 04:00,SELL,3791.09,3791.09,3814.41,3688.72,3750.14,False,67.94,13.25,0.01,1.07,2.07,14.17,21.01,78,SL,-23.32,2025-09-29 07:00,10220.18,2025-09-29,2025-09
Div,H1,2025-09-29 04:00,SELL,3791.09,3791.09,3815.29,3688.18,3749.93,False,67.94,13.25,0.01,1.07,2.07,14.17,21.01,80,SL,-24.2,2025-09-29 08:00,10195.98,2025-09-29,2025-09
Div,H1,2025-09-29 04:00,SELL,3791.09,3791.09,3814.68,3688.56,3750.08,False,67.94,13.25,0.01,1.07,2.07,14.17,21.01,77,SL,-23.59,2025-09-29 08:00,10172.39,2025-09-29,2025-09
FollowDiv,H1,2025-10-01 04:00,SELL,3870.38,3870.38,3889.08,3759.96,3826.21,False,74.86,12.86,0.01,0.86,2.95,5.44,17.1,19,SL,-18.7,2025-10-01 10:00,10153.69,2025-10-01,2025-10
FollowDiv,H1,2025-10-02 15:00,SELL,3895.27,3895.27,3922.83,3810.54,3861.38,False,59.67,10.16,0.01,0.31,2.26,9.27,23.3,19,SL,-27.56,2025-10-06 04:00,10126.13,2025-10-06,2025-10
FollowDiv,H1,2025-10-06 04:00,SELL,3920.67,3920.67,3946.33,3771.04,3860.82,False,79.66,13.4,0.01,1.32,2.81,3.03,7.15,2,SL,-25.66,2025-10-06 10:00,10100.47,2025-10-06,2025-10
Div,H1,2025-10-07 00:00,SELL,3970.08,3970.08,3995.89,3877.08,3932.88,False,69.62,13.09,0.01,1.59,3.47,2.84,17.25,1,SL,-25.81,2025-10-08 01:00,10074.66,2025-10-08,2025-10
Div,H1,2025-10-07 01:00,SELL,3970.08,3970.08,3996.27,3876.85,3932.79,False,72.2,12.86,0.01,1.69,3.6,6.04,10.89,1,SL,-26.19,2025-10-08 02:00,10048.47,2025-10-08,2025-10
Div,H1,2025-10-07 02:00,SELL,3976.21,3976.21,4001.93,3873.34,3935.06,False,65.08,13.41,0.01,1.46,3.4,6.77,15.93,1,SL,-25.72,2025-10-08 04:00,10022.75,2025-10-08,2025-10
FollowDiv,H1,2025-10-07 06:00,SELL,3976.21,3976.21,4003.02,3872.67,3934.8,False,72.13,11.69,0.01,1.57,3.64,2.72,5.46,4,SL,-26.81,2025-10-08 04:00,9995.94,2025-10-08,2025-10
Div,H1,2025-10-07 14:00,SELL,3977.45,3977.45,4003.05,3872.66,3935.53,False,58.11,12.0,0.01,1.22,3.49,12.44,15.6,10,SL,-25.6,2025-10-08 04:00,9970.34,2025-10-08,2025-10
Div,H1,2025-10-07 14:00,SELL,3977.45,3977.45,4002.92,3872.74,3935.56,False,58.11,12.0,0.01,1.22,3.49,12.44,15.6,9,SL,-25.47,2025-10-08 04:00,9944.869999999999,2025-10-08,2025-10
Div,H1,2025-10-08 01:00,SELL,3990.96,3990.96,4016.56,3894.16,3952.24,False,75.53,12.42,0.01,1.06,3.55,4.88,7.65,1,SL,-25.6,2025-10-08 05:00,9919.27,2025-10-08,2025-10
Div,H1,2025-10-08 01:00,SELL,3990.96,3990.96,4017.53,3893.56,3952.0,False,75.53,12.42,0.01,1.06,3.55,4.88,7.65,2,SL,-26.57,2025-10-08 06:00,9892.7,2025-10-08,2025-10
Div,H1,2025-10-08 02:00,SELL,3990.96,3990.96,4015.8,3894.63,3952.43,False,72.57,12.23,0.01,0.96,3.47,1.96,9.75,1,SL,-24.84,2025-10-08 05:00,9867.86,2025-10-08,2025-10
Div,H1,2025-10-08 03:00,SELL,3995.97,3995.97,4020.43,3891.76,3954.29,False,73.48,12.72,0.01,1.09,3.63,7.55,15.47,1,SL,-24.46,2025-10-08 06:00,9843.4,2025-10-08,2025-10
Div,H1,2025-10-08 04:00,SELL,3999.33,3999.33,4024.76,3889.09,3955.23,False,74.9,12.94,0.01,1.33,3.9,11.71,16.0,1,SL,-25.43,2025-10-08 06:00,9817.97,2025-10-08,2025-10
Div,H1,2025-10-08 05:00,SELL,3999.97,3999.97,4025.86,3888.41,3955.35,False,71.94,12.38,0.01,1.35,3.95,3.06,7.63,1,SL,-25.89,2025-10-08 06:00,9792.08,2025-10-08,2025-10
Div,H1,2025-10-08 06:00,SELL,4011.69,4011.69,4036.44,3881.87,3959.76,False,75.83,12.19,0.01,1.6,4.23,12.24,12.64,1,SL,-24.75,2025-10-08 07:00,9767.33,2025-10-08,2025-10
Div,H1,2025-10-08 07:00,SELL,4016.54,4016.54,4040.93,3912.98,3975.12,False,74.72,11.82,0.01,1.6,4.24,2.31,12.43,1,SL,-24.39,2025-10-08 11:00,9742.94,2025-10-08,2025-10
Div,H1,2025-10-08 08:00,SELL,4027.26,4027.26,4050.9,3906.82,3979.08,False,95.97,10.58,0.01,1.6,4.27,2.41,11.74,1,SL,-23.64,2025-10-08 18:00,9719.3,2025-10-08,2025-10
Div,H1,2025-10-08 15:00,SELL,4049.56,4049.56,4071.98,3893.79,3987.25,False,80.0,12.97,0.01,1.43,4.18,0.82,23.33,3,SL,-22.42,2025-10-13 07:00,9696.88,2025-10-13,2025-10
Div,H1,2025-10-08 17:00,SELL,4049.61,4049.61,4071.99,3893.79,3987.28,False,79.74,13.09,0.01,1.48,4.27,2.46,13.44,4,SL,-22.38,2025-10-13 07:00,9674.5,2025-10-13,2025-10
Div,H1,2025-10-08 17:00,SELL,4049.61,4049.61,4073.31,3892.97,3986.95,False,79.74,13.09,0.01,1.48,4.27,2.46,13.44,3,SL,-23.7,2025-10-13 07:00,9650.8,2025-10-13,2025-10
Div,H1,2025-10-08 17:00,SELL,4049.61,4049.61,4075.55,3891.59,3986.4,False,79.74,13.09,0.01,1.48,4.27,2.46,13.44,2,SL,-25.94,2025-10-13 07:00,9624.86,2025-10-13,2025-10
Div,H1,2025-10-13 01:00,SELL,4059.23,4059.23,4088.46,3949.44,4015.31,False,68.41,21.75,0.01,0.78,2.52,7.18,27.85,33,SL,-29.23,2025-10-13 15:00,9595.63,2025-10-13,2025-10
FollowDiv,H1,2025-10-14 01:00,SELL,4116.92,4116.92,4143.71,3863.78,4015.66,False,84.22,13.17,0.01,2.37,4.16,13.18,19.11,5,SL,-26.79,2025-10-14 03:00,9568.84,2025-10-14,2025-10
Div,H1,2025-10-16 04:00,SELL,4227.18,4227.18,4259.61,4130.48,4188.5,False,72.61,16.43,0.01,1.68,4.99,9.26,13.59,1,SL,-32.43,2025-10-16 16:00,9536.41,2025-10-16,2025-10
Div,H1,2025-10-16 05:00,SELL,4232.99,4232.99,4265.85,4126.62,4190.44,False,74.55,15.47,0.01,1.49,4.8,5.71,12.81,1,SL,-32.86,2025-10-16 16:00,9503.55,2025-10-16,2025-10
Div,H1,2025-10-16 11:00,SELL,4239.61,4239.61,4270.54,4123.72,4193.25,False,66.19,15.82,0.01,1.38,4.67,6.75,19.8,6,SL,-30.93,2025-10-16 17:00,9472.619999999999,2025-10-16,2025-10
Div,H1,2025-10-16 11:00,SELL,4242.01,4242.01,4272.28,4122.65,4194.27,False,66.19,15.82,0.01,1.38,4.67,6.75,19.8,5,SL,-30.27,2025-10-16 17:00,9442.35,2025-10-16,2025-10
Div,H1,2025-10-16 12:00,SELL,4242.01,4242.01,4273.65,4153.93,4206.78,False,64.24,15.74,0.01,1.4,4.7,3.17,11.79,1,SL,-31.64,2025-10-16 17:00,9410.71,2025-10-16,2025-10
Div,H1,2025-10-16 17:00,SELL,4258.76,4258.76,4293.5,4148.04,4214.47,False,67.18,16.85,0.01,1.84,5.23,10.33,15.08,1,SL,-34.74,2025-10-16 19:00,9375.97,2025-10-16,2025-10
Div,H1,2025-10-16 18:00,SELL,4267.55,4267.55,4301.24,4173.22,4229.82,False,67.13,18.06,0.01,1.97,5.4,9.06,30.63,1,SL,-33.69,2025-10-16 21:00,9342.279999999999,2025-10-16,2025-10
Div,H1,2025-10-16 19:00,SELL,4276.07,4276.07,4312.2,4166.45,4232.22,False,72.83,18.48,0.01,2.16,5.63,11.21,18.68,1,SL,-36.13,2025-10-16 21:00,9306.15,2025-10-16,2025-10
Div,H1,2025-10-16 20:00,SELL,4292.02,4292.02,4328.99,4156.08,4237.64,False,71.49,19.21,0.01,2.01,5.51,3.01,21.46,1,SL,-36.97,2025-10-16 22:00,9269.18,2025-10-16,2025-10
Div,H1,2025-10-16 21:00,SELL,4298.81,4298.81,4337.23,4150.98,4239.68,False,91.99,18.77,0.01,2.32,5.87,16.63,25.05,1,SL,-38.42,2025-10-17 00:00,9230.76,2025-10-17,2025-10
Div,H1,2025-10-20 21:00,SELL,4379.54,4379.54,4426.6,4095.75,4266.03,False,83.54,23.61,0.01,1.88,5.62,18.64,22.39,42,TP,283.79,2025-10-21 16:00,9514.55,2025-10-21,2025-10
Div,H1,2025-10-20 21:00,SELL,4379.54,4379.54,4436.79,4089.45,4263.51,False,83.54,23.61,0.01,1.88,5.62,18.64,22.39,41,TP,290.09,2025-10-21 16:00,9804.64,2025-10-21,2025-10
Div,H1,2025-10-20 21:00,SELL,4379.54,4379.54,4440.76,4087.0,4262.52,False,83.54,23.61,0.01,1.88,5.62,18.64,22.39,40,TP,292.54,2025-10-21 16:00,10097.18,2025-10-21,2025-10
Div,H1,2025-10-20 21:00,SELL,4379.54,4379.54,4441.42,4086.6,4262.36,False,83.54,23.61,0.01,1.88,5.62,18.64,22.39,39,TP,292.94,2025-10-21 16:00,10390.119999999999,2025-10-21,2025-10
FollowDiv,H1,2025-10-27 14:00,BUY,4015.44,4015.44,3972.74,4174.72,4079.15,False,35.06,22.1,0.01,-1.78,-3.94,23.63,37.09,1,SL,-42.7,2025-10-27 16:00,10347.42,2025-10-27,2025-10
FollowDiv,H1,2025-11-07 17:00,SELL,4019.6,4019.6,4043.18,3915.91,3978.12,False,58.49,13.93,0.01,0.38,0.57,16.8,37.51,25,SL,-23.58,2025-11-10 02:00,10323.84,2025-11-10,2025-11
FollowDiv,H1,2025-11-07 17:00,SELL,4019.6,4019.6,4047.16,3913.45,3977.14,False,58.49,13.93,0.01,0.38,0.57,16.8,37.51,20,SL,-27.56,2025-11-10 02:00,10296.28,2025-11-10,2025-11
Div,H1,2025-11-10 03:00,SELL,4027.45,4027.45,4060.51,3936.85,3991.21,False,75.66,16.04,0.01,1.23,1.53,4.09,11.33,1,SL,-33.06,2025-11-10 06:00,10263.22,2025-11-10,2025-11
Div,H1,2025-11-10 05:00,SELL,4053.2,4053.2,4084.02,3922.32,4000.85,False,83.08,15.19,0.01,1.3,1.64,3.82,7.03,1,SL,-30.82,2025-11-10 09:00,10232.4,2025-11-10,2025-11
Div,H1,2025-11-10 05:00,SELL,4053.2,4053.2,4085.28,3921.54,4000.53,False,83.08,15.19,0.01,1.3,1.64,3.82,7.03,2,SL,-32.08,2025-11-10 10:00,10200.32,2025-11-10,2025-11
Div,H1,2025-11-10 06:00,SELL,4053.2,4053.2,4083.57,3922.59,4000.96,False,89.57,14.96,0.01,1.64,2.01,15.26,19.75,1,SL,-30.37,2025-11-10 09:00,10169.95,2025-11-10,2025-11
Div,H1,2025-11-10 07:00,SELL,4056.85,4056.85,4086.77,3920.62,4002.36,False,92.31,14.7,0.01,1.73,2.13,5.7,11.51,1,SL,-29.92,2025-11-10 13:00,10140.03,2025-11-10,2025-11
Div,H1,2025-11-10 12:00,SELL,4085.12,4085.12,4109.81,3906.38,4013.62,False,91.42,12.14,0.01,1.77,2.3,4.38,9.65,2,SL,-24.69,2025-11-10 19:00,10115.34,2025-11-10,2025-11
Div,H1,2025-11-10 13:00,SELL,4086.3,4086.3,4111.0,3905.64,4014.04,False,94.71,12.79,0.01,2.03,2.59,12.14,15.61,2,SL,-24.7,2025-11-10 19:00,10090.64,2025-11-10,2025-11
FollowDiv,H1,2025-11-12 16:00,SELL,4149.0,4149.0,4170.23,4015.04,4095.42,False,69.34,15.92,0.01,1.4,3.78,44.91,50.91,26,SL,-21.23,2025-11-12 16:00,10069.41,2025-11-12,2025-11
FollowDiv,H1,2025-11-13 04:00,SELL,4211.69,4211.69,4246.25,4007.82,4130.14,False,77.2,19.63,0.01,1.64,4.29,22.66,23.0,7,TP,203.87,2025-11-17 21:00,10273.28,2025-11-17,2025-11
FollowDiv,H1,2025-11-17 20:00,BUY,4032.17,4032.17,3976.11,4356.58,4161.94,False,36.29,21.98,0.01,-2.59,-1.81,51.5,54.18,20,TP,324.41,2025-12-18 17:00,10597.69,2025-12-18,2025-12
FollowDiv,H1,2025-11-28 01:00,SELL,4172.92,4172.92,4198.54,4083.79,4137.27,False,68.7,8.18,0.01,0.59,2.04,17.24,19.66,32,SL,-25.62,2025-11-28 15:00,10572.07,2025-11-28,2025-11
FollowDiv,H1,2025-11-28 01:00,SELL,4173.37,4173.37,4201.38,4096.68,4142.69,False,68.7,8.18,0.01,0.59,2.04,17.24,19.66,26,SL,-28.01,2025-11-28 15:00,10544.06,2025-11-28,2025-11
FollowDiv,H1,2025-11-28 15:00,SELL,4193.14,4193.14,4211.38,4114.44,4161.66,False,59.76,14.78,0.01,0.8,2.28,15.65,26.08,7,SL,-18.24,2025-11-28 18:00,10525.82,2025-11-28,2025-11
FollowDiv,H1,2025-12-12 14:00,SELL,4339.24,4339.24,4362.15,4204.38,4285.29,False,79.41,12.43,0.01,2.23,2.95,15.13,24.6,1,SL,-22.91,2025-12-18 17:00,10502.91,2025-12-18,2025-12
Div,H1,2025-12-17 15:00,SELL,4342.37,4342.37,4368.29,4253.02,4306.63,False,62.94,14.06,0.01,0.64,1.99,4.01,23.0,1,SL,-25.92,2025-12-18 17:00,10476.99,2025-12-18,2025-12
FollowDiv,H1,2025-12-18 17:00,SELL,4353.5,4353.5,4388.07,4188.36,4287.44,False,67.79,12.99,0.01,0.79,2.16,22.21,36.77,93,SL,-34.57,2025-12-22 03:00,10442.42,2025-12-22,2025-12
Div,H1,2025-12-23 00:00,SELL,4442.13,4442.13,4463.75,4370.52,4413.49,False,84.23,11.48,0.01,2.03,3.44,11.13,13.04,1,SL,-21.62,2025-12-23 01:00,10420.8,2025-12-23,2025-12
Div,H1,2025-12-23 01:00,SELL,4449.17,4449.17,4472.13,4374.89,4419.46,False,85.66,11.88,0.01,2.2,3.65,10.45,12.47,1,SL,-22.96,2025-12-23 02:00,10397.84,2025-12-23,2025-12
Div,H1,2025-12-23 02:00,SELL,4461.65,4461.65,4485.41,4366.68,4423.66,False,90.15,12.69,0.01,2.5,3.99,16.19,21.1,1,SL,-23.76,2025-12-23 02:00,10374.08,2025-12-23,2025-12
Div,H1,2025-12-23 21:00,SELL,4497.75,4497.75,4525.28,4342.04,4435.47,False,56.08,15.62,0.01,1.41,3.62,6.67,10.47,17,SL,-27.53,2025-12-24 02:00,10346.55,2025-12-24,2025-12
Div,H1,2025-12-23 21:00,SELL,4497.75,4497.75,4524.64,4342.44,4435.63,False,56.08,15.62,0.01,1.41,3.62,6.67,10.47,16,SL,-26.89,2025-12-24 02:00,10319.66,2025-12-24,2025-12
Div,H1,2025-12-23 21:00,SELL,4497.75,4497.75,4524.08,4342.78,4435.76,False,56.08,15.62,0.01,1.41,3.62,6.67,10.47,15,SL,-26.33,2025-12-24 02:00,10293.33,2025-12-24,2025-12
Div,H1,2025-12-23 21:00,SELL,4497.75,4497.75,4522.44,4343.79,4436.17,False,56.08,15.62,0.01,1.41,3.62,6.67,10.47,14,SL,-24.69,2025-12-24 02:00,10268.64,2025-12-24,2025-12
FollowDiv,H1,2026-01-05 15:00,SELL,4439.92,4439.92,4475.86,4198.83,4343.48,False,69.78,17.09,0.01,1.55,0.38,19.63,26.01,3,SL,-35.94,2026-01-06 09:00,10232.7,2026-01-06,2026-01
FollowDiv,H1,2026-01-06 00:00,SELL,4455.58,4455.58,4487.87,4199.98,4353.34,False,54.82,16.17,0.01,1.21,0.4,12.28,23.1,3,SL,-32.29,2026-01-06 15:00,10200.41,2026-01-06,2026-01
FollowDiv,H1,2026-01-06 03:00,SELL,4455.58,4455.58,4487.91,4339.39,4409.1,False,66.4,16.39,0.01,1.36,0.71,4.33,12.44,3,SL,-32.33,2026-01-06 15:00,10168.08,2026-01-06,2026-01
FollowDiv,H1,2026-01-06 15:00,SELL,4475.78,4475.78,4507.12,4379.05,4437.09,False,68.16,16.49,0.01,1.58,1.37,18.99,25.22,5,SL,-31.34,2026-01-09 16:00,10136.74,2026-01-09,2026-01
Div,H1,2026-01-06 16:00,SELL,4475.78,4475.78,4508.75,4401.67,4446.14,False,60.4,16.72,0.01,1.34,1.17,9.04,27.67,1,SL,-32.97,2026-01-09 16:00,10103.77,2026-01-09,2026-01
Div,H1,2026-01-08 13:00,BUY,4415.67,4415.67,4388.66,4517.47,4456.39,False,31.15,14.37,0.01,-0.68,0.15,4.84,23.62,5,TP,101.8,2026-01-12 00:00,10205.57,2026-01-12,2026-01
Div,H1,2026-01-09 16:00,SELL,4500.51,4500.51,4529.01,4389.15,4455.97,False,75.8,13.74,0.01,1.27,2.21,17.83,26.67,61,SL,-28.5,2026-01-12 00:00,10177.07,2026-01-12,2026-01
FollowDiv,H1,2026-01-13 15:00,SELL,4630.18,4630.18,4665.95,4368.47,4525.49,False,69.99,15.33,0.01,1.3,3.9,18.5,25.44,17,SL,-35.77,2026-01-19 00:00,10141.3,2026-01-19,2026-01
Div,H1,2026-01-14 13:00,SELL,4639.74,4639.74,4669.32,4507.42,4586.81,False,77.6,12.97,0.01,0.72,3.39,8.15,11.62,4,SL,-29.58,2026-01-19 00:00,10111.72,2026-01-19,2026-01
Div,H1,2026-01-14 13:00,SELL,4639.74,4639.74,4668.13,4508.16,4587.11,False,77.6,12.97,0.01,0.72,3.39,8.15,11.62,3,SL,-28.39,2026-01-19 00:00,10083.33,2026-01-19,2026-01
Div,H1,2026-01-14 13:00,SELL,4639.74,4639.74,4667.5,4508.55,4587.26,False,77.6,12.97,0.01,0.72,3.39,8.15,11.62,2,SL,-27.76,2026-01-19 00:00,10055.57,2026-01-19,2026-01
FollowDiv,H1,2026-01-14 20:00,SELL,4641.91,4641.91,4674.05,4504.5,4586.94,False,60.43,16.66,0.01,0.65,3.18,4.09,9.31,3,SL,-32.14,2026-01-19 00:00,10023.43,2026-01-19,2026-01
Div,H1,2026-01-20 06:00,SELL,4681.54,4681.54,4702.88,4632.67,4661.99,False,72.93,11.29,0.01,1.64,3.11,19.28,22.29,1,SL,-21.34,2026-01-20 06:00,10002.09,2026-01-20,2026-01
Div,H1,2026-01-20 07:00,SELL,4697.04,4697.04,4719.61,4622.33,4667.16,False,76.03,11.44,0.01,1.55,3.04,1.96,11.52,1,SL,-22.57,2026-01-20 08:00,9979.52,2026-01-20,2026-01
Div,H1,2026-01-20 08:00,SELL,4716.63,4716.63,4739.52,4610.03,4673.99,False,76.82,11.63,0.01,1.57,3.08,3.71,11.32,1,SL,-22.89,2026-01-20 15:00,9956.63,2026-01-20,2026-01
Div,H1,2026-01-20 09:00,SELL,4717.17,4717.17,4740.43,4609.47,4674.09,False,78.17,11.97,0.01,1.8,3.35,13.27,16.57,1,SL,-23.26,2026-01-20 15:00,9933.369999999999,2026-01-20,2026-01
Div,H1,2026-01-20 10:00,SELL,4722.76,4722.76,4746.7,4605.59,4675.89,False,80.47,12.76,0.01,1.81,3.38,3.06,16.26,1,SL,-23.94,2026-01-20 15:00,9909.43,2026-01-20,2026-01
Div,H1,2026-01-20 11:00,SELL,4731.58,4731.58,4757.1,4599.17,4678.61,False,74.99,12.92,0.01,1.63,3.22,5.9,11.87,1,SL,-25.52,2026-01-20 17:00,9883.91,2026-01-20,2026-01
Div/FollowDiv,H1,2026-01-20 14:00,SELL,4737.48,4737.48,4763.33,4595.32,4680.62,False,82.53,14.47,0.01,1.69,3.36,9.67,23.22,3,SL,-25.85,2026-01-20 19:00,9858.06,2026-01-20,2026-01
Div,H1,2026-01-20 14:00,SELL,4737.48,4737.48,4764.35,4594.68,4680.36,False,82.53,14.47,0.01,1.69,3.36,9.67,23.22,2,SL,-26.87,2026-01-20 19:00,9831.19,2026-01-20,2026-01
Div,H1,2026-01-20 14:00,SELL,4737.48,4737.48,4764.22,4594.77,4680.39,False,82.53,14.47,0.01,1.69,3.36,9.67,23.22,1,SL,-26.74,2026-01-20 19:00,9804.45,2026-01-20,2026-01
Div,H1,2026-01-20 15:00,SELL,4737.48,4737.48,4766.42,4593.41,4679.85,False,86.95,15.46,0.01,1.72,3.42,4.16,22.43,1,SL,-28.94,2026-01-21 00:00,9775.51,2026-01-21,2026-01
FollowDiv,H1,2026-01-21 00:00,SELL,4766.27,4766.27,4799.41,4573.02,4688.97,False,77.45,16.84,0.01,1.9,3.89,15.92,23.87,2,SL,-33.14,2026-01-21 02:00,9742.369999999999,2026-01-21,2026-01
FollowDiv,H1,2026-01-21 14:00,SELL,4878.23,4878.23,4925.78,4584.95,4760.92,False,83.94,24.78,0.01,2.79,5.47,14.2,21.86,7,SL,-47.55,2026-01-22 21:00,9694.82,2026-01-22,2026-01
FollowDiv,H1,2026-01-22 18:00,SELL,4888.41,4888.41,4941.49,4627.11,4783.89,False,85.98,20.47,0.01,1.73,4.96,26.5,35.24,26,SL,-53.08,2026-01-23 00:00,9641.74,2026-01-23,2026-01
FollowDiv,H1,2026-01-23 06:00,SELL,4965.74,4965.74,5013.56,4685.48,4853.64,False,88.18,22.44,0.01,2.06,5.71,4.39,12.62,4,SL,-47.82,2026-01-26 00:00,9593.92,2026-01-26,2026-01
Div,H1,2026-01-26 01:00,SELL,4989.78,4989.78,5037.61,4814.8,4919.79,False,85.47,23.89,0.01,2.88,6.7,1.97,21.41,1,SL,-47.83,2026-01-26 01:00,9546.09,2026-01-26,2026-01
Div,H1,2026-01-26 02:00,SELL,5040.05,5040.05,5087.83,4783.76,4937.53,False,86.84,26.73,0.01,3.37,7.26,29.18,56.48,1,SL,-47.78,2026-01-26 03:00,9498.31,2026-01-26,2026-01
Div,H1,2026-01-26 03:00,SELL,5052.04,5052.04,5105.5,4772.84,4940.36,False,90.65,27.31,0.01,3.47,7.42,9.98,25.99,1,SL,-53.46,2026-01-26 07:00,9444.85,2026-01-26,2026-01
Div,H1,2026-01-26 07:00,SELL,5093.03,5093.03,5146.73,4747.36,4954.76,False,83.79,28.02,0.01,2.93,7.13,3.56,45.53,3,SL,-53.7,2026-01-27 21:00,9391.15,2026-01-27,2026-01
Div,H1,2026-01-26 07:00,SELL,5093.03,5093.03,5146.08,4747.76,4954.92,False,83.79,28.02,0.01,2.93,7.13,3.56,45.53,2,SL,-53.05,2026-01-27 21:00,9338.1,2026-01-27,2026-01
Div,H1,2026-01-26 07:00,SELL,5093.03,5093.03,5146.14,4747.72,4954.91,False,83.79,28.02,0.01,2.93,7.13,3.56,45.53,1,SL,-53.11,2026-01-27 21:00,9284.99,2026-01-27,2026-01
Div,H1,2026-01-26 08:00,SELL,5093.03,5093.03,5149.08,4745.91,4954.18,False,82.94,27.51,0.01,3.03,7.31,11.16,21.85,1,SL,-56.05,2026-01-27 21:00,9228.94,2026-01-27,2026-01
FollowDiv,H1,2026-01-30 18:00,BUY,4942.58,4942.58,4747.43,5885.61,5319.79,False,26.48,99.79,0.01,-8.82,-3.93,136.51,184.84,7,SL,-195.15,2026-01-30 19:00,9033.789999999999,2026-01-30,2026-01
Div,H1,2026-01-30 18:00,BUY,4942.58,4942.58,4741.37,5889.36,5321.29,False,26.48,99.79,0.01,-8.82,-3.93,136.51,184.84,3,SL,-201.21,2026-01-30 19:00,8832.58,2026-01-30,2026-01
Div,H1,2026-01-30 18:00,BUY,4942.58,4942.58,4744.94,5548.44,5184.92,False,26.48,99.79,0.01,-8.82,-3.93,136.51,184.84,2,SL,-197.64,2026-01-30 19:00,8634.94,2026-01-30,2026-01
Div,H1,2026-01-30 18:00,BUY,4942.58,4942.58,4758.23,5540.23,5181.64,False,26.48,99.79,0.01,-8.82,-3.93,136.51,184.84,1,SL,-184.35,2026-01-30 19:00,8450.59,2026-01-30,2026-01
Div,H1,2026-01-30 19:00,BUY,4942.58,4942.58,4743.0,5549.64,5185.4,False,27.72,112.42,0.01,-8.1,-3.34,30.08,213.43,1,SL,-199.58,2026-01-30 19:00,8251.01,2026-01-30,2026-01
Div,H1,2026-02-02 00:00,BUY,4800.95,4800.95,4576.11,5652.78,5141.68,False,29.71,125.12,0.01,-10.14,-6.16,87.65,139.55,4,SL,-224.84,2026-02-02 06:00,8026.17,2026-02-02,2026-02
Div,H1,2026-02-02 02:00,BUY,4680.35,4680.35,4448.34,5731.74,5100.91,False,25.28,127.54,0.01,-9.79,-6.23,29.86,200.4,5,SL,-232.01,2026-02-02 07:00,7794.16,2026-02-02,2026-02
Div,H1,2026-02-02 02:00,BUY,4680.35,4680.35,4439.37,5737.28,5103.12,False,25.28,127.54,0.01,-9.79,-6.23,29.86,200.4,4,SL,-240.98,2026-02-02 07:00,7553.18,2026-02-02,2026-02
Div,H1,2026-02-02 02:00,BUY,4680.35,4680.35,4440.46,5736.61,5102.85,False,25.28,127.54,0.01,-9.79,-6.23,29.86,200.4,3,SL,-239.89,2026-02-02 07:00,7313.290000000001,2026-02-02,2026-02
FollowDiv,H1,2026-02-11 11:00,SELL,5091.84,5091.84,5166.96,4918.82,5022.63,False,75.68,21.51,0.01,1.06,2.85,30.35,38.56,111,TP,173.02,2026-02-12 17:00,7486.31,2026-02-12,2026-02
Div,H1,2026-02-19 16:00,SELL,5021.92,5021.92,5059.5,4899.71,4973.04,False,65.44,19.59,0.01,1.36,0.3,8.25,26.01,1,SL,-37.58,2026-02-20 15:00,7448.7300000000005,2026-02-20,2026-02
Div,H1,2026-02-20 11:00,SELL,5030.59,5030.59,5065.78,4929.83,4990.29,False,66.3,18.09,0.01,0.97,0.74,7.16,18.88,1,SL,-35.19,2026-02-20 17:00,7413.540000000001,2026-02-20,2026-02
Div,H1,2026-02-20 14:00,SELL,5042.67,5042.67,5078.86,4921.75,4994.3,False,67.6,19.44,0.01,1.02,0.93,18.25,30.41,3,SL,-36.19,2026-02-20 20:00,7377.35,2026-02-20,2026-02
Div,H1,2026-02-20 15:00,SELL,5042.67,5042.67,5081.55,4920.09,4993.64,False,65.94,19.55,0.01,1.18,1.15,11.09,23.12,1,SL,-38.88,2026-02-20 21:00,7338.47,2026-02-20,2026-02
Div,H1,2026-02-20 18:00,SELL,5064.1,5064.1,5113.35,4938.23,5013.75,False,74.3,24.94,0.01,1.4,1.52,6.61,21.79,1,SL,-49.25,2026-02-23 00:00,7289.22,2026-02-23,2026-02
Div,H1,2026-02-20 19:00,SELL,5069.27,5069.27,5119.15,4934.65,5015.42,False,71.65,25.26,0.01,1.33,1.48,1.74,21.08,1,SL,-49.88,2026-02-23 00:00,7239.34,2026-02-23,2026-02
Div,H1,2026-02-20 20:00,SELL,5076.37,5076.37,5126.88,4904.49,5007.62,False,70.97,25.05,0.01,1.46,1.64,8.3,11.0,1,SL,-50.51,2026-02-23 00:00,7188.83,2026-02-23,2026-02
Div,H1,2026-02-20 21:00,SELL,5076.37,5076.37,5126.46,4904.74,5007.72,False,72.49,25.28,0.01,1.78,1.99,17.78,21.33,1,SL,-50.09,2026-02-23 00:00,7138.74,2026-02-23,2026-02
Div,H1,2026-02-20 22:00,SELL,5079.86,5079.86,5130.41,4902.3,5008.84,False,80.07,24.84,0.01,1.89,2.13,7.54,15.99,1,SL,-50.55,2026-02-23 00:00,7088.19,2026-02-23,2026-02
Div,H1,2026-02-23 00:00,SELL,5098.22,5098.22,5147.91,4891.49,5015.53,False,83.82,27.81,0.01,3.02,3.33,48.4,54.85,1,SL,-49.69,2026-02-23 00:00,7038.5,2026-02-23,2026-02
Div,H1,2026-02-23 01:00,SELL,5107.76,5107.76,5163.38,4881.93,5017.43,False,76.44,29.38,0.01,2.54,2.9,20.81,37.14,1,SL,-55.62,2026-02-23 01:00,6982.879999999999,2026-02-23,2026-02
Div,H1,2026-02-23 03:00,SELL,5171.86,5171.86,5230.62,4840.37,5039.27,False,84.6,30.06,0.01,2.97,3.45,16.58,19.99,2,SL,-58.76,2026-02-23 21:00,6924.119999999999,2026-02-23,2026-02
Div,H1,2026-02-23 03:00,SELL,5171.86,5171.86,5231.88,4839.6,5038.96,False,84.6,30.06,0.01,2.97,3.45,16.58,19.99,1,SL,-60.02,2026-02-23 21:00,6864.099999999999,2026-02-23,2026-02
Div,H1,2026-02-23 04:00,SELL,5171.86,5171.86,5231.98,4839.53,5038.93,False,81.47,30.37,0.01,2.75,3.3,6.91,23.69,1,SL,-60.12,2026-02-23 21:00,6803.98,2026-02-23,2026-02
Div,H1,2026-02-23 15:00,SELL,5176.7,5176.7,5237.44,4836.16,5040.48,False,63.04,21.83,0.01,2.52,3.68,46.05,58.99,11,SL,-60.74,2026-02-23 21:00,6743.24,2026-02-23,2026-02
Div,H1,2026-02-25 06:00,SELL,5193.82,5193.82,5243.94,5001.59,5116.93,False,74.47,23.84,0.01,0.56,3.43,19.08,27.95,1,SL,-50.12,2026-02-27 16:00,6693.12,2026-02-27,2026-02
Div,H1,2026-02-25 07:00,SELL,5193.82,5193.82,5241.51,5003.1,5117.53,False,66.4,22.58,0.01,0.41,3.28,7.16,19.38,1,SL,-47.69,2026-02-27 16:00,6645.43,2026-02-27,2026-02
Div,H1,2026-02-25 17:00,SELL,5210.68,5210.68,5255.83,4994.25,5124.11,False,65.44,19.88,0.01,0.62,3.42,17.42,24.11,10,SL,-45.15,2026-02-27 17:00,6600.28,2026-02-27,2026-02
FollowDiv,H1,2026-02-27 17:00,SELL,5249.74,5249.74,5296.58,5014.77,5155.75,False,69.0,18.47,0.01,0.8,2.83,10.2,35.62,85,SL,-46.84,2026-03-02 00:00,6553.44,2026-03-02,2026-03
FollowDiv,H1,2026-03-13 20:00,BUY,5032.1,5032.1,4982.17,5219.13,5106.91,False,25.47,27.67,0.01,-2.07,-2.47,30.09,40.06,3,SL,-49.93,2026-03-16 00:00,6503.51,2026-03-16,2026-03
FollowDiv,H1,2026-03-18 11:00,BUY,4967.68,4967.68,4905.12,5266.74,5087.31,False,33.92,16.07,0.01,-0.72,-2.53,24.28,33.32,56,SL,-62.56,2026-03-18 13:00,6440.95,2026-03-18,2026-03
FollowDiv,H1,2026-03-18 11:00,BUY,4967.68,4967.68,4900.8,5258.28,5083.92,False,33.92,16.07,0.01,-0.72,-2.53,24.28,33.32,53,SL,-66.88,2026-03-18 13:00,6374.07,2026-03-18,2026-03
FollowDiv,H1,2026-03-23 06:00,BUY,4320.21,4320.21,4189.58,5008.32,4595.46,False,19.35,65.54,0.01,-6.62,-12.97,57.29,77.65,1,SL,-130.63,2026-03-23 07:00,6243.44,2026-03-23,2026-03
Div,H1,2026-03-23 07:00,BUY,4320.21,4320.21,4189.12,5008.6,4595.57,False,16.24,73.21,0.01,-8.32,-14.7,89.7,146.86,1,SL,-131.09,2026-03-23 07:00,6112.349999999999,2026-03-23,2026-03
Div,H1,2026-03-23 08:00,BUY,4302.4,4302.4,4155.97,5029.09,4593.08,False,10.46,78.35,0.01,-8.43,-14.95,16.88,133.53,1,SL,-146.43,2026-03-23 08:00,5965.92,2026-03-23,2026-03
FollowDiv,H1,2026-04-01 08:00,SELL,4722.53,4722.53,4787.91,4370.0,4581.52,False,77.4,28.94,0.01,3.18,4.94,46.26,50.42,5,SL,-65.38,2026-04-01 17:00,5900.54,2026-04-01,2026-04
Div,H1,2026-04-01 14:00,SELL,4747.72,4747.72,4806.04,4572.66,4677.7,False,60.26,28.77,0.01,2.49,4.73,27.74,29.31,1,TP,175.06,2026-04-02 08:00,6075.6,2026-04-02,2026-04
FollowDiv,H1,2026-04-01 16:00,SELL,4762.85,4762.85,4820.39,4563.79,4683.23,False,61.34,30.26,0.01,3.07,5.51,22.55,44.54,2,TP,199.06,2026-04-02 08:00,6274.66,2026-04-02,2026-04
Div,H1,2026-04-01 18:00,SELL,4768.84,4768.84,4827.52,4559.38,4685.06,False,73.19,28.91,0.01,3.45,6.06,0.71,16.44,1,TP,209.46,2026-04-02 08:00,6484.12,2026-04-02,2026-04
Div,H1,2026-04-01 19:00,SELL,4788.13,4788.13,4845.95,4556.54,4695.49,False,70.02,29.24,0.01,3.06,5.76,12.8,19.21,1,TP,231.59,2026-04-02 08:00,6715.71,2026-04-02,2026-04
Div,H1,2026-04-02 01:00,SELL,4790.76,4790.76,4849.23,4554.51,4696.26,False,63.22,27.25,0.01,2.74,5.94,7.61,26.67,5,TP,236.25,2026-04-02 08:00,6951.96,2026-04-02,2026-04
Div,H1,2026-04-02 01:00,SELL,4793.0,4793.0,4853.83,4551.67,4696.47,False,63.22,27.25,0.01,2.74,5.94,7.61,26.67,3,SL,-60.83,2026-04-08 02:00,6891.13,2026-04-08,2026-04
Div,H1,2026-04-08 21:00,BUY,4713.75,4713.75,4649.86,4963.64,4813.71,False,28.93,31.14,0.01,0.34,2.54,25.42,32.07,1,SL,-63.89,2026-04-13 00:00,6827.24,2026-04-13,2026-04
Div,H1,2026-04-09 02:00,BUY,4703.82,4703.82,4641.55,4968.78,4809.8,False,31.76,29.86,0.01,-0.26,1.91,8.75,20.44,4,SL,-62.27,2026-04-28 07:00,6764.97,2026-04-28,2026-04
Div,H1,2026-04-09 02:00,BUY,4699.76,4699.76,4638.16,4970.87,4808.2,False,31.76,29.86,0.01,-0.26,1.91,8.75,20.44,3,SL,-61.6,2026-04-28 07:00,6703.370000000001,2026-04-28,2026-04
Div,H1,2026-04-09 02:00,BUY,4699.76,4699.76,4636.5,4971.89,4808.61,False,31.76,29.86,0.01,-0.26,1.91,8.75,20.44,2,SL,-63.26,2026-04-28 07:00,6640.110000000001,2026-04-28,2026-04
Div,H1,2026-04-09 02:00,BUY,4699.76,4699.76,4638.6,4970.6,4808.09,False,31.76,29.86,0.01,-0.26,1.91,8.75,20.44,1,SL,-61.16,2026-04-28 07:00,6578.950000000001,2026-04-28,2026-04
Div,H1,2026-04-13 00:00,BUY,4652.68,4652.68,4594.78,5019.88,4799.56,False,23.62,25.75,0.01,-1.87,-0.57,10.55,40.53,54,SL,-57.9,2026-04-28 13:00,6521.05,2026-04-28,2026-04
Div,H1,2026-04-13 00:00,BUY,4653.93,4653.93,4594.51,5020.04,4800.38,False,23.62,25.75,0.01,-1.87,-0.57,10.55,40.53,53,SL,-59.42,2026-04-28 13:00,6461.63,2026-04-28,2026-04
FollowDiv,H1,2026-04-17 15:00,SELL,4871.19,4871.19,4907.75,4654.37,4784.46,False,77.05,21.03,0.01,1.53,2.46,33.73,54.69,54,TP,216.82,2026-04-28 07:00,6678.450000000001,2026-04-28,2026-04
FollowDiv,H1,2026-04-23 19:00,BUY,4668.54,4668.54,4609.73,4914.25,4766.82,False,51.72,22.24,0.01,-0.46,-1.46,23.73,70.2,41,SL,-58.81,2026-04-28 11:00,6619.64,2026-04-28,2026-04
Div,H1,2026-04-24 06:00,BUY,4664.34,4664.34,4621.42,4818.35,4725.94,False,29.62,21.61,0.01,-1.07,-2.15,2.32,19.0,1,SL,-42.92,2026-04-28 09:00,6576.72,2026-04-28,2026-04
Div,H1,2026-04-28 07:00,BUY,4664.34,4664.34,4621.13,4818.53,4726.02,False,26.82,13.11,0.01,-1.32,-2.6,35.51,44.19,47,SL,-43.21,2026-04-28 09:00,6533.51,2026-04-28,2026-04
Div,H1,2026-04-28 07:00,BUY,4657.99,4657.99,4615.03,4822.3,4723.71,False,26.82,13.11,0.01,-1.32,-2.6,35.51,44.19,46,SL,-42.96,2026-04-28 10:00,6490.55,2026-04-28,2026-04
Div,H1,2026-04-28 07:00,BUY,4657.99,4657.99,4615.49,4822.01,4723.6,False,26.82,13.11,0.01,-1.32,-2.6,35.51,44.19,45,SL,-42.5,2026-04-28 10:00,6448.05,2026-04-28,2026-04
FollowDiv,H1,2026-04-28 07:00,BUY,4657.99,4657.99,4615.08,4822.27,4723.7,False,26.82,13.11,0.01,-1.32,-2.6,35.51,44.19,44,SL,-42.91,2026-04-28 10:00,6405.14,2026-04-28,2026-04
FollowDiv,H1,2026-04-28 07:00,BUY,4657.99,4657.99,4620.64,4767.13,4701.65,False,26.82,13.11,0.01,-1.32,-2.6,35.51,44.19,40,SL,-37.35,2026-04-28 10:00,6367.790000000001,2026-04-28,2026-04
FollowDiv,H1,2026-04-28 07:00,BUY,4657.99,4657.99,4616.94,4769.42,4702.56,False,26.82,13.11,0.01,-1.32,-2.6,35.51,44.19,38,SL,-41.05,2026-04-28 10:00,6326.74,2026-04-28,2026-04
FollowDiv,H1,2026-04-28 10:00,BUY,4623.3,4623.3,4595.52,4766.54,4680.6,False,20.79,14.09,0.01,-1.32,-2.59,3.48,20.65,1,SL,-27.78,2026-04-28 13:00,6298.96,2026-04-28,2026-04
FollowDiv,H1,2026-04-29 11:00,BUY,4554.96,4554.96,4507.55,4820.91,4661.34,False,31.63,15.29,0.01,-1.72,-3.6,17.4,29.09,17,SL,-47.41,2026-05-04 18:00,6251.55,2026-05-04,2026-05
FollowDiv,H1,2026-05-04 18:00,BUY,4510.13,4510.13,4465.46,4695.64,4584.33,False,13.77,22.77,0.01,-1.94,-2.97,11.04,26.07,64,TP,185.51,2026-05-06 10:00,6437.06,2026-05-06,2026-05
FollowDiv,H1,2026-05-07 08:00,SELL,4723.02,4723.02,4767.64,4399.22,4593.5,False,70.79,16.38,0.01,2.25,2.6,37.89,48.93,18,SL,-44.62,2026-05-12 01:00,6392.4400000000005,2026-05-12,2026-05
FollowDiv,H1,2026-05-07 14:00,SELL,4750.55,4750.55,4786.16,4623.06,4699.56,False,69.55,19.12,0.01,1.97,2.83,7.33,19.22,4,TP,127.49,2026-05-15 02:00,6519.93,2026-05-15,2026-05
Div,H1,2026-05-07 15:00,SELL,4753.49,4753.49,4791.73,4630.93,4704.47,False,66.82,20.39,0.01,1.81,2.75,3.77,26.91,1,TP,122.56,2026-05-15 02:00,6642.49,2026-05-15,2026-05
Div,H1,2026-05-07 16:00,SELL,4753.49,4753.49,4794.26,4629.37,4703.84,False,75.28,20.83,0.01,2.07,3.09,16.48,21.88,1,TP,124.12,2026-05-15 02:00,6766.610000000001,2026-05-15,2026-05
Div,H1,2026-05-07 17:00,SELL,4758.19,4758.19,4799.85,4625.92,4705.28,False,54.69,20.99,0.01,1.28,2.36,33.54,38.29,1,TP,132.27,2026-05-15 02:00,6898.88,2026-05-15,2026-05
FollowDiv,H1,2026-05-12 01:00,SELL,4763.4,4763.4,4805.37,4622.5,4707.04,False,78.75,19.6,0.01,1.28,2.84,16.49,23.32,53,TP,140.9,2026-05-15 02:00,7039.780000000001,2026-05-15,2026-05
FollowDiv,H1,2026-05-15 02:00,BUY,4644.38,4644.38,4611.16,4785.21,4700.71,False,22.65,19.09,0.01,-1.27,-0.87,21.96,44.64,2,SL,-33.22,2026-05-15 03:00,7006.56,2026-05-15,2026-05
FollowDiv,H1,2026-05-18 02:00,BUY,4511.82,4511.82,4458.97,4792.99,4624.29,False,41.83,25.32,0.01,-2.39,-3.36,20.97,62.17,9,SL,-52.85,2026-05-20 03:00,6953.710000000001,2026-05-20,2026-05
Div,H1,2026-05-19 15:00,BUY,4525.5,4525.5,4491.9,4649.46,4575.08,False,20.09,21.39,0.01,-0.95,-3.31,33.2,72.42,2,SL,-33.6,2026-05-19 15:00,6920.110000000001,2026-05-19,2026-05
Div,H1,2026-05-19 15:00,BUY,4525.5,4525.5,4490.89,4650.09,4575.33,False,20.09,21.39,0.01,-0.95,-3.31,33.2,72.42,1,SL,-34.61,2026-05-19 15:00,6885.5,2026-05-19,2026-05
Div,H1,2026-05-19 16:00,BUY,4525.5,4525.5,4482.71,4655.14,4577.36,False,21.52,21.52,0.01,-1.13,-3.5,9.84,29.69,1,SL,-42.79,2026-05-19 21:00,6842.710000000001,2026-05-19,2026-05
Div,H1,2026-05-20 03:00,BUY,4464.99,4464.99,4425.12,4642.22,4535.88,False,27.97,23.46,0.01,-1.17,-3.55,19.46,50.04,2,SL,-39.87,2026-05-27 13:00,6802.84,2026-05-27,2026-05
Div,H1,2026-05-20 03:00,BUY,4464.99,4464.99,4421.95,4644.18,4536.67,False,27.97,23.46,0.01,-1.17,-3.55,19.46,50.04,10,SL,-43.04,2026-05-27 15:00,6759.800000000001,2026-05-27,2026-05
Div/FollowDiv,H1,2026-05-20 03:00,BUY,4464.99,4464.99,4421.77,4644.29,4536.71,False,27.97,23.46,0.01,-1.17,-3.55,19.46,50.04,9,SL,-43.22,2026-05-27 15:00,6716.580000000001,2026-05-27,2026-05
Div,H1,2026-05-20 03:00,BUY,4464.99,4464.99,4422.02,4644.14,4536.65,False,27.97,23.46,0.01,-1.17,-3.55,19.46,50.04,8,SL,-42.97,2026-05-27 15:00,6673.610000000001,2026-05-27,2026-05
Div,H1,2026-05-20 03:00,BUY,4464.99,4464.99,4421.95,4644.18,4536.67,False,27.97,23.46,0.01,-1.17,-3.55,19.46,50.04,7,SL,-43.04,2026-05-27 15:00,6630.5700000000015,2026-05-27,2026-05
Div,H1,2026-05-20 03:00,BUY,4464.99,4464.99,4421.13,4644.69,4536.87,False,27.97,23.46,0.01,-1.17,-3.55,19.46,50.04,6,SL,-43.86,2026-05-27 15:00,6586.710000000001,2026-05-27,2026-05
Div,H1,2026-05-20 03:00,BUY,4464.99,4464.99,4421.04,4644.75,4536.89,False,27.97,23.46,0.01,-1.17,-3.55,19.46,50.04,5,SL,-43.95,2026-05-27 15:00,6542.760000000001,2026-05-27,2026-05
Div,H1,2026-05-20 03:00,BUY,4464.99,4464.99,4422.9,4643.6,4536.43,False,27.97,23.46,0.01,-1.17,-3.55,19.46,50.04,4,SL,-42.09,2026-05-27 15:00,6500.670000000001,2026-05-27,2026-05
Div,H1,2026-05-20 03:00,BUY,4464.99,4464.99,4424.23,4642.78,4536.1,False,27.97,23.46,0.01,-1.17,-3.55,19.46,50.04,3,SL,-40.76,2026-05-27 15:00,6459.910000000001,2026-05-27,2026-05
Div,H1,2026-05-20 03:00,BUY,4464.99,4464.99,4422.47,4643.86,4536.54,False,27.97,23.46,0.01,-1.17,-3.55,19.46,50.04,1,SL,-42.52,2026-05-27 15:00,6417.390000000001,2026-05-27,2026-05
Div,H1,2026-05-20 04:00,BUY,4464.99,4464.99,4418.07,4646.58,4537.63,False,27.57,24.21,0.01,-1.49,-3.87,16.06,28.56,1,SL,-46.92,2026-05-27 15:00,6370.470000000001,2026-05-27,2026-05
FollowDiv,H1,2026-05-27 12:00,BUY,4453.46,4453.46,4416.01,4629.46,4523.86,False,28.52,18.93,0.01,-1.84,-2.01,44.36,47.87,118,SL,-37.45,2026-05-27 15:00,6333.02,2026-05-27,2026-05
FollowDiv,H1,2026-05-28 04:00,BUY,4401.5,4401.5,4355.72,4633.94,4494.47,False,38.0,20.44,0.01,-2.15,-2.84,15.51,20.06,7,SL,-45.78,2026-06-05 16:00,6287.240000000001,2026-06-05,2026-06
FollowDiv,H1,2026-06-03 15:00,BUY,4438.98,4438.98,4404.29,4553.79,4484.9,False,38.19,19.29,0.01,-0.92,-1.27,14.55,39.3,3,SL,-34.69,2026-06-05 15:00,6252.550000000001,2026-06-05,2026-06
FollowDiv,H1,2026-06-04 00:00,BUY,4426.47,4426.47,4390.21,4548.89,4475.44,False,47.97,18.28,0.01,-0.71,-1.12,11.71,28.93,3,SL,-36.26,2026-06-05 15:00,6216.290000000001,2026-06-05,2026-06
FollowDiv,H1,2026-06-05 15:00,BUY,4366.4,4366.4,4330.76,4548.41,4439.21,False,21.01,21.38,0.01,-2.1,-2.64,40.42,55.46,142,SL,-35.64,2026-06-05 18:00,6180.650000000001,2026-06-05,2026-06
FollowDiv,H1,2026-06-08 00:00,BUY,4313.89,4313.89,4264.34,4618.68,4435.81,False,15.27,25.13,0.01,-2.78,-3.53,2.77,20.49,1,SL,-49.55,2026-06-09 17:00,6131.1,2026-06-09,2026-06
FollowDiv,H1,2026-06-10 13:00,BUY,4161.43,4161.43,4114.24,4517.61,4303.9,False,22.86,25.3,0.01,-3.12,-6.21,27.05,30.28,1,SL,-47.19,2026-06-10 17:00,6083.91,2026-06-10,2026-06
Div,H1,2026-06-10 20:00,BUY,4106.86,4106.86,4044.8,4331.27,4196.62,False,33.26,31.67,0.01,-3.63,-6.99,10.5,23.41,1,SL,-62.06,2026-06-11 00:00,6021.85,2026-06-11,2026-06
Div,H1,2026-06-10 21:00,BUY,4100.91,4100.91,4037.58,4335.73,4194.84,False,20.55,30.58,0.01,-3.94,-7.36,18.71,20.47,1,SL,-63.33,2026-06-11 00:00,5958.52,2026-06-11,2026-06
Div,H1,2026-06-10 22:00,BUY,4097.02,4097.02,4035.85,4336.8,4192.93,False,19.47,30.29,0.01,-4.12,-7.6,12.65,15.95,1,SL,-61.17,2026-06-11 01:00,5897.35,2026-06-11,2026-06
Div,H1,2026-06-11 00:00,BUY,4081.68,4081.68,4021.11,4345.91,4187.37,False,18.84,30.83,0.01,-4.54,-8.09,18.84,33.03,1,TP,264.23,2026-06-15 13:00,6161.58,2026-06-15,2026-06
Div,H1,2026-06-11 01:00,BUY,4067.16,4067.16,4005.49,4355.56,4182.52,False,20.86,31.88,0.01,-4.4,-8.02,0.63,40.87,1,TP,288.4,2026-06-15 15:00,6449.9800000000005,2026-06-15,2026-06
Div,H1,2026-06-11 02:00,BUY,4036.14,4036.14,3972.39,4376.02,4172.09,False,30.46,33.71,0.01,-3.6,-7.32,28.87,42.01,1,TP,339.88,2026-06-17 19:00,6789.860000000001,2026-06-17,2026-06
Div,H1,2026-06-17 16:00,SELL,4360.78,4360.78,4386.62,4256.24,4318.96,False,55.43,14.16,0.01,0.27,1.61,4.77,33.03,25,TP,104.54,2026-06-17 21:00,6894.400000000001,2026-06-17,2026-06
FollowDiv,H1,2026-06-17 19:00,SELL,4369.3,4369.3,4401.91,4238.31,4316.91,False,74.08,15.89,0.01,1.04,2.45,19.57,26.87,44,TP,130.99,2026-06-17 21:00,7025.39,2026-06-17,2026-06
Div,H1,2026-06-17 19:00,SELL,4369.3,4369.3,4393.96,4251.71,4322.26,False,74.08,15.89,0.01,1.04,2.45,19.57,26.87,29,TP,117.59,2026-06-17 21:00,7142.9800000000005,2026-06-17,2026-06
FollowDiv,H1,2026-06-24 01:00,BUY,4090.94,4090.94,4045.72,4292.95,4171.74,False,47.15,17.21,0.01,-1.43,-3.12,5.21,23.35,9,SL,-45.22,2026-06-24 13:00,7097.76,2026-06-24,2026-06
FollowDiv,H1,2026-07-06 01:00,SELL,4195.44,4195.44,4225.63,4022.96,4126.45,False,52.39,13.56,0.01,1.59,3.1,5.0,24.18,9,TP,172.48,2026-07-08 17:00,7270.240000000001,2026-07-08,2026-07
FollowDiv,H1,2026-07-13 16:00,BUY,4021.78,4021.78,3973.92,4232.8,4106.19,False,25.93,19.24,0.01,-1.98,-2.11,28.02,46.78,67,SL,-47.86,2026-07-16 15:00,7222.380000000001,2026-07-16,2026-07
Div,H1,2026-07-21 06:00,SELL,4045.1,4045.1,4072.62,3952.34,4008.0,False,78.54,13.5,0.01,1.04,0.1,2.63,7.97,1,SL,-27.52,2026-07-21 08:00,7194.860000000001,2026-07-21,2026-07
Div,H1,2026-07-21 07:00,SELL,4050.74,4050.74,4077.74,3949.18,4010.11,False,81.34,13.95,0.01,1.3,0.39,11.9,21.48,1,SL,-27.0,2026-07-21 08:00,7167.860000000001,2026-07-21,2026-07
Div,H1,2026-07-21 08:00,SELL,4051.74,4051.74,4079.63,3948.0,4010.25,False,83.46,14.5,0.01,1.67,0.81,17.04,22.66,1,SL,-27.89,2026-07-21 08:00,7139.970000000001,2026-07-21,2026-07
Div,H1,2026-07-21 09:00,SELL,4067.91,4067.91,4096.91,3937.33,4015.68,False,79.33,14.19,0.01,1.45,0.63,7.16,12.56,1,SL,-29.0,2026-07-22 02:00,7110.970000000001,2026-07-22,2026-07
Div,H1,2026-07-21 20:00,SELL,4084.12,4084.12,4112.5,3927.69,4021.55,False,66.17,14.53,0.01,1.31,0.91,13.57,19.33,11,SL,-28.38,2026-07-22 03:00,7082.59,2026-07-22,2026-07
Div,H1,2026-07-21 20:00,SELL,4084.12,4084.12,4113.07,3927.34,4021.41,False,66.17,14.53,0.01,1.31,0.91,13.57,19.33,10,SL,-28.95,2026-07-22 03:00,7053.640000000001,2026-07-22,2026-07
Div,H1,2026-07-21 20:00,SELL,4084.12,4084.12,4113.09,3927.33,4021.4,False,66.17,14.53,0.01,1.31,0.91,13.57,19.33,9,SL,-28.97,2026-07-22 03:00,7024.670000000001,2026-07-22,2026-07
Div,H1,2026-07-21 20:00,SELL,4084.12,4084.12,4112.43,3927.73,4021.57,False,66.17,14.53,0.01,1.31,0.91,13.57,19.33,8,SL,-28.31,2026-07-22 03:00,6996.360000000001,2026-07-22,2026-07
FollowDiv,H1,2026-07-24 04:00,BUY,4040.06,4040.06,4015.13,4218.89,4111.59,False,24.34,12.85,0.01,-1.85,-0.51,19.01,25.16,2,SL,-24.93,2026-07-28 16:00,6971.430000000001,2026-07-28,2026-07
FollowDiv,H1,2026-07-28 11:00,BUY,4022.01,4022.01,3996.45,4105.58,4055.44,False,20.42,11.84,0.01,-1.15,-0.75,21.97,26.37,42,SL,-25.56,2026-07-29 16:00,6945.870000000001,2026-07-29,2026-07
Div,H1,2026-08-06 01:00,SELL,4267.78,4267.78,4311.8,3913.25,4125.97,False,81.89,21.95,0.01,3.73,4.97,28.27,33.1,3,SL,-44.02,2026-08-07 10:00,6901.850000000001,2026-08-07,2026-08
Div,H1,2026-08-06 01:00,SELL,4267.78,4267.78,4310.18,3914.26,4126.37,False,81.89,21.95,0.01,3.73,4.97,28.27,33.1,2,SL,-42.4,2026-08-07 10:00,6859.450000000001,2026-08-07,2026-08
Div,H1,2026-08-06 01:00,SELL,4267.78,4267.78,4308.87,3915.06,4126.69,False,81.89,21.95,0.01,3.73,4.97,28.27,33.1,1,SL,-41.09,2026-08-07 10:00,6818.360000000001,2026-08-07,2026-08
Div,H1,2026-08-06 02:00,SELL,4267.78,4267.78,4311.67,3913.33,4126.0,False,84.39,23.5,0.01,4.02,5.34,16.65,35.75,1,SL,-43.89,2026-08-07 10:00,6774.470000000001,2026-08-07,2026-08
Div,H1,2026-08-06 03:00,SELL,4282.15,4282.15,4329.14,4039.74,4185.19,False,80.73,24.82,0.01,3.7,5.11,8.13,29.87,1,SL,-46.99,2026-08-07 14:00,6727.480000000001,2026-08-07,2026-08
Div,H1,2026-08-06 04:00,SELL,4300.26,4300.26,4349.91,4026.91,4190.92,False,74.34,24.63,0.01,3.39,4.89,7.91,28.98,1,SL,-49.65,2026-08-07 14:00,6677.830000000002,2026-08-07,2026-08
Div,H1,2026-08-07 10:00,SELL,4302.75,4302.75,4352.0,4025.61,4191.9,False,69.25,16.78,0.01,1.43,4.88,15.95,27.62,29,SL,-49.25,2026-08-07 14:00,6628.580000000002,2026-08-07,2026-08
Div,H1,2026-08-07 10:00,SELL,4304.04,4304.04,4351.88,4025.69,4192.7,False,69.25,16.78,0.01,1.43,4.88,15.95,27.62,28,SL,-47.84,2026-08-07 14:00,6580.740000000002,2026-08-07,2026-08
Div,H1,2026-08-07 10:00,SELL,4304.04,4304.04,4350.65,4026.45,4193.01,False,69.25,16.78,0.01,1.43,4.88,15.95,27.62,27,SL,-46.61,2026-08-07 14:00,6534.130000000001,2026-08-07,2026-08
FollowDiv,H1,2026-08-07 10:00,SELL,4304.04,4304.04,4345.48,4029.65,4194.28,False,69.25,16.78,0.01,1.43,4.88,15.95,27.62,25,SL,-41.44,2026-08-07 14:00,6492.6900000000005,2026-08-07,2026-08
FollowDiv,H1,2026-08-13 02:00,SELL,4441.1,4441.1,4480.77,4321.37,4393.21,False,55.19,21.05,0.01,0.7,4.45,13.7,36.75,3,TP,119.73,2026-08-14 03:00,6612.420000000001,2026-08-14,2026-08
Div,H1,2026-08-19 14:00,SELL,4406.56,4406.56,4433.49,4257.44,4346.91,False,84.18,18.44,0.01,1.26,1.58,73.99,80.13,1,SL,-26.93,2026-08-19 14:00,6585.490000000002,2026-08-19,2026-08
Div,H1,2026-08-19 15:00,SELL,4377.5,4377.5,4414.38,4269.24,4334.2,False,86.48,20.62,0.01,1.71,2.03,21.01,41.61,1,SL,-36.88,2026-08-19 15:00,6548.610000000001,2026-08-19,2026-08
Div,H1,2026-08-19 16:00,SELL,4442.18,4442.18,4483.43,4226.57,4355.94,False,88.09,22.61,0.01,2.32,2.66,28.58,43.47,1,SL,-41.25,2026-08-19 16:00,6507.360000000001,2026-08-19,2026-08
Div,H1,2026-08-19 17:00,SELL,4466.12,4466.12,4511.33,4209.33,4363.4,False,87.26,21.38,0.01,2.4,2.76,5.65,15.81,1,SL,-45.21,2026-08-19 21:00,6462.1500000000015,2026-08-19,2026-08
Div,H1,2026-08-19 18:00,SELL,4498.61,4498.61,4541.37,4190.77,4375.47,False,87.98,21.24,0.01,2.35,2.73,0.02,8.71,1,SL,-42.76,2026-08-21 03:00,6419.390000000001,2026-08-21,2026-08
Div,H1,2026-08-19 19:00,SELL,4498.61,4498.61,4541.09,4190.94,4375.54,False,84.67,21.69,0.01,2.15,2.54,6.65,14.74,1,SL,-42.48,2026-08-20 17:00,6376.910000000001,2026-08-20,2026-08
Div,H1,2026-08-19 21:00,SELL,4499.35,4499.35,4542.73,4189.93,4375.58,False,94.99,22.71,0.01,2.64,3.04,16.3,17.77,2,SL,-43.38,2026-08-21 03:00,6333.530000000001,2026-08-21,2026-08
Div,H1,2026-08-19 21:00,SELL,4499.35,4499.35,4544.45,4188.86,4375.15,False,94.99,22.71,0.01,2.64,3.04,16.3,17.77,1,SL,-45.1,2026-08-21 06:00,6288.43,2026-08-21,2026-08
FollowDiv,H1,2026-08-20 17:00,SELL,4525.44,4525.44,4560.49,4417.61,4482.31,False,61.8,18.31,0.01,2.08,2.89,5.76,30.81,11,SL,-35.05,2026-08-21 08:00,6253.380000000001,2026-08-21,2026-08
Div,H1,2026-08-20 17:00,SELL,4525.44,4525.44,4570.64,4189.6,4391.1,False,61.8,18.31,0.01,2.08,2.89,5.76,30.81,16,SL,-45.2,2026-08-21 10:00,6208.18,2026-08-21,2026-08
Div,H1,2026-08-20 17:00,SELL,4525.44,4525.44,4571.89,4188.83,4390.79,False,61.8,18.31,0.01,2.08,2.89,5.76,30.81,15,SL,-46.45,2026-08-21 10:00,6161.730000000001,2026-08-21,2026-08
Div,H1,2026-08-20 17:00,SELL,4525.44,4525.44,4574.14,4187.44,4390.24,False,61.8,18.31,0.01,2.08,2.89,5.76,30.81,14,SL,-48.7,2026-08-21 10:00,6113.030000000001,2026-08-21,2026-08
Div,H1,2026-08-21 06:00,SELL,4543.62,4543.62,4584.6,4367.82,4473.3,False,71.96,18.86,0.01,1.58,3.06,5.01,12.56,2,SL,-40.98,2026-08-21 10:00,6072.050000000001,2026-08-21,2026-08
Div,H1,2026-08-21 06:00,SELL,4543.62,4543.62,4582.42,4369.17,4473.84,False,71.96,18.86,0.01,1.58,3.06,5.01,12.56,1,SL,-38.8,2026-08-21 10:00,6033.250000000001,2026-08-21,2026-08
Div,H1,2026-08-21 07:00,SELL,4543.62,4543.62,4581.35,4369.83,4474.1,False,66.68,18.26,0.01,1.79,3.33,13.05,26.91,1,SL,-37.73,2026-08-21 10:00,5995.52,2026-08-21,2026-08
Div,H1,2026-08-21 08:00,SELL,4547.99,4547.99,4584.51,4367.88,4475.94,False,67.16,17.63,0.01,1.86,3.47,7.31,22.03,1,SL,-36.52,2026-08-21 10:00,5959.000000000001,2026-08-21,2026-08
Div,H1,2026-08-21 09:00,SELL,4556.31,4556.31,4591.58,4363.51,4479.19,False,75.55,16.74,0.01,1.84,3.52,3.36,9.56,1,SL,-35.27,2026-08-21 11:00,5923.730000000001,2026-08-21,2026-08
Div,H1,2026-08-21 10:00,SELL,4567.61,4567.61,4601.09,4357.63,4483.62,False,77.64,17.68,0.01,2.17,3.94,19.77,25.81,1,SL,-33.48,2026-08-21 11:00,5890.250000000001,2026-08-21,2026-08
Div,H1,2026-08-21 11:00,SELL,4568.09,4568.09,4603.45,4356.17,4483.32,False,76.2,18.01,0.01,2.03,3.88,1.55,21.61,1,SL,-35.36,2026-08-21 13:00,5854.890000000001,2026-08-21,2026-08
Div,H1,2026-08-21 12:00,SELL,4584.98,4584.98,4621.0,4345.33,4489.12,False,76.0,18.17,0.01,2.05,3.99,5.95,16.11,1,SL,-36.02,2026-08-21 18:00,5818.870000000001,2026-08-21,2026-08
Div,H1,2026-08-21 13:00,SELL,4601.99,4601.99,4638.34,4334.61,4495.04,False,84.63,18.54,0.01,2.13,4.16,8.48,17.37,1,SL,-36.35,2026-08-24 02:00,5782.52,2026-08-24,2026-08
Div,H1,2026-08-21 16:00,SELL,4601.99,4601.99,4639.06,4334.16,4494.86,False,83.17,21.72,0.01,1.71,3.97,10.62,23.77,3,SL,-37.07,2026-08-24 02:00,5745.450000000001,2026-08-24,2026-08
Div,H1,2026-08-21 17:00,SELL,4604.6,4604.6,4646.06,4329.84,4494.69,False,83.55,21.23,0.01,2.1,4.46,23.06,27.9,3,SL,-41.46,2026-08-24 04:00,5703.990000000001,2026-08-24,2026-08
Div,H1,2026-08-21 17:00,SELL,4604.6,4604.6,4647.16,4329.16,4494.42,False,83.55,21.23,0.01,2.1,4.46,23.06,27.9,2,SL,-42.56,2026-08-24 04:00,5661.43,2026-08-24,2026-08
Div,H1,2026-08-21 17:00,SELL,4604.6,4604.6,4648.04,4328.61,4494.2,False,83.55,21.23,0.01,2.1,4.46,23.06,27.9,1,SL,-43.44,2026-08-24 04:00,5617.990000000001,2026-08-24,2026-08
Div,H1,2026-08-21 18:00,SELL,4604.6,4604.6,4647.07,4423.51,4532.16,False,84.89,20.89,0.01,2.33,4.76,14.08,19.87,1,SL,-42.47,2026-08-24 04:00,5575.52,2026-08-24,2026-08
FollowDiv,H1,2026-08-24 02:00,SELL,4632.12,4632.12,4671.65,4408.32,4542.6,False,64.03,21.13,0.01,1.78,4.42,2.31,46.06,4,SL,-39.53,2026-08-24 15:00,5535.990000000001,2026-08-24,2026-08
Div,H1,2026-08-24 14:00,SELL,4659.8,4659.8,4702.61,4583.3,4629.2,False,78.32,21.81,0.01,1.89,4.97,4.97,22.64,1,TP,76.5,2026-08-26 17:00,5612.490000000001,2026-08-26,2026-08
Div,H1,2026-08-24 15:00,SELL,4670.1,4670.1,4713.72,4576.43,4632.63,False,74.16,22.15,0.01,1.85,4.97,1.94,24.71,1,TP,93.67,2026-08-27 12:00,5706.160000000001,2026-08-27,2026-08
Div,H1,2026-08-24 16:00,SELL,4670.1,4670.1,4714.4,4576.01,4632.47,False,77.82,20.52,0.01,1.89,5.06,5.7,23.31,1,TP,94.09,2026-08-27 12:00,5800.250000000001,2026-08-27,2026-08
Div,H1,2026-08-25 01:00,SELL,4680.94,4680.94,4721.99,4571.32,4637.09,False,68.26,20.34,0.01,1.57,5.04,12.18,15.9,8,TP,109.62,2026-08-27 12:00,5909.870000000001,2026-08-27,2026-08
FollowDiv,H1,2026-08-31 01:00,BUY,4445.43,4445.43,4386.47,4782.61,4580.3,False,11.49,30.72,0.01,-2.65,-2.12,2.74,30.86,1,SL,-58.96,2026-09-01 10:00,5850.910000000001,2026-09-01,2026-09
FollowDiv,H1,2026-09-01 10:00,BUY,4396.5,4396.5,4354.14,4802.59,4558.93,False,28.23,18.22,0.01,-2.31,-4.25,49.08,50.55,24,SL,-42.36,2026-09-01 14:00,5808.550000000001,2026-09-01,2026-09
Div,H1,2026-09-02 05:00,BUY,4288.46,4288.46,4247.23,4473.73,4362.57,False,28.87,20.45,0.01,-2.23,-5.44,0.45,21.74,1,TP,185.27,2026-09-03 14:00,5489.070000000003,2026-09-03,2026-09
