Time (BKK),Type,P&L,Reason,time,open,high,low,close,tick_volume,spread,real_volume,dt_bkk,dt_str,atr,atr_pct,range,body,body_pct,vol_ma20,vol_ratio,ema_50,ema_200,dist_ema50,dist_ema200,rsi,rsi_7,z_score,adx,di_diff,hour,dayofweek
2025-08-07 13:00,SELL,-214.49999999999815,SL,1754546400,3377.65,3380.96,3371.82,3375.48,7251,14,0,2025-08-07 13:00:00,2025-08-07 13:00,6.480000000000051,0.1919726972163974,9.139999999999873,2.1700000000000728,0.23741534556515825,7042.3,1.0294890179319354,3370.7881862209924,3355.3950434118665,4.691813779007589,20.084956588133537,44.41219158200294,58.40114887506059,0.450818403328448,17.66228893203543,-0.5842151675477112,13,3
2025-08-08 09:00,SELL,0.0,BE,1754618400,3390.43,3391.28,3381.38,3383.55,12207,14,0,2025-08-08 09:00:00,2025-08-08 09:00,11.626428571428505,0.3436162779160498,9.900000000000091,6.879999999999654,0.6949424753284907,8939.6,1.3653446077444467,3380.6706815247144,3361.141737481765,2.8793184752857997,22.408262518235006,57.5656944845509,40.76352067868512,-0.46711343526331595,24.314591213398813,8.564231738035348,9,4
2025-08-13 23:00,SELL,-282.457142857138,SL,1755100800,3363.15,3363.61,3354.38,3357.78,11022,14,0,2025-08-13 23:00:00,2025-08-13 23:00,7.64285714285711,0.22761637578570096,9.230000000000018,5.369999999999891,0.5817921799330322,8009.75,1.375901132852729,3357.31085327261,3361.4335717946005,0.4691467273901253,-3.6535717946003388,56.7482241515393,45.59086040699782,0.3932577325587632,19.99982883413067,6.4112149532707505,23,2
2025-08-26 01:00,SELL,-147.9428571428616,SL,1756144800,3373.89,3374.88,3370.89,3371.1,6045,14,0,2025-08-26 01:00:00,2025-08-26 01:00,4.812142857142979,0.14274696262771736,3.9900000000002365,2.7899999999999636,0.6992305957243673,5907.3,1.023136942944671,3357.3524767787026,3348.240757046759,13.747523221297342,22.859242953240937,54.61010299166238,60.72925398155901,0.8952921966938311,25.84516768734915,3.8889713522343463,1,1
2025-09-05 14:00,SELL,-241.07142857142208,SL,1757055600,3557.79,3558.08,3548.46,3552.51,15999,14,0,2025-09-05 14:00:00,2025-09-05 14:00,7.748571428571365,0.21811540090165446,9.61999999999989,5.279999999999745,0.5488508435463046,14746.9,1.0848324168186658,3541.045140026146,3473.0290186864004,11.464859973854345,79.48098131359984,49.7012696041825,49.71857410881896,0.529104848109284,29.000624696119797,-1.13384955752257,14,4
2025-09-18 02:00,SELL,-820.2571428571446,SL,1758135600,3686.9,3707.56,3646.16,3650.33,52085,14,0,2025-09-18 02:00:00,2025-09-18 02:00,12.397857142857188,0.3396366121106088,61.40000000000009,36.570000000000164,0.5956016358279564,15260.1,3.4129256737718774,3675.3087812780127,3631.492922389536,-24.978781278012775,18.837077610463894,32.594539015194584,36.431420149124165,-2.448681137512561,46.652731845038254,-21.829809298841816,2,3
2025-09-30 17:00,SELL,-1010.4285714285652,SL,1759226400,3816.27,3821.48,3793.22,3798.8,26434,14,0,2025-09-30 17:00:00,2025-09-30 17:00,14.07142857142854,0.37041772589840316,28.26000000000022,17.4699999999998,0.6181860644512817,15301.25,1.7274583803035501,3810.2541805319684,3747.539313338636,-11.454180531968177,51.26068666136416,39.495386625295886,23.443065299514174,-2.145914905367409,34.486972750295294,-15.182741116751231,17,1
2025-10-02 22:00,SELL,-835.1999999999998,SL,1759417200,3875.23,3876.73,3825.39,3839.89,41523,14,0,2025-10-02 22:00:00,2025-10-02 22:00,13.28000000000007,0.3458432403011563,51.340000000000146,35.340000000000146,0.6883508212878441,14650.0,2.8341410142652377,3859.748552313377,3794.0883759638364,-19.858552313377004,45.8016240361635,40.8701532912532,27.67217201620413,-2.6799906738328554,34.15807190105248,-16.56626506024073,22,3
2025-10-07 23:00,SELL,-527.7142857142871,SL,1759852800,3985.56,3990.96,3961.85,3966.1,39358,14,0,2025-10-07 23:00:00,2025-10-07 23:00,13.955714285714294,0.35187499774877823,29.110000000000127,19.460000000000036,0.6684965012143534,20657.65,1.9051583719168483,3939.6596090008807,3859.022243116905,26.440390999119245,107.07775688309493,53.69526819745273,63.6464497041417,0.116555198553449,27.54493574827726,3.296140853720747,23,1
2025-10-09 21:00,SELL,-707.7285714285745,SL,1760018400,4053.73,4057.92,4017.95,4019.14,44119,14,0,2025-10-09 21:00:00,2025-10-09 21:00,15.996428571428623,0.39800625435860965,39.970000000000255,34.590000000000146,0.8653968841709159,21865.85,2.01762027909827,4015.2117226636537,3918.738897079901,3.9282773363461274,100.40110292009877,53.22509872751201,44.674509803921595,-1.194638262030459,20.077418504868074,6.974771154275434,21,3
2025-10-10 00:00,SELL,-1271.7857142857156,SL,1760029200,4014.62,4021.64,3963.77,3968.32,41268,14,0,2025-10-10 00:00:00,2025-10-10 00:00,18.78928571428573,0.4734821212575026,57.86999999999989,46.29999999999973,0.8000677379164683,24667.15,1.6729264253703662,4013.672582789849,3921.2044918115025,-45.35258278984884,47.11550818849764,34.22768304914749,19.0765926986398,-3.267110883075521,17.25956138884748,-18.82911993917495,0,4
2025-10-14 13:00,SELL,-952.7999999999976,SL,1760421600,4168.09,4179.7,4110.97,4121.69,34112,14,0,2025-10-14 13:00:00,2025-10-14 13:00,18.634999999999895,0.4521203681014316,68.72999999999956,46.400000000000546,0.6751045029761463,19955.45,1.7093220487611773,4072.6802113242315,3978.4147313988487,49.00978867576805,143.27526860115086,59.11906920519768,53.13642756680711,0.3557365597819392,68.88919696600307,6.213346621181213,13,1
2025-10-16 13:00,SELL,-687.9285714285743,SL,1760594400,4233.39,4234.76,4203.6,4204.96,26733,15,0,2025-10-16 13:00:00,2025-10-16 13:00,15.871428571428558,0.377445411405306,31.159999999999854,28.43000000000029,0.9123847484443383,19549.05,1.3674133825744692,4174.587949785775,4053.4122430955517,30.372050214225055,151.5477569044483,52.245884869338745,43.86606228980825,-0.19646557783647975,20.74670590252791,-3.3303330333031695,13,3
2025-10-24 21:00,BUY,-1090.7285714285672,SL,1761314400,4082.12,4121.49,4079.14,4106.9,24991,14,0,2025-10-24 21:00:00,2025-10-24 21:00,23.391428571428605,0.5695641133562689,42.34999999999991,24.779999999999745,0.5851225853067595,12453.75,2.006543688151107,4111.991801668424,4141.646455070622,-5.091801668424523,-34.74645507062269,45.618664907335024,58.20312499999994,0.16035470154727577,26.57746855013462,2.8551361915225577,21,4
2025-10-25 01:00,SELL,0.0,BE,1761328800,4129.28,4134.39,4105.76,4107.61,16502,14,0,2025-10-25 01:00:00,2025-10-25 01:00,25.04285714285717,0.6096697871233435,28.63000000000011,21.670000000000073,0.756895714649966,13896.95,1.1873693602293862,4113.330420646768,4140.843401987275,-5.720420646768616,-33.2334019872751,45.58089164310197,76.78897222785287,0.2602261727284642,24.746791072758935,-2.8066172276102392,1,5
2025-10-29 22:00,SELL,-743.3857142857141,SL,1761750000,4008.36,4011.95,3989.54,3993.05,20696,14,0,2025-10-29 22:00:00,2025-10-29 22:00,18.66428571428573,0.4674192838628549,22.409999999999854,15.309999999999945,0.6831741045332259,13628.3,1.518493246168182,3994.9194784672095,4069.5421327592344,-1.8694784672093192,-76.49213275923421,56.519978401727904,29.026579827495368,0.2815394412237261,15.534175609438126,1.6570991197854852,22,2
2025-10-30 11:00,BUY,1937.8356457825796,TP,1761796800,3938.0,3982.51,3935.0,3972.71,20168,14,0,2025-10-30 11:00:00,2025-10-30 11:00,27.866428571428646,0.7014463318850015,47.51000000000022,34.710000000000036,0.7305814974079169,16245.4,1.2413827063226315,3979.0242594459187,4056.5142818870318,-6.314259445918651,-83.80428188703172,39.725459725459714,70.8990686181333,-0.17168174131889585,41.49523669867425,-15.228257247583944,11,3
2025-11-03 08:00,BUY,1574.4338104225426,TP,1762131600,3970.73,4001.79,3965.59,3995.95,18126,14,0,2025-11-03 08:00:00,2025-11-03 08:00,21.1935714285714,0.5303762917096411,36.19999999999982,25.2199999999998,0.6966831583338147,15435.95,1.1741956798460835,3998.344492427007,4037.9093045886034,-2.394492427007208,-41.95930458860357,45.83584994295671,59.32617187499994,-0.594250714069113,11.51796085053823,-9.918775909136368,8,0
2025-11-04 23:00,BUY,1205.9265591096027,TP,1762272000,3956.75,3975.46,3956.68,3969.0,17928,14,0,2025-11-04 23:00:00,2025-11-04 23:00,17.869285714285784,0.4502213583846254,18.7800000000002,12.25,0.6522861965591168,12344.6,1.452177293934681,3993.1189966655065,4024.702958223208,-24.11899666550653,-55.70295822320804,42.011514933429254,29.560095711393615,-1.2392564228555736,37.39863072816588,-20.37814286285319,23,1
2025-11-06 22:00,SELL,-636.5714285714284,SL,1762441200,3993.07,3993.7,3975.28,3980.32,23419,14,0,2025-11-06 22:00:00,2025-11-06 22:00,12.188571428571452,0.3062208925054129,18.419999999999618,12.75,0.6921786526674809,10163.45,2.3040105465617913,3986.415457243578,4007.7865649588916,-6.095457243578039,-27.466564958891468,51.71396977515678,24.61425422483478,-0.9052243481112303,18.8268910015786,3.3520862634790767,22,3
2025-11-14 13:00,SELL,0.0,BE,1763100000,4189.89,4193.39,4169.64,4174.87,15285,14,0,2025-11-14 13:00:00,2025-11-14 13:00,19.555000000000096,0.46839781837518524,23.75,15.020000000000437,0.6324183898173245,15806.65,0.9669368944783064,4178.775057585852,4100.809857575053,-3.905057585851864,74.06014242494712,40.0028862111264,40.33744999130323,-0.9146972268466242,34.089331766962296,-16.1339810790082,13,4
2025-11-17 14:00,BUY,-747.4571428571471,SL,1763362800,4066.03,4089.12,4065.2,4088.14,10111,14,0,2025-11-17 14:00:00,2025-11-17 14:00,18.162857142857224,0.44428168171484406,23.920000000000073,22.109999999999673,0.9243272394346013,15832.25,0.63859283469913,4127.610778564028,4100.842611809376,-39.47077856402802,-12.702611809375867,42.773487227361386,53.40364333652912,-0.028174779056322853,46.454705050576,-8.824917413874278,14,0
2025-11-19 23:00,SELL,-958.1857142857144,SL,1763568000,4096.62,4098.61,4067.8,4074.72,25603,14,0,2025-11-19 23:00:00,2025-11-19 23:00,18.834285714285638,0.4622228205689137,30.80999999999949,21.90000000000009,0.7108058721003974,13541.15,1.8906155964894793,4081.430489823922,4086.3877284462033,-6.710489823922217,-11.667728446203455,49.71288943188758,27.199621570482506,-0.6999991173181286,28.976395752705937,2.6054308252428626,23,2
2025-11-20 23:00,SELL,-1027.2571428571428,SL,1763654400,4070.36,4082.57,4044.8,4049.16,27110,14,0,2025-11-20 23:00:00,2025-11-20 23:00,22.38285714285715,0.5527777895380067,37.76999999999998,21.200000000000273,0.5612905446371675,15388.1,1.7616364829652156,4076.478722654301,4083.8906332155907,-27.318722654300927,-34.73063321559084,42.37854511181575,41.15835603458482,-1.7262837373769333,42.22161475864364,-5.769721725810545,23,3
2025-11-26 21:00,SELL,-587.3428571428576,SL,1764165600,4153.38,4156.83,4140.09,4142.45,19805,14,0,2025-11-26 21:00:00,2025-11-26 21:00,13.907142857142844,0.33572264860512124,16.73999999999978,10.930000000000291,0.652923220291422,11881.3,1.6667648519226077,4133.000617212486,4100.394707547488,9.449382787513969,42.05529245251182,49.68059482668311,34.842277755017875,-0.6713100743849716,32.77759334610513,2.8402670775546177,21,2
2025-12-01 21:00,SELL,-599.7857142857174,SL,1764597600,4247.34,4249.33,4219.63,4240.01,24129,14,0,2025-12-01 21:00:00,2025-12-01 21:00,17.71428571428578,0.4177887720615229,29.699999999999818,7.329999999999927,0.2468005158231781,15160.55,1.591459976057857,4206.343781985749,4145.43804969911,33.66621801425117,94.57195030089042,54.27191679049035,40.6338028169012,0.17374752664212303,41.71930219017778,1.4959677419358606,21,0
2025-12-03 23:00,SELL,-714.957142857138,SL,1764777600,4216.31,4225.07,4195.81,4200.97,20308,14,0,2025-12-03 23:00:00,2025-12-03 23:00,15.472857142856876,0.3683162970184713,29.25999999999931,15.340000000000146,0.5242634167347517,13635.6,1.489227520056319,4210.3862041411985,4170.9897021125325,-9.41620414119825,29.980297887467714,38.41155234657051,49.31440359179703,-1.2436163383572112,15.646093522817916,-6.190564121503552,23,2
2025-12-05 23:00,SELL,-713.1142857142913,SL,1764950400,4243.73,4245.75,4198.73,4214.26,25624,14,0,2025-12-05 23:00:00,2025-12-05 23:00,13.130714285714346,0.31157817234139196,47.02000000000044,29.469999999999345,0.626753239571993,11937.55,2.1463243023650276,4214.025054249143,4185.576672959931,0.23494575085715041,28.683327040069344,54.69650274688494,41.0327158060705,-0.4206630484746397,21.084355262458793,7.528694989935907,23,4
2025-12-12 23:00,SELL,-1106.157142857146,SL,1765555200,4290.44,4296.6,4257.58,4281.97,30210,14,0,2025-12-12 23:00:00,2025-12-12 23:00,19.542857142857297,0.4563987403661702,39.02000000000044,8.469999999999345,0.2170676138707807,15535.45,1.9444596416813364,4264.972722254657,4219.067931535926,16.997277745343126,62.902068464074546,53.38394160583946,34.16419731567011,-0.4911419297854584,49.515453564786355,1.3706140350873746,23,4
2025-12-19 00:00,SELL,-724.1714285714352,SL,1766077200,4360.37,4363.55,4321.96,4333.28,25470,14,0,2025-12-19 00:00:00,2025-12-19 00:00,15.548571428571579,0.358817603029843,41.590000000000146,27.090000000000146,0.6513569335010027,13566.85,1.877231838500573,4325.850724086887,4280.778271753394,7.429275913113088,52.501728246606035,50.0872262066289,54.50697780828197,0.03696791136156477,23.23929307351684,7.028665931643211,0,4
2025-12-24 04:00,SELL,-471.1999999999989,SL,1766523600,4497.56,4498.86,4483.01,4484.65,6583,14,0,2025-12-24 04:00:00,2025-12-24 04:00,15.954999999999798,0.35576912356593715,15.849999999999454,12.910000000000764,0.8145059021710405,14206.55,0.4633451932247291,4441.653703833822,4351.117520688107,42.99629616617767,133.53247931189253,49.24334791651705,78.60458152417954,0.26607677625848614,34.86739669949713,-6.666069749742409,4,2
2025-12-24 09:00,SELL,0.0,BE,1766541600,4518.81,4519.29,4475.19,4477.48,17412,14,0,2025-12-24 09:00:00,2025-12-24 09:00,20.646428571428455,0.4611171590141878,44.100000000000364,41.33000000000084,0.9371860834782799,14592.2,1.1931584573637035,4450.656695621449,4357.065553806959,26.823304378550347,120.41444619304093,45.76119087837835,46.60758247168873,-0.4678915933542801,20.757720583966197,-8.040131465144405,9,2
2025-12-27 00:00,SELL,1601.2553215618482,TP,1766768400,4536.35,4537.57,4510.08,4519.21,21034,14,0,2025-12-27 00:00:00,2025-12-27 00:00,14.987857142857008,0.3316477247761668,27.48999999999978,17.140000000000327,0.6234971862597977,14832.4,1.4180160988040504,4493.087474478935,4400.027255137318,26.122525521064745,119.18274486268183,58.15927515498319,53.01571211353283,0.4375089996114416,32.97879771333057,9.798408235238329,0,5
2025-12-30 21:00,SELL,-798.4000000000015,SL,1767103200,4388.42,4392.18,4355.86,4366.28,25082,14,0,2025-12-30 21:00:00,2025-12-30 21:00,20.920000000000137,0.47912639592513856,36.32000000000062,22.140000000000327,0.6095798194388217,15460.7,1.6222019570939805,4411.520037588538,4403.809056145961,-45.240037588538144,-37.529056145961476,59.16349809885904,46.11412016626781,0.20588574877950738,48.295592472767545,2.888555039606345,21,1
2025-12-31 08:00,BUY,-800.2428571428572,SL,1767142800,4342.52,4373.28,4336.95,4365.93,20339,14,0,2025-12-31 08:00:00,2025-12-31 08:00,21.482142857142794,0.4920404783664143,36.32999999999993,23.409999999999854,0.6443692695588479,17050.95,1.192766809661065,4392.693143240377,4399.173669742463,-26.76314324037685,-33.24366974246277,42.899962532783974,46.44351464435147,-0.034318122502367876,27.796804093872314,-8.93433083956774,8,2
2026-01-06 12:00,SELL,-520.285714285701,SL,1767675600,4467.41,4474.19,4449.44,4452.14,15995,14,0,2026-01-06 12:00:00,2026-01-06 12:00,14.989285714285545,0.3366759741222321,24.75,15.269999999999527,0.6169672041728933,15074.55,1.0609894829707707,4412.031511723659,4393.319179482489,40.10848827634163,58.82082051751149,57.80876494023922,53.03933253873719,0.6929806069569638,23.301683510965667,9.401953776506494,12,1
2026-01-14 00:00,SELL,-806.0000000000036,SL,1768323600,4613.45,4616.06,4586.61,4590.44,17619,14,0,2026-01-14 00:00:00,2026-01-14 00:00,18.249999999999936,0.39756537499673095,29.450000000000728,23.01000000000022,0.7813216253934503,13486.8,1.3062916116787022,4572.918541333145,4489.272847562126,17.521458666854414,101.16715243787348,48.42578710644652,52.44932432432399,-0.385069019269979,43.364485515068466,0.2622309197648427,0,2
2026-01-14 21:00,SELL,-535.4999999999927,SL,1768399200,4635.74,4638.95,4606.95,4617.63,24545,14,0,2026-01-14 21:00:00,2026-01-14 21:00,14.634999999999893,0.3169374765843061,32.0,18.109999999999673,0.5659357314508289,13661.55,1.796516755656887,4599.9074421906935,4512.913544265554,17.722557809306636,104.71645573444584,54.623471358077595,32.10678210678233,-0.07149404893343612,30.381114096773615,1.3568256137434034,21,2
2026-01-27 08:00,BUY,2838.841363346255,TP,1769475600,5032.87,5075.97,5018.77,5060.29,22954,14,0,2026-01-27 08:00:00,2026-01-27 08:00,39.313571428571514,0.7769035258566508,57.19999999999982,27.420000000000073,0.47936979131155644,20468.2,1.121392140386532,5009.084600882198,4819.865622171487,51.20539911780179,240.42437782851266,44.54064955838381,40.70824765821339,-0.41238429236358776,44.6969986398553,-18.583186467777306,8,1
2026-02-10 00:00,SELL,0.0,BE,1770656400,5073.58,5075.66,5040.95,5046.34,15701,15,0,2026-02-10 00:00:00,2026-02-10 00:00,30.053571428571363,0.5955518539886603,34.710000000000036,27.23999999999978,0.7847859844828955,16197.4,0.9692932635322007,4966.085430600125,4953.591038191341,80.25456939987544,92.74896180865926,56.298157453936405,72.65516395453442,1.065122466299185,27.503175184293983,6.602495543672186,0,1
2026-02-10 22:00,SELL,0.0,BE,1770735600,5039.69,5047.98,4998.93,5019.67,25096,22,0,2026-02-10 22:00:00,2026-02-10 22:00,28.16928571428577,0.5611780398768399,49.04999999999927,20.019999999999527,0.4081541118162822,14603.4,1.7183862397633591,5008.747667791436,4970.364282709642,10.922332208564512,49.30571729035819,45.374111745854954,37.37831107086262,-1.3359759407123122,19.05858069544891,3.3293607525932245,22,1
2026-02-12 21:00,SELL,0.0,BE,1770904800,5075.32,5077.79,5039.44,5044.56,21673,22,0,2026-02-12 21:00:00,2026-02-12 21:00,20.627857142857206,0.40891291099436233,38.350000000000364,30.75999999999931,0.8020839580600576,12515.25,1.731588934385299,5054.95911246395,5003.415191798621,-10.399112463949677,41.14480820137942,43.4115851442695,38.565958927949794,-2.1391576651584776,24.07850096894588,-3.611620901001764,21,3
2026-02-12 23:00,SELL,-1959.0571428571457,SL,1770912000,5060.33,5068.17,4878.45,4955.87,30943,22,0,2026-02-12 23:00:00,2026-02-12 23:00,34.03785714285713,0.6868190074166015,189.72000000000025,104.46000000000004,0.5506005952980201,13305.45,2.3254136152016502,5051.271483670105,5003.501703185991,-95.40148367010534,-47.63170318599077,28.345589681072767,20.273694880892023,-3.9513058258944755,22.51949399010599,-36.837135122658324,23,3
2026-02-16 14:00,BUY,-874.2857142857065,SL,1771225200,4994.82,5009.98,4989.21,5007.33,6847,15,0,2026-02-16 14:00:00,2026-02-16 14:00,22.86428571428561,0.4566163147682619,20.769999999999527,12.510000000000218,0.6023081256229148,13223.2,0.5177628892484989,5004.245586449034,4997.265266261014,3.084413550966019,10.064733738985524,49.84650574851014,45.75211091420848,0.18265799412452968,27.551915604057704,-5.61699468915981,14,0
2026-02-19 17:00,SELL,-600.1571428571424,SL,1771495200,4995.65,4996.17,4981.63,4993.33,7997,16,0,2026-02-19 17:00:00,2026-02-19 17:00,15.712857142857112,0.31467692187091806,14.539999999999964,2.319999999999709,0.15955873756024475,9010.8,0.8873920859317784,4964.472462921963,4974.125959730768,28.85753707803724,19.204040269231882,54.78009345101241,57.73714891361955,0.2328021765075443,25.00220234915499,1.8456223293024365,17,3
2026-02-24 08:00,SELL,-1278.428571428576,SL,1771894800,5223.99,5224.05,5145.27,5177.4,26855,16,0,2026-02-24 08:00:00,2026-02-24 08:00,27.7514285714286,0.5360109045356473,78.77999999999975,46.590000000000146,0.5913930040708287,13032.6,2.060443776086423,5126.087685411323,5032.554853273943,51.3123145886766,144.84514672605656,53.36281126367232,35.32070391383752,-0.19996003874288443,45.1268563335931,0.4478533923611643,8,1
2026-02-24 22:00,BUY,1657.3560588275996,TP,1771945200,5128.61,5155.24,5118.11,5150.31,21151,16,0,2026-02-24 22:00:00,2026-02-24 22:00,24.63571428571439,0.47833459123265176,37.13000000000011,21.700000000000728,0.5844314989725495,13588.9,1.556376426610939,5141.429467801909,5049.694463456826,8.880532198091714,100.61553654317413,41.75944515422563,37.960457856399934,-0.922485505055042,41.17249468836842,-20.426210495795747,22,1
2026-02-26 03:00,SELL,-1090.3857142857123,SL,1772049600,5204.88,5206.32,5145.98,5152.19,17402,16,0,2026-02-26 03:00:00,2026-02-26 03:00,21.76928571428581,0.4225249013387669,60.340000000000146,52.69000000000051,0.873216981741833,12712.3,1.3688027498761142,5169.186362035752,5081.424741864666,-16.9963620357521,70.76525813533317,34.83234431972505,32.240025809226054,-2.6701147345690894,23.09536646334194,-24.77606063588992,3,3
2026-02-26 22:00,BUY,1442.8691201049603,TP,1772118000,5164.87,5192.89,5130.57,5185.8,27063,16,0,2026-02-26 22:00:00,2026-02-26 22:00,22.15214285714293,0.4271692478912208,62.32000000000062,20.93000000000029,0.3358467011445759,13637.8,1.9842654779012818,5175.047856769846,5097.843051137413,10.752143230154616,87.95694886258752,47.72655758338587,53.650975889782174,0.346091386741421,20.924840110328457,-8.270725179763769,22,3
2026-03-16 21:00,SELL,2964.8835767912533,TP,1773669600,5029.73,5037.83,4988.02,4996.16,22410,17,0,2026-03-16 21:00:00,2026-03-16 21:00,26.548571428571254,0.5313795280489667,49.80999999999949,33.56999999999971,0.673959698936562,15719.05,1.4255679848346539,5057.602068209787,5120.846031544061,-61.44206820978707,-124.68603154406082,41.86978480456748,50.336896954451525,-0.8985842759544197,49.95098942825516,-4.267111493757522,21,0
2026-03-16 22:00,SELL,2671.92448057177,TP,1773673200,4996.03,5005.74,4983.89,4986.98,18268,17,0,2026-03-16 22:00:00,2026-03-16 22:00,24.969285714285498,0.5006895097691488,21.849999999999454,9.050000000000182,0.41418574743366887,15919.9,1.1474225703320793,5054.832575338815,5119.514031230189,-67.85257533881577,-132.5340312301896,41.994273758396496,48.226889309691515,-1.4079626130571155,45.68109796760575,-1.6706239093739121,22,0
2026-03-17 12:00,SELL,2182.6778279649534,TP,1773723600,5037.93,5044.53,5020.13,5020.77,12757,17,0,2026-03-17 12:00:00,2026-03-17 12:00,19.001428571428473,0.3784564632801039,24.399999999999636,17.159999999999854,0.7032758062467003,13411.7,0.9511134969096453,5038.546385446982,5106.58097714296,-17.776385446981294,-85.81097714295993,59.53802030850343,61.14271879917736,0.7308814732403008,6.9891004158268215,6.029621832944908,12,1
2026-03-17 13:00,SELL,2038.5657879775408,TP,1773727200,5020.69,5022.84,5005.19,5010.18,15606,16,0,2026-03-17 13:00:00,2026-03-17 13:00,18.70142857142855,0.3732685965659627,17.650000000000546,10.509999999999309,0.5954640483622746,13504.45,1.1555335068435335,5037.433978174551,5105.6217634400455,-27.253978174550866,-95.44176344004518,58.89434135868759,48.34845735027249,-0.014047820561787123,7.086673913143796,1.9975555725305831,13,1
2026-03-18 14:00,SELL,1535.0278862815867,TP,1773817200,5009.46,5014.95,4990.42,4995.0,8652,17,0,2026-03-18 14:00:00,2026-03-18 14:00,13.722857142857135,0.2747318747318746,24.529999999999745,14.460000000000036,0.5894798635146284,11794.45,0.7335031728335926,5015.501021481769,5083.740457812853,-20.501021481769385,-88.74045781285258,44.99207378584813,41.414516428438674,-0.9016955133294094,35.503107693328985,0.39038101186758567,14,2
2026-03-31 08:00,BUY,2252.2458721933253,TP,1774918800,4513.76,4548.25,4482.8,4547.59,21861,16,0,2026-03-31 08:00:00,2026-03-31 08:00,32.20000000000001,0.7080673499589895,65.44999999999982,33.82999999999993,0.5168823271469413,17050.0,1.2820948917952026,4499.4911124201435,4580.229059731165,48.09888757985664,-32.63905973116471,53.60071637289089,53.98664161970376,0.993300181176503,29.157782938077084,1.6259982253770922,8,1
2026-04-07 12:00,BUY,1476.3101445841858,TP,1775538000,4649.66,4664.15,4645.63,4659.56,7465,16,0,2026-04-07 12:00:00,2026-04-07 12:00,21.160000000000114,0.45412013151456604,18.519999999999527,9.900000000000546,0.5345543490586335,12989.45,0.5746529181052235,4659.625841151197,4632.884440526381,-0.06584115119676426,26.675559473619614,41.646191646191944,56.941331575478145,-0.31002473310248846,26.5214130049825,-7.483796921415054,12,1
2026-04-08 01:00,BUY,0.0,BE,1775584800,4657.09,4686.72,4653.93,4676.0,19102,15,0,2026-04-08 01:00:00,2026-04-08 01:00,30.811428571428547,0.6589270438714403,32.789999999999964,18.909999999999854,0.5766984547165112,16268.9,1.1740699082354533,4658.160332448322,4635.688168477747,17.83966755167785,40.31183152225276,56.959008579599534,65.5652400156108,1.6739269859420483,26.913210013963806,-2.6149851632051124,1,2
2026-04-13 08:00,BUY,1924.5143309188095,TP,1776042000,4671.47,4698.63,4664.67,4695.54,11511,15,0,2026-04-13 08:00:00,2026-04-13 08:00,27.117857142857183,0.5775237170348284,33.960000000000036,24.06999999999971,0.7087729423647069,13563.3,0.8486246986575054,4744.4364269904645,4698.177312106635,-48.89642699046453,-2.6373121066353633,35.10762379387111,27.42244857464084,-1.5746844158825661,19.381030133578726,-20.018438035032716,8,0
2026-04-21 09:00,SELL,1907.7103151050237,TP,1776736800,4824.0,4824.58,4805.73,4810.17,17240,14,0,2026-04-21 09:00:00,2026-04-21 09:00,16.79714285714285,0.34920060740353975,18.850000000000364,13.829999999999927,0.7336831104344094,14111.5,1.2216120460584587,4809.160495430288,4776.20375284645,1.0095045697116802,33.966247153550285,56.90203255948367,54.0162980209544,0.26676348560237767,48.439107692371735,13.139989794182537,9,1
2026-04-29 23:00,BUY,0.0,BE,1777478400,4539.41,4558.88,4536.28,4547.61,23606,15,0,2026-04-29 23:00:00,2026-04-29 23:00,21.24357142857155,0.46713705503707553,22.600000000000364,8.199999999999818,0.3628302529634686,14382.05,1.6412374287790144,4608.592174527738,4689.029250345085,-60.98217452773861,-141.41925034508495,38.90378313970822,37.895434741428204,-1.1894168234877054,39.52526834566168,-23.607141656299266,23,2
2026-05-01 13:00,SELL,0.0,BE,1777615200,4609.16,4616.15,4602.94,4604.93,7654,14,0,2026-05-01 13:00:00,2026-05-01 13:00,12.550714285714482,0.27254951292884977,13.210000000000036,4.229999999999563,0.3202095366423836,14050.45,0.5447124673966032,4606.051218198375,4661.551427732976,-1.1212181983746632,-56.62142773297546,41.61111738786602,20.187134502924238,-1.7112136076842819,27.083808830525392,-0.9504296852779355,13,4
2026-05-07 23:00,SELL,2318.023178167432,TP,1778169600,4762.78,4764.74,4726.45,4729.24,23120,16,0,2026-05-07 23:00:00,2026-05-07 23:00,20.98571428571417,0.44374390569550654,38.289999999999964,33.539999999999964,0.8759444347233356,13991.5,1.6523137395033054,4680.243532236165,4644.991387388906,48.99646776383452,84.24861261109345,54.685877466251206,48.83387622149838,0.4050308888042211,47.451907973988746,15.268890401633739,23,3
2026-05-08 00:00,SELL,2233.8871244341044,TP,1778173200,4729.28,4729.72,4704.63,4715.04,24737,15,0,2026-05-08 00:00:00,2026-05-08 00:00,21.439999999999923,0.4547151243679783,25.090000000000146,14.239999999999782,0.5675545334613931,14642.25,1.6893107745889744,4681.608099599453,4645.688388509415,33.43190040054651,69.35161149058513,52.42005723528674,42.12655951444289,-0.2522662582833692,48.59567547506489,7.6759061833688875,0,4
2026-05-08 22:00,SELL,2548.4541138120767,TP,1778252400,4747.92,4749.55,4713.41,4715.94,23166,14,0,2026-05-08 22:00:00,2026-05-08 22:00,22.646428571428583,0.4802102777267859,36.14000000000033,31.980000000000473,0.8848896378261316,14867.05,1.5581061403479273,4700.922328657898,4658.645760007867,15.017671342101494,57.29423999213304,54.37699296071211,54.7570970424036,0.16134194139099947,21.762673209082283,7.497240182936006,22,4
2026-05-08 23:00,SELL,2406.111371544166,TP,1778256000,4715.88,4720.89,4702.07,4707.11,19746,14,0,2026-05-08 23:00:00,2026-05-08 23:00,22.2221428571429,0.4720973773109806,18.82000000000062,8.770000000000437,0.4659911477622408,14762.75,1.3374650749301498,4701.16498243602,4659.12799125157,5.945017563979491,47.98200874842951,44.861273935130725,44.94896163322748,-0.46420177521921147,20.864031353583506,-1.1442898010354217,23,4
2026-05-12 00:00,SELL,2519.4734004934435,TP,1778518800,4732.27,4733.5,4708.03,4716.52,14767,15,0,2026-05-12 00:00:00,2026-05-12 00:00,22.29642857142861,0.47273049984795157,25.470000000000255,15.75,0.6183721304588455,13805.55,1.0695648080077935,4696.75051264155,4666.508129814142,19.769487358450533,50.01187018585824,59.18896055831659,76.6449424158559,1.125855941285471,46.53394476448678,7.618132308184784,0,1
2026-05-13 09:00,SELL,2094.812131516128,TP,1778637600,4714.85,4717.02,4701.11,4702.55,16604,15,0,2026-05-13 09:00:00,2026-05-13 09:00,18.349285714285738,0.3901986308340313,15.910000000000764,12.300000000000182,0.7730938209061912,14996.15,1.107143690634554,4703.998831376915,4678.070582051996,-1.4488313769152228,24.479417948004084,53.38539503198494,71.59256559766814,0.2571019072391513,45.048259076608296,-3.764257075012317,9,2
2026-05-13 10:00,SELL,1969.0700357127664,TP,1778641200,4702.48,4707.61,4687.6,4691.85,14457,15,0,2026-05-13 10:00:00,2026-05-13 10:00,18.202142857142853,0.3879523611612232,20.00999999999931,10.6299999999992,0.5312317279773497,15048.6,0.9606235381671273,4703.522406617036,4678.207690688295,-11.672406617035449,13.642309311705503,43.77682403433473,45.76026408087497,-0.3323844806058717,44.037824460180595,-9.406270847230875,10,2
2026-05-19 10:00,SELL,0.0,BE,1779159600,4563.87,4563.87,4546.03,4547.16,15069,16,0,2026-05-19 10:00:00,2026-05-19 10:00,20.166428571428632,0.4434950292364604,17.840000000000146,16.710000000000036,0.9366539425227381,16306.3,0.9240646826881214,4573.183515435554,4632.833853264075,-26.023515435554145,-85.67385326407475,48.893460507449596,57.03658536585372,-0.5986817845592952,16.760347770751082,-0.2302270392798249,10,1
2026-05-26 01:00,SELL,1274.4818675382155,TP,1779732000,4573.42,4577.8,4563.25,4565.01,5818,16,0,2026-05-26 01:00:00,2026-05-26 01:00,11.009999999999893,0.24118238514263698,14.550000000000182,8.409999999999854,0.578002900323692,10351.45,0.5619925718066737,4545.8570101193845,4566.240224753093,19.152989880615678,-1.2302247530924433,53.4682465716948,43.0107526881729,-0.005031974042289395,37.39471910464379,-5.053847151939824,1,1
2026-05-26 08:00,SELL,1225.565144638831,TP,1779757200,4559.82,4560.15,4539.56,4549.63,13643,16,0,2026-05-26 08:00:00,2026-05-26 08:00,12.017142857142776,0.264134508897268,20.589999999999236,10.1899999999996,0.4948980335209629,9206.15,1.4817831793768974,4548.449919160309,4566.14026259267,1.1800808396910725,-16.510262592670188,40.79299440525403,32.89682539682549,-2.2789851322041645,29.938194401606015,-16.524013314312562,8,1
2026-05-26 09:00,SELL,1198.4525244157612,TP,1779760800,4549.67,4550.18,4527.74,4537.02,19244,16,0,2026-05-26 09:00:00,2026-05-26 09:00,12.79428571428564,0.2819975603873388,22.44000000000051,12.649999999999636,0.5637229780615661,9555.5,2.013707947470308,4548.001687036375,4565.850508736027,-10.981687036374751,-28.830508736026786,38.88695652173949,21.265050025436835,-2.9295371564954538,30.0761741733103,-22.1192496650291,9,1
2026-06-04 22:00,SELL,2216.972877011467,TP,1780585200,4495.81,4499.89,4457.33,4465.83,22761,16,0,2026-06-04 22:00:00,2026-06-04 22:00,21.29857142857145,0.4769230227879577,42.5600000000004,29.980000000000473,0.7044156381211555,12832.15,1.7736097528665995,4473.903032670364,4497.622105366696,-8.073032670364228,-31.792105366695978,55.08862542551944,52.158948685857496,-0.0673985899716719,40.49169227152179,6.911932389831225,22,3
2026-06-05 21:00,SELL,1621.5988301510606,TP,1780668000,4406.15,4421.04,4365.58,4365.73,27037,16,0,2026-06-05 21:00:00,2026-06-05 21:00,21.375714285714107,0.48962520095640616,55.460000000000036,40.42000000000007,0.7288122451997029,12424.45,2.1759372899975453,4460.807891302558,4489.1610559292585,-95.07789130255878,-123.43105592925895,21.007845503922795,14.247025030775859,-3.2254646385011756,49.922791226485664,-34.194346053599446,21,4
2026-06-09 14:00,SELL,1435.872624696913,TP,1780988400,4343.46,4348.84,4330.29,4330.63,13434,16,0,2026-06-09 14:00:00,2026-06-09 14:00,12.903571428571468,0.2979606068533093,18.550000000000182,12.829999999999927,0.6916404763316533,14552.6,0.9230705804749341,4355.200815251504,4436.541762347275,-24.570815251503518,-105.91176234727482,42.714025500911006,63.32845494459496,-0.028467902964873306,14.775065393021146,-0.12178245225588569,14,1
2026-06-09 21:00,SELL,1634.9664249668876,TP,1781013600,4341.41,4363.54,4325.28,4328.98,21197,14,0,2026-06-09 21:00:00,2026-06-09 21:00,15.54928571428575,0.35919051865071566,38.26000000000022,12.430000000000291,0.3248815345490529,12101.35,1.7514780187318992,4349.969733190084,4429.582482246952,-20.989733190084735,-100.6024822469526,57.01466127401366,47.36337488015253,-0.4784744740418629,18.257139442648725,19.8631080894849,21,1
2026-06-09 22:00,SELL,1794.7162783450494,TP,1781017200,4328.99,4336.0,4278.75,4300.72,28456,14,0,2026-06-09 22:00:00,2026-06-09 22:00,19.022142857142885,0.44230135552053806,57.25,28.269999999999527,0.49379826410782734,12597.65,2.258654697130248,4348.038371104199,4428.300268493251,-47.31837110419838,-127.58026849325051,40.89226388229741,26.688276607239374,-3.054444611954699,16.263864205517887,-1.235402350643973,22,1
2026-06-09 23:00,SELL,1686.842609907717,TP,1781020800,4300.54,4302.01,4263.09,4272.81,28245,14,0,2026-06-09 23:00:00,2026-06-09 23:00,20.366428571428578,0.47665186543348703,38.92000000000007,27.729999999999563,0.7124853224940201,13281.25,2.126522238325585,4345.088238904034,4426.753101642571,-72.27823890403397,-153.94310164257058,22.638757827914716,17.771915097733313,-3.393563098977677,15.533062354417599,-11.934906884578867,23,1
2026-06-10 00:00,SELL,1769.3254739078884,TP,1781024400,4272.58,4281.08,4236.58,4252.19,30116,14,0,2026-06-10 00:00:00,2026-06-10 00:00,22.632857142857183,0.5322635428533811,44.5,20.390000000000327,0.4582012175253612,14040.65,2.144762189628712,4341.44517071172,4425.016155357571,-89.25517071171998,-172.82615535757122,19.306459872704707,9.295230346791683,-3.071622124376128,17.226291585480276,-19.781607018872457,0,2
2026-06-12 01:00,BUY,1590.372293591945,TP,1781200800,4080.24,4169.93,4071.93,4151.77,25451,15,0,2026-06-12 01:00:00,2026-06-12 01:00,28.63071428571428,0.6896026101088036,98.00000000000045,71.53000000000065,0.7298972143906008,18764.45,1.3562691009275023,4147.9326324426875,4314.606964581579,3.837367557312973,-162.8369645815783,72.0746911164535,76.3328223471303,3.0744652735559925,14.738577349182043,18.376867998902355,1,4
2026-06-16 00:00,SELL,1831.8047744406613,TP,1781542800,4356.27,4358.72,4334.61,4339.23,14164,16,0,2026-06-16 00:00:00,2026-06-16 00:00,16.742142857142817,0.3858321143876406,24.110000000000582,17.040000000000873,0.7067577488272742,12485.5,1.1343450927001162,4262.7905478951625,4296.071071458906,76.43945210483707,43.1589285410937,54.754814373634986,52.94655093650044,0.5484370399982194,60.791506514007345,4.675967404753177,0,1
2026-06-16 21:00,SELL,1555.3956230304357,TP,1781618400,4354.62,4354.85,4331.65,4331.72,21153,16,0,2026-06-16 21:00:00,2026-06-16 21:00,14.034285714285684,0.32398875537397803,23.200000000000728,22.899999999999636,0.9870647109279235,11637.0,1.8175803402646502,4299.842479158125,4301.918564559523,31.877520841875594,29.80143544047769,56.591692661303696,55.3127560775748,0.29268841695979,30.597809017173436,9.018729641693957,21,1
2026-06-16 22:00,SELL,0.0,BE,1781622000,4331.75,4338.73,4313.29,4324.07,21212,16,0,2026-06-16 22:00:00,2026-06-16 22:00,14.856428571428555,0.3435751172258672,25.4399999999996,7.680000000000291,0.3018856057955909,11976.9,1.7709281259653196,4300.792578014669,4302.138976852462,23.277421985330875,21.931023147537417,51.9641298309657,42.07203329028558,-0.26973217997515925,28.525711396452007,1.9231693831434242,22,1
2026-06-18 02:00,SELL,1904.9308474370216,TP,1781722800,4379.04,4379.05,4269.92,4286.11,32559,16,0,2026-06-18 02:00:00,2026-06-18 02:00,22.505714285714216,0.5250848504988024,109.13000000000011,92.93000000000029,0.8515524131289186,11928.65,2.7292502294702694,4323.961063777157,4310.016603655265,-37.851063777156924,-23.906603655264917,38.97046870766719,38.20553611199475,-2.6455678814397046,19.96276669861005,-12.739621683381852,2,3
2026-06-18 03:00,SELL,1976.0851819145364,TP,1781726400,4286.2,4295.39,4219.13,4235.78,31207,14,0,2026-06-18 03:00:00,2026-06-18 03:00,27.01571428571424,0.6377978621579554,76.26000000000022,50.42000000000007,0.6611583252578993,13352.05,2.3370690591288135,4320.50298284472,4309.277930982078,-84.72298284471981,-73.49793098207829,30.648597971533064,25.183944791190925,-3.269919113662455,21.986809738846425,-24.078578605044648,3,3
2026-06-22 10:00,SELL,2269.068083717993,TP,1782097200,4190.99,4200.37,4183.53,4188.5,14290,16,0,2026-06-22 10:00:00,2026-06-22 10:00,20.3485714285715,0.4858200173945684,16.840000000000146,2.4899999999997817,0.14786135474253478,11989.0,1.1918265221017514,4207.965016785057,4269.84029351133,-19.465016785056832,-81.34029351132995,55.58426643697955,69.86955138402814,1.5978267715255439,26.71508871206051,12.517551249648239,10,0
2026-06-22 11:00,SELL,2186.7632115945025,TP,1782100800,4188.52,4190.02,4170.71,4171.69,10945,16,0,2026-06-22 11:00:00,2026-06-22 11:00,21.02214285714295,0.5039238979200984,19.3100000000004,16.830000000000837,0.8715646216229066,11972.2,0.9141248788962014,4206.542467107211,4268.863673675396,-34.85246710721185,-97.17367367539646,52.36961696602446,57.53591886562086,0.6352277440307,24.458381397683702,7.760524616899943,11,0
2026-06-26 12:00,BUY,1560.6214948714478,TP,1782450000,4004.49,4015.2,3998.77,4011.37,13087,13,0,2026-06-26 12:00:00,2026-06-26 12:00,20.4728571428571,0.5103706998570837,16.429999999999836,6.880000000000109,0.41874364733021574,14993.45,0.8727895988182294,4031.3841659675127,4144.3772986671065,-20.01416596751278,-133.00729866710662,53.371868978805374,39.05146316851652,-0.06104618236312983,39.160724893880676,-4.65773498011302,12,4
2026-07-01 18:00,BUY,937.6763052059688,TP,1782903600,3984.54,3998.75,3981.42,3998.34,9109,13,0,2026-07-01 18:00:00,2026-07-01 18:00,14.650000000000025,0.36640205685359484,17.329999999999927,13.800000000000182,0.7963023871760833,11469.9,0.794096365585961,4008.8425195131153,4079.5525043481352,-10.502519513115203,-81.2125043481351,40.29752789324012,73.24790794979091,-0.03888701160102127,50.669107270299655,-21.91126279863458,18,2
2026-07-06 11:00,SELL,1667.470404660594,TP,1783310400,4174.22,4176.4,4161.05,4165.24,12172,14,0,2026-07-06 11:00:00,2026-07-06 11:00,16.040000000000028,0.3850918554513072,15.349999999999454,8.980000000000473,0.5850124754888106,10267.85,1.1853323400380762,4133.515325259769,4099.864621431144,31.724674740230512,65.37537856885592,42.33122875182115,50.213274185292626,-1.593099362488516,28.54570354653684,0.9039900249375385,11,0
2026-07-07 08:00,SELL,1382.061376232973,TP,1783386000,4157.24,4162.78,4145.4,4146.05,12802,13,0,2026-07-07 08:00:00,2026-07-07 08:00,12.6114285714286,0.3041793652133621,17.38000000000011,11.1899999999996,0.6438397937871203,10402.25,1.2305769831543028,4144.797042343034,4109.60213159467,1.2529576569659184,36.447868405330155,51.853317504287325,33.78815080789853,-0.8285881276526869,23.15167309510006,-8.116221114635191,8,1
2026-07-07 09:00,SELL,1417.549380398159,TP,1783389600,4146.03,4148.01,4125.88,4141.92,17991,13,0,2026-07-07 09:00:00,2026-07-07 09:00,13.214285714285714,0.3190376857661595,22.13000000000011,4.109999999999673,0.18571990185311646,10889.95,1.6519220086402011,4144.684217153112,4109.923702424574,-2.764217153111531,31.99629757542607,40.39900249376524,12.04208885424579,-1.161744006829793,25.582301355581873,-20.740540540540486,9,1
2026-07-07 22:00,SELL,1852.754451208375,TP,1783436400,4158.56,4163.63,4143.62,4154.23,23153,13,0,2026-07-07 22:00:00,2026-07-07 22:00,16.60357142857135,0.39967867519543576,20.01000000000022,4.330000000000837,0.2163907226850835,11671.15,1.9836105601795728,4143.118175284013,4113.532202430642,11.111824715986586,40.697797569357135,54.09655448717914,72.42535039609952,0.5362580930737394,34.785517106878,2.4263282426325823,22,1
2026-07-07 23:00,SELL,1678.8731135014632,TP,1783440000,4154.22,4155.57,4135.9,4139.08,19520,13,0,2026-07-07 23:00:00,2026-07-07 23:00,16.42785714285706,0.3968963427345463,19.670000000000073,15.140000000000327,0.7696961377929076,12141.5,1.6075766934321598,4142.959815468954,4113.786409371631,-3.8798154689538933,25.293590628369202,48.71910517770154,58.18661971830961,-0.32717679189571525,33.188340945986354,7.58293838862506,23,1
2026-07-16 23:00,BUY,1228.0969060659936,TP,1784217600,3997.92,4016.94,3989.36,4006.95,19967,14,0,2026-07-16 23:00:00,2026-07-16 23:00,17.317142857142795,0.43217766273955993,27.579999999999927,9.029999999999745,0.3274099803843992,14003.05,1.4258018216158899,4036.457011862321,4067.3098191701138,-29.50701186232118,-60.35981917011395,35.26982378854622,32.19616204690821,-1.1806501509229879,40.51125780122443,-15.888467249628826,23,3
2026-07-17 21:00,BUY,1227.6848946458722,TP,1784296800,3966.2,4003.63,3959.72,3997.09,25057,14,0,2026-07-17 21:00:00,2026-07-17 21:00,17.779999999999973,0.4448236091756746,43.91000000000031,30.890000000000327,0.7034827978073406,14700.95,1.704331738306823,4008.5888255531145,4052.0894309496653,-11.49882555311433,-54.99943094966511,53.96586345381522,48.5962976584529,1.2281090826562913,28.636273223073523,4.2021533022656286,21,4
2026-07-17 23:00,BUY,1069.623211148637,TP,1784304000,4001.2,4021.22,3997.82,4019.04,21534,14,0,2026-07-17 23:00:00,2026-07-17 23:00,18.462142857142776,0.4593669845819593,23.399999999999636,17.840000000000146,0.7623899043166663,15289.85,1.408293194949921,4008.721787832768,4051.2596508759116,10.318212167232105,-32.21965087591161,62.17429757126328,62.96257469336399,2.6024181754629727,24.988803578478436,7.142028088366022,23,4
2026-07-23 00:00,SELL,0.0,OPEN,1784739600,4159.44,4159.48,4144.5,4146.9,11131,16,0,2026-07-23 00:00:00,2026-07-23 00:00,15.967857142857222,0.38505527364675357,14.979999999999563,12.539999999999964,0.8371105666851576,12643.05,0.8803350192382979,4085.8774357340835,4058.3260282746564,61.02256426591612,88.5739717253432,56.37457984835445,68.05209513023752,1.1549177957975083,58.53185630803574,15.3567434578393,0,3
