idx,time,signal,outcome,rsi,rsi_7,adx,di_diff,vol_ratio,z_score,body_pct,atr_pct,dist_ema50,dist_ema200,upper_wick_pct,lower_wick_pct,range_atr_ratio,hour
101,2024-08-30 11:00,SELL,BE,39.52,54.31,24.35,-1.84,1.05,-1.1,0.93,0.18,-1.41,0.61,0.06,0.01,2.1,11
478,2024-09-24 06:00,SELL,LOSS,42.87,46.25,25.21,-0.58,1.4,-0.65,0.85,0.17,7.21,43.04,0.13,0.01,3.35,6
556,2024-09-27 15:00,SELL,BE,28.14,24.83,34.28,-19.68,1.99,-3.17,0.97,0.26,-13.28,24.39,0.03,0.01,2.52,15
673,2024-10-04 17:00,SELL,BE,39.22,39.66,35.87,-12.65,1.44,-1.86,0.66,0.36,-9.51,1.05,0.05,0.29,1.24,17
924,2024-10-21 15:00,SELL,LOSS,53.81,39.53,36.74,-1.68,1.98,-0.57,0.81,0.24,11.15,48.26,0.02,0.17,2.57,15
1126,2024-11-01 14:00,SELL,WIN,52.75,44.73,38.86,2.39,2.25,-0.58,0.47,0.25,-11.82,3.4,0.14,0.39,2.75,14
1357,2024-11-15 16:00,SELL,LOSS,42.04,47.05,20.21,-2.16,1.64,-1.33,0.77,0.3,-11.74,-69.1,0.22,0.01,1.45,16
1401,2024-11-19 14:00,SELL,LOSS,57.36,54.59,71.61,17.37,2.37,0.16,0.83,0.28,17.26,1.28,0.12,0.05,1.91,14
1480,2024-11-25 01:00,SELL,WIN,45.89,43.28,35.17,-6.53,1.85,-0.22,0.58,0.34,18.11,52.6,0.03,0.39,1.79,1
1707,2024-12-09 03:00,SELL,LOSS,50.23,54.51,20.51,-0.04,0.86,0.18,0.87,0.34,-0.36,-3.48,0.06,0.06,0.92,3
1734,2024-12-10 07:00,SELL,LOSS,44.96,48.54,43.54,-3.4,0.83,-0.07,0.76,0.18,10.02,17.91,0.11,0.13,1.47,7
2026,2024-12-30 04:00,SELL,BE,54.3,66.73,34.55,-1.6,0.47,0.05,0.87,0.2,-1.98,-7.41,0.0,0.13,1.01,4
2338,2025-01-17 18:00,SELL,LOSS,40.8,45.97,41.29,-18.36,0.95,-1.49,0.88,0.2,0.73,25.1,0.09,0.03,1.44,18
2449,2025-01-24 16:00,SELL,BE,46.17,47.71,65.53,5.89,1.52,0.16,0.52,0.22,11.14,46.51,0.21,0.27,1.26,16
2566,2025-01-31 18:00,SELL,LOSS,53.34,47.87,38.96,17.66,1.88,-0.1,0.71,0.26,11.76,41.2,0.02,0.27,1.87,18
2679,2025-02-07 16:00,SELL,LOSS,43.54,41.0,25.88,-9.73,1.96,-0.67,0.94,0.3,0.9,41.72,0.05,0.01,2.41,16
2984,2025-02-27 01:00,SELL,WIN,49.78,45.38,30.38,-14.08,1.31,-0.21,0.65,0.23,-8.08,-7.38,0.15,0.2,1.1,1
2985,2025-02-27 02:00,SELL,BE,42.14,28.39,31.64,-19.83,1.05,-1.41,0.55,0.24,-13.35,-13.07,0.23,0.22,1.49,2
3066,2025-03-04 14:00,SELL,LOSS,57.02,53.29,25.16,12.78,2.31,0.29,0.97,0.33,14.04,5.75,0.02,0.01,2.03,14
3353,2025-03-21 01:00,SELL,BE,51.78,31.04,28.28,-4.81,1.11,-1.26,0.8,0.2,-1.03,43.68,0.2,0.0,1.47,1
3592,2025-04-04 15:00,SELL,BE,25.7,24.47,24.4,-21.01,2.01,-2.96,0.67,0.66,-67.2,-46.3,0.0,0.33,1.74,15
3637,2025-04-08 16:00,SELL,LOSS,50.96,42.78,30.12,2.32,1.43,0.19,0.43,0.38,-20.63,-55.43,0.56,0.01,0.98,16
3638,2025-04-08 17:00,SELL,LOSS,42.2,31.56,29.47,-8.79,1.53,-1.26,0.9,0.41,-34.67,-70.18,0.01,0.09,1.41,17
3726,2025-04-14 14:00,BUY,WIN,44.72,31.65,21.24,-11.89,1.52,-1.49,0.32,0.47,15.93,94.03,0.22,0.46,1.34,14
3794,2025-04-17 16:00,BUY,WIN,37.61,46.09,28.74,-12.99,1.19,-0.76,0.83,0.44,19.12,116.95,0.11,0.06,1.63,16
3891,2025-04-25 03:00,SELL,BE,43.89,41.27,19.9,-10.61,0.9,-1.23,0.79,0.45,-16.75,24.75,0.17,0.03,2.08,3
3911,2025-04-28 01:00,SELL,LOSS,45.89,47.85,45.38,-11.51,1.46,-1.25,0.92,0.51,-35.43,-17.62,0.03,0.05,2.15,1
4112,2025-05-09 04:00,BUY,LOSS,38.03,61.17,48.01,-26.17,0.72,-0.05,0.85,0.57,-19.14,0.97,0.15,0.0,1.03,4
4241,2025-05-19 01:00,SELL,LOSS,52.64,66.31,38.28,0.46,1.44,0.86,0.87,0.62,13.63,-30.22,0.01,0.12,1.6,1
4371,2025-05-27 01:00,SELL,WIN,48.24,46.68,37.46,-7.7,1.55,-0.64,0.6,0.21,3.17,41.99,0.14,0.26,2.23,1
4451,2025-05-30 15:00,BUY,WIN,37.58,43.04,19.49,-5.07,1.53,-1.01,0.36,0.43,-11.09,-8.41,0.24,0.4,1.19,15
4505,2025-06-04 03:00,SELL,LOSS,49.9,55.6,40.97,-3.66,0.75,0.5,0.69,0.32,9.98,39.58,0.22,0.09,0.85,3
4507,2025-06-04 05:00,SELL,LOSS,53.89,48.0,33.85,-2.52,1.01,-0.68,0.45,0.28,1.6,30.82,0.19,0.36,0.89,5
4538,2025-06-05 14:00,SELL,BE,42.45,47.07,37.45,-0.03,2.3,-0.98,0.56,0.36,1.03,33.72,0.25,0.2,1.61,14
4862,2025-06-26 11:00,SELL,BE,49.48,48.53,32.61,1.86,1.19,-0.39,0.82,0.23,-3.15,-20.45,0.07,0.11,1.64,11
6834,2025-10-24 18:00,SELL,BE,45.58,76.79,24.75,-2.81,1.19,0.26,0.76,0.61,-5.72,-33.23,0.18,0.06,1.14,18
6913,2025-10-30 04:00,BUY,WIN,39.73,70.9,41.5,-15.23,1.24,-0.17,0.73,0.7,-6.31,-83.8,0.21,0.06,1.7,4
6955,2025-11-03 01:00,BUY,WIN,45.84,59.33,11.52,-9.92,1.17,-0.59,0.7,0.53,-2.39,-41.96,0.16,0.14,1.71,1
7838,2025-12-26 17:00,SELL,WIN,58.16,53.02,32.98,9.8,1.42,0.44,0.62,0.33,26.12,119.18,0.04,0.33,1.83,17
7881,2025-12-30 14:00,SELL,BE,59.16,46.11,48.3,2.89,1.62,0.21,0.61,0.48,-45.24,-37.53,0.1,0.29,1.74,14
8303,2026-01-27 01:00,BUY,WIN,44.54,40.71,44.7,-18.58,1.12,-0.41,0.48,0.78,51.21,240.42,0.27,0.25,1.45,1
8526,2026-02-09 17:00,SELL,BE,56.3,72.66,27.5,6.6,0.97,1.07,0.78,0.6,80.25,92.75,0.06,0.16,1.15,17
8592,2026-02-12 14:00,SELL,BE,43.41,38.57,24.08,-3.61,1.73,-2.14,0.8,0.41,-10.4,41.14,0.06,0.13,1.86,14
8775,2026-02-24 15:00,BUY,BE,41.76,37.96,41.17,-20.43,1.56,-0.92,0.58,0.48,8.88,100.62,0.13,0.28,1.51,15
8821,2026-02-26 15:00,BUY,WIN,47.73,53.65,20.92,-8.27,1.98,0.35,0.34,0.43,10.75,87.96,0.11,0.55,2.81,15
8912,2026-03-04 14:00,SELL,WIN,52.61,35.17,22.02,-5.73,1.44,-0.2,0.44,0.6,-54.9,-31.37,0.37,0.19,1.49,14
8926,2026-03-05 05:00,SELL,BE,50.33,55.13,35.9,-2.63,0.75,-0.68,0.82,0.46,-35.01,-27.61,0.18,0.01,1.19,5
9097,2026-03-16 14:00,SELL,WIN,41.87,50.34,49.95,-4.27,1.43,-0.9,0.67,0.53,-61.44,-124.69,0.16,0.16,1.88,14
9098,2026-03-16 15:00,SELL,WIN,41.99,48.23,45.68,-1.67,1.15,-1.41,0.41,0.5,-67.85,-132.53,0.44,0.14,0.88,15
9111,2026-03-17 05:00,SELL,WIN,59.54,61.14,6.99,6.03,0.95,0.73,0.7,0.38,-17.78,-85.81,0.27,0.03,1.28,5
9112,2026-03-17 06:00,SELL,WIN,58.89,48.35,7.09,2.0,1.16,-0.01,0.6,0.37,-27.25,-95.44,0.12,0.28,0.94,6
9136,2026-03-18 07:00,SELL,WIN,44.99,41.41,35.5,0.39,0.73,-0.9,0.59,0.27,-20.5,-88.74,0.22,0.19,1.79,7
9336,2026-03-31 01:00,BUY,WIN,53.6,53.99,29.16,1.63,1.28,0.99,0.52,0.71,48.1,-32.64,0.01,0.47,2.03,1
9432,2026-04-07 05:00,BUY,WIN,41.65,56.94,26.52,-7.48,0.57,-0.31,0.53,0.45,-0.07,26.68,0.25,0.22,0.88,5
9445,2026-04-07 18:00,BUY,BE,56.96,65.57,26.91,-2.61,1.17,1.67,0.58,0.66,17.84,40.31,0.33,0.1,1.06,18
9520,2026-04-13 01:00,BUY,WIN,35.11,27.42,19.38,-20.02,0.85,-1.57,0.71,0.58,-48.9,-2.64,0.09,0.2,1.25,1
9659,2026-04-21 02:00,SELL,WIN,56.9,54.02,48.44,13.14,1.22,0.27,0.73,0.35,1.01,33.97,0.03,0.24,1.12,2
9811,2026-04-29 16:00,BUY,BE,38.9,37.9,39.53,-23.61,1.64,-1.19,0.36,0.47,-60.98,-141.42,0.5,0.14,1.06,16
9949,2026-05-07 16:00,SELL,WIN,54.69,48.83,47.45,15.27,1.65,0.41,0.88,0.44,49.0,84.25,0.05,0.07,1.82,16
9950,2026-05-07 17:00,SELL,WIN,52.42,42.13,48.6,7.68,1.69,-0.25,0.57,0.45,33.43,69.35,0.02,0.41,1.17,17
9971,2026-05-08 15:00,SELL,WIN,54.38,54.76,21.76,7.5,1.56,0.16,0.88,0.48,15.02,57.29,0.05,0.07,1.6,15
9972,2026-05-08 16:00,SELL,WIN,44.86,44.95,20.86,-1.14,1.34,-0.46,0.47,0.47,5.95,47.98,0.27,0.27,0.85,16
9996,2026-05-11 17:00,SELL,WIN,59.19,76.64,46.53,7.62,1.07,1.13,0.62,0.47,19.77,50.01,0.05,0.33,1.14,17
10027,2026-05-13 02:00,SELL,WIN,53.39,71.59,45.05,-3.76,1.11,0.26,0.77,0.39,-1.45,24.48,0.14,0.09,0.87,2
10028,2026-05-13 03:00,SELL,WIN,43.78,45.76,44.04,-9.41,0.96,-0.33,0.53,0.39,-11.67,13.64,0.26,0.21,1.1,3
10120,2026-05-19 03:00,SELL,BE,48.89,57.04,16.76,-0.23,0.92,-0.6,0.94,0.44,-26.02,-85.67,0.0,0.06,0.88,3
10227,2026-05-25 18:00,SELL,WIN,53.47,43.01,37.39,-5.05,0.56,-0.01,0.58,0.24,19.15,-1.23,0.3,0.12,1.32,18
10231,2026-05-26 01:00,SELL,WIN,40.79,32.9,29.94,-16.52,1.48,-2.28,0.49,0.26,1.18,-16.51,0.02,0.49,1.71,1
10232,2026-05-26 02:00,SELL,WIN,38.89,21.27,30.08,-22.12,2.01,-2.93,0.56,0.28,-10.98,-28.83,0.02,0.41,1.75,2
10406,2026-06-04 15:00,SELL,WIN,55.09,52.16,40.49,6.91,1.77,-0.07,0.7,0.48,-8.07,-31.79,0.1,0.2,2.0,15
10428,2026-06-05 14:00,SELL,WIN,21.01,14.25,49.92,-34.19,2.18,-3.23,0.73,0.49,-95.08,-123.43,0.27,0.0,2.59,14
10467,2026-06-09 07:00,SELL,WIN,42.71,63.33,14.78,-0.12,0.92,-0.03,0.69,0.3,-24.57,-105.91,0.29,0.02,1.44,7
10474,2026-06-09 14:00,SELL,WIN,57.01,47.36,18.26,19.86,1.75,-0.48,0.32,0.36,-20.99,-100.6,0.58,0.1,2.46,14
10475,2026-06-09 15:00,SELL,WIN,40.89,26.69,16.26,-1.24,2.26,-3.05,0.49,0.44,-47.32,-127.58,0.12,0.38,3.01,15
10476,2026-06-09 16:00,SELL,WIN,22.64,17.77,15.53,-11.93,2.13,-3.39,0.71,0.48,-72.28,-153.94,0.04,0.25,1.91,16
10477,2026-06-09 17:00,SELL,WIN,19.31,9.3,17.23,-19.78,2.14,-3.07,0.46,0.53,-89.26,-172.83,0.19,0.35,1.97,17
10524,2026-06-11 18:00,BUY,WIN,72.07,76.33,14.74,18.38,1.36,3.07,0.73,0.69,3.84,-162.84,0.19,0.08,3.42,18
10569,2026-06-15 17:00,SELL,WIN,54.75,52.95,60.79,4.68,1.13,0.55,0.71,0.39,76.44,43.16,0.1,0.19,1.44,17
10589,2026-06-16 14:00,SELL,WIN,56.59,55.31,30.6,9.02,1.82,0.29,0.99,0.32,31.88,29.8,0.01,0.0,1.65,14
10617,2026-06-17 19:00,SELL,WIN,38.97,38.21,19.96,-12.74,2.73,-2.65,0.85,0.53,-37.85,-23.91,0.0,0.15,4.85,19
10618,2026-06-17 20:00,SELL,WIN,30.65,25.18,21.99,-24.08,2.34,-3.27,0.66,0.64,-84.72,-73.5,0.12,0.22,2.82,20
10667,2026-06-22 03:00,SELL,WIN,55.58,69.87,26.72,12.52,1.19,1.6,0.15,0.49,-19.47,-81.34,0.56,0.3,0.83,3
10668,2026-06-22 04:00,SELL,WIN,52.37,57.54,24.46,7.76,0.91,0.64,0.87,0.5,-34.85,-97.17,0.08,0.05,0.92,4
10836,2026-07-01 11:00,BUY,WIN,40.3,73.25,50.67,-21.91,0.79,-0.04,0.8,0.37,-10.5,-81.21,0.02,0.18,1.18,11
10894,2026-07-06 04:00,SELL,WIN,42.33,50.21,28.55,0.9,1.19,-1.59,0.59,0.39,31.72,65.38,0.14,0.27,0.96,4
10914,2026-07-07 01:00,SELL,WIN,51.85,33.79,23.15,-8.12,1.23,-0.83,0.64,0.3,1.25,36.45,0.32,0.04,1.38,1
10915,2026-07-07 02:00,SELL,WIN,40.4,12.04,25.58,-20.74,1.65,-1.16,0.19,0.32,-2.76,32.0,0.09,0.72,1.67,2
10928,2026-07-07 15:00,SELL,WIN,54.1,72.43,34.79,2.43,1.98,0.54,0.22,0.4,11.11,40.7,0.25,0.53,1.21,15
10929,2026-07-07 16:00,SELL,WIN,48.72,58.19,33.19,7.58,1.61,-0.33,0.77,0.4,-3.88,25.29,0.07,0.16,1.2,16
11090,2026-07-16 16:00,BUY,WIN,35.27,32.2,40.51,-15.89,1.43,-1.18,0.33,0.43,-29.51,-60.36,0.36,0.31,1.59,16
11111,2026-07-17 14:00,BUY,WIN,53.97,48.6,28.64,4.2,1.7,1.23,0.7,0.44,-11.5,-55.0,0.15,0.15,2.47,14
11113,2026-07-17 16:00,BUY,WIN,62.17,62.96,24.99,7.14,1.41,2.6,0.76,0.46,10.32,-32.22,0.09,0.14,1.27,16
11183,2026-07-22 17:00,SELL,OPEN,56.37,68.05,58.53,15.36,0.88,1.15,0.84,0.39,61.02,88.57,0.0,0.16,0.94,17
